DATAFLOW,LAST UPDATE,freq,unit,airpol,src_nfr,geo,TIME_PERIOD,OBS_VALUE,OBS_FLAG,CONF_STATUS
ESTAT:ENV_AIR_EMIS(1.0),27/09/24 23:00:00,Annual,Tonne,Particulates < 2.5µm,National total for the entire territory (based on fuel sold),Austria,2013,18352,,
ESTAT:ENV_AIR_EMIS(1.0),27/09/24 23:00:00,Annual,Tonne,Particulates < 2.5µm,National total for the entire territory (based on fuel sold),Austria,2014,16778,,
ESTAT:ENV_AIR_EMIS(1.0),27/09/24 23:00:00,Annual,Tonne,Particulates < 2.5µm,National total for the entire territory (based on fuel sold),Austria,2015,16682,,
ESTAT:ENV_AIR_EMIS(1.0),27/09/24 23:00:00,Annual,Tonne,Particulates < 2.5µm,National total for the entire territory (based on fuel sold),Austria,2016,16378,,
ESTAT:ENV_AIR_EMIS(1.0),27/09/24 23:00:00,Annual,Tonne,Particulates < 2.5µm,National total for the entire territory (based on fuel sold),Austria,2017,16221,,
ESTAT:ENV_AIR_EMIS(1.0),27/09/24 23:00:00,Annual,Tonne,Particulates < 2.5µm,National total for the entire territory (based on fuel sold),Austria,2018,15200,,
ESTAT:ENV_AIR_EMIS(1.0),27/09/24 23:00:00,Annual,Tonne,Particulates < 2.5µm,National total for the entire territory (based on fuel sold),Austria,2019,14940,,
ESTAT:ENV_AIR_EMIS(1.0),27/09/24 23:00:00,Annual,Tonne,Particulates < 2.5µm,National total for the entire territory (based on fuel sold),Austria,2020,13703,,
ESTAT:ENV_AIR_EMIS(1.0),27/09/24 23:00:00,Annual,Tonne,Particulates < 2.5µm,National total for the entire territory (based on fuel sold),Austria,2021,14876,,
ESTAT:ENV_AIR_EMIS(1.0),27/09/24 23:00:00,Annual,Tonne,Particulates < 2.5µm,National total for the entire territory (based on fuel sold),Austria,2022,13448,,
ESTAT:ENV_AIR_EMIS(1.0),27/09/24 23:00:00,Annual,Tonne,Particulates < 2.5µm,National total for the entire territory (based on fuel sold),Belgium,2013,25721,,
ESTAT:ENV_AIR_EMIS(1.0),27/09/24 23:00:00,Annual,Tonne,Particulates < 2.5µm,National total for the entire territory (based on fuel sold),Belgium,2014,20898,,
ESTAT:ENV_AIR_EMIS(1.0),27/09/24 23:00:00,Annual,Tonne,Particulates < 2.5µm,National total for the entire territory (based on fuel sold),Belgium,2015,22180,,
ESTAT:ENV_AIR_EMIS(1.0),27/09/24 23:00:00,Annual,Tonne,Particulates < 2.5µm,National total for the entire territory (based on fuel sold),Belgium,2016,22049,,
ESTAT:ENV_AIR_EMIS(1.0),27/09/24 23:00:00,Annual,Tonne,Particulates < 2.5µm,National total for the entire territory (based on fuel sold),Belgium,2017,20409,,
ESTAT:ENV_AIR_EMIS(1.0),27/09/24 23:00:00,Annual,Tonne,Particulates < 2.5µm,National total for the entire territory (based on fuel sold),Belgium,2018,19185,,
ESTAT:ENV_AIR_EMIS(1.0),27/09/24 23:00:00,Annual,Tonne,Particulates < 2.5µm,National total for the entire territory (based on fuel sold),Belgium,2019,18353,,
ESTAT:ENV_AIR_EMIS(1.0),27/09/24 23:00:00,Annual,Tonne,Particulates < 2.5µm,National total for the entire territory (based on fuel sold),Belgium,2020,17003,,
ESTAT:ENV_AIR_EMIS(1.0),27/09/24 23:00:00,Annual,Tonne,Particulates < 2.5µm,National total for the entire territory (based on fuel sold),Belgium,2021,18512,,
ESTAT:ENV_AIR_EMIS(1.0),27/09/24 23:00:00,Annual,Tonne,Particulates < 2.5µm,National total for the entire territory (based on fuel sold),Belgium,2022,17247,,
ESTAT:ENV_AIR_EMIS(1.0),27/09/24 23:00:00,Annual,Tonne,Particulates < 2.5µm,National total for the entire territory (based on fuel sold),Bulgaria,2013,33897,,
ESTAT:ENV_AIR_EMIS(1.0),27/09/24 23:00:00,Annual,Tonne,Particulates < 2.5µm,National total for the entire territory (based on fuel sold),Bulgaria,2014,32709,,
ESTAT:ENV_AIR_EMIS(1.0),27/09/24 23:00:00,Annual,Tonne,Particulates < 2.5µm,National total for the entire territory (based on fuel sold),Bulgaria,2015,32358,,
ESTAT:ENV_AIR_EMIS(1.0),27/09/24 23:00:00,Annual,Tonne,Particulates < 2.5µm,National total for the entire territory (based on fuel sold),Bulgaria,2016,30809,,
ESTAT:ENV_AIR_EMIS(1.0),27/09/24 23:00:00,Annual,Tonne,Particulates < 2.5µm,National total for the entire territory (based on fuel sold),Bulgaria,2017,30166,,
ESTAT:ENV_AIR_EMIS(1.0),27/09/24 23:00:00,Annual,Tonne,Particulates < 2.5µm,National total for the entire territory (based on fuel sold),Bulgaria,2018,29261,,
ESTAT:ENV_AIR_EMIS(1.0),27/09/24 23:00:00,Annual,Tonne,Particulates < 2.5µm,National total for the entire territory (based on fuel sold),Bulgaria,2019,28401,,
ESTAT:ENV_AIR_EMIS(1.0),27/09/24 23:00:00,Annual,Tonne,Particulates < 2.5µm,National total for the entire territory (based on fuel sold),Bulgaria,2020,30432,,
ESTAT:ENV_AIR_EMIS(1.0),27/09/24 23:00:00,Annual,Tonne,Particulates < 2.5µm,National total for the entire territory (based on fuel sold),Bulgaria,2021,29960,,
ESTAT:ENV_AIR_EMIS(1.0),27/09/24 23:00:00,Annual,Tonne,Particulates < 2.5µm,National total for the entire territory (based on fuel sold),Bulgaria,2022,28018,,
ESTAT:ENV_AIR_EMIS(1.0),27/09/24 23:00:00,Annual,Tonne,Particulates < 2.5µm,National total for the entire territory (based on fuel sold),Switzerland,2013,9499,,
ESTAT:ENV_AIR_EMIS(1.0),27/09/24 23:00:00,Annual,Tonne,Particulates < 2.5µm,National total for the entire territory (based on fuel sold),Switzerland,2014,8206,,
ESTAT:ENV_AIR_EMIS(1.0),27/09/24 23:00:00,Annual,Tonne,Particulates < 2.5µm,National total for the entire territory (based on fuel sold),Switzerland,2015,8040,,
ESTAT:ENV_AIR_EMIS(1.0),27/09/24 23:00:00,Annual,Tonne,Particulates < 2.5µm,National total for the entire territory (based on fuel sold),Switzerland,2016,7979,,
ESTAT:ENV_AIR_EMIS(1.0),27/09/24 23:00:00,Annual,Tonne,Particulates < 2.5µm,National total for the entire territory (based on fuel sold),Switzerland,2017,7822,,
ESTAT:ENV_AIR_EMIS(1.0),27/09/24 23:00:00,Annual,Tonne,Particulates < 2.5µm,National total for the entire territory (based on fuel sold),Switzerland,2018,7441,,
ESTAT:ENV_AIR_EMIS(1.0),27/09/24 23:00:00,Annual,Tonne,Particulates < 2.5µm,National total for the entire territory (based on fuel sold),Switzerland,2019,7239,,
ESTAT:ENV_AIR_EMIS(1.0),27/09/24 23:00:00,Annual,Tonne,Particulates < 2.5µm,National total for the entire territory (based on fuel sold),Switzerland,2020,6836,,
ESTAT:ENV_AIR_EMIS(1.0),27/09/24 23:00:00,Annual,Tonne,Particulates < 2.5µm,National total for the entire territory (based on fuel sold),Switzerland,2021,7067,,
ESTAT:ENV_AIR_EMIS(1.0),27/09/24 23:00:00,Annual,Tonne,Particulates < 2.5µm,National total for the entire territory (based on fuel sold),Switzerland,2022,6538,,
ESTAT:ENV_AIR_EMIS(1.0),27/09/24 23:00:00,Annual,Tonne,Particulates < 2.5µm,National total for the entire territory (based on fuel sold),Cyprus,2013,950,,
ESTAT:ENV_AIR_EMIS(1.0),27/09/24 23:00:00,Annual,Tonne,Particulates < 2.5µm,National total for the entire territory (based on fuel sold),Cyprus,2014,880,,
ESTAT:ENV_AIR_EMIS(1.0),27/09/24 23:00:00,Annual,Tonne,Particulates < 2.5µm,National total for the entire territory (based on fuel sold),Cyprus,2015,918,,
ESTAT:ENV_AIR_EMIS(1.0),27/09/24 23:00:00,Annual,Tonne,Particulates < 2.5µm,National total for the entire territory (based on fuel sold),Cyprus,2016,998,,
ESTAT:ENV_AIR_EMIS(1.0),27/09/24 23:00:00,Annual,Tonne,Particulates < 2.5µm,National total for the entire territory (based on fuel sold),Cyprus,2017,992,,
ESTAT:ENV_AIR_EMIS(1.0),27/09/24 23:00:00,Annual,Tonne,Particulates < 2.5µm,National total for the entire territory (based on fuel sold),Cyprus,2018,993,,
ESTAT:ENV_AIR_EMIS(1.0),27/09/24 23:00:00,Annual,Tonne,Particulates < 2.5µm,National total for the entire territory (based on fuel sold),Cyprus,2019,1032,,
ESTAT:ENV_AIR_EMIS(1.0),27/09/24 23:00:00,Annual,Tonne,Particulates < 2.5µm,National total for the entire territory (based on fuel sold),Cyprus,2020,939,,
ESTAT:ENV_AIR_EMIS(1.0),27/09/24 23:00:00,Annual,Tonne,Particulates < 2.5µm,National total for the entire territory (based on fuel sold),Cyprus,2021,1015,,
ESTAT:ENV_AIR_EMIS(1.0),27/09/24 23:00:00,Annual,Tonne,Particulates < 2.5µm,National total for the entire territory (based on fuel sold),Cyprus,2022,986,,
ESTAT:ENV_AIR_EMIS(1.0),27/09/24 23:00:00,Annual,Tonne,Particulates < 2.5µm,National total for the entire territory (based on fuel sold),Czechia,2013,84449,,
ESTAT:ENV_AIR_EMIS(1.0),27/09/24 23:00:00,Annual,Tonne,Particulates < 2.5µm,National total for the entire territory (based on fuel sold),Czechia,2014,78985,,
ESTAT:ENV_AIR_EMIS(1.0),27/09/24 23:00:00,Annual,Tonne,Particulates < 2.5µm,National total for the entire territory (based on fuel sold),Czechia,2015,81437,,
ESTAT:ENV_AIR_EMIS(1.0),27/09/24 23:00:00,Annual,Tonne,Particulates < 2.5µm,National total for the entire territory (based on fuel sold),Czechia,2016,78247,,
ESTAT:ENV_AIR_EMIS(1.0),27/09/24 23:00:00,Annual,Tonne,Particulates < 2.5µm,National total for the entire territory (based on fuel sold),Czechia,2017,76265,,
ESTAT:ENV_AIR_EMIS(1.0),27/09/24 23:00:00,Annual,Tonne,Particulates < 2.5µm,National total for the entire territory (based on fuel sold),Czechia,2018,71155,,
ESTAT:ENV_AIR_EMIS(1.0),27/09/24 23:00:00,Annual,Tonne,Particulates < 2.5µm,National total for the entire territory (based on fuel sold),Czechia,2019,63876,,
ESTAT:ENV_AIR_EMIS(1.0),27/09/24 23:00:00,Annual,Tonne,Particulates < 2.5µm,National total for the entire territory (based on fuel sold),Czechia,2020,60126,,
ESTAT:ENV_AIR_EMIS(1.0),27/09/24 23:00:00,Annual,Tonne,Particulates < 2.5µm,National total for the entire territory (based on fuel sold),Czechia,2021,59519,,
ESTAT:ENV_AIR_EMIS(1.0),27/09/24 23:00:00,Annual,Tonne,Particulates < 2.5µm,National total for the entire territory (based on fuel sold),Czechia,2022,55082,,
ESTAT:ENV_AIR_EMIS(1.0),27/09/24 23:00:00,Annual,Tonne,Particulates < 2.5µm,National total for the entire territory (based on fuel sold),Germany,2013,109775,,
ESTAT:ENV_AIR_EMIS(1.0),27/09/24 23:00:00,Annual,Tonne,Particulates < 2.5µm,National total for the entire territory (based on fuel sold),Germany,2014,102085,,
ESTAT:ENV_AIR_EMIS(1.0),27/09/24 23:00:00,Annual,Tonne,Particulates < 2.5µm,National total for the entire territory (based on fuel sold),Germany,2015,100963,,
ESTAT:ENV_AIR_EMIS(1.0),27/09/24 23:00:00,Annual,Tonne,Particulates < 2.5µm,National total for the entire territory (based on fuel sold),Germany,2016,95331,,
ESTAT:ENV_AIR_EMIS(1.0),27/09/24 23:00:00,Annual,Tonne,Particulates < 2.5µm,National total for the entire territory (based on fuel sold),Germany,2017,94075,,
ESTAT:ENV_AIR_EMIS(1.0),27/09/24 23:00:00,Annual,Tonne,Particulates < 2.5µm,National total for the entire territory (based on fuel sold),Germany,2018,93587,,
ESTAT:ENV_AIR_EMIS(1.0),27/09/24 23:00:00,Annual,Tonne,Particulates < 2.5µm,National total for the entire territory (based on fuel sold),Germany,2019,88801,,
ESTAT:ENV_AIR_EMIS(1.0),27/09/24 23:00:00,Annual,Tonne,Particulates < 2.5µm,National total for the entire territory (based on fuel sold),Germany,2020,80779,,
ESTAT:ENV_AIR_EMIS(1.0),27/09/24 23:00:00,Annual,Tonne,Particulates < 2.5µm,National total for the entire territory (based on fuel sold),Germany,2021,82980,,
ESTAT:ENV_AIR_EMIS(1.0),27/09/24 23:00:00,Annual,Tonne,Particulates < 2.5µm,National total for the entire territory (based on fuel sold),Germany,2022,84291,,
ESTAT:ENV_AIR_EMIS(1.0),27/09/24 23:00:00,Annual,Tonne,Particulates < 2.5µm,National total for the entire territory (based on fuel sold),Denmark,2013,18082,,
ESTAT:ENV_AIR_EMIS(1.0),27/09/24 23:00:00,Annual,Tonne,Particulates < 2.5µm,National total for the entire territory (based on fuel sold),Denmark,2014,16671,,
ESTAT:ENV_AIR_EMIS(1.0),27/09/24 23:00:00,Annual,Tonne,Particulates < 2.5µm,National total for the entire territory (based on fuel sold),Denmark,2015,17293,,
ESTAT:ENV_AIR_EMIS(1.0),27/09/24 23:00:00,Annual,Tonne,Particulates < 2.5µm,National total for the entire territory (based on fuel sold),Denmark,2016,17183,,
ESTAT:ENV_AIR_EMIS(1.0),27/09/24 23:00:00,Annual,Tonne,Particulates < 2.5µm,National total for the entire territory (based on fuel sold),Denmark,2017,15971,,
ESTAT:ENV_AIR_EMIS(1.0),27/09/24 23:00:00,Annual,Tonne,Particulates < 2.5µm,National total for the entire territory (based on fuel sold),Denmark,2018,14708,,
ESTAT:ENV_AIR_EMIS(1.0),27/09/24 23:00:00,Annual,Tonne,Particulates < 2.5µm,National total for the entire territory (based on fuel sold),Denmark,2019,12979,,
ESTAT:ENV_AIR_EMIS(1.0),27/09/24 23:00:00,Annual,Tonne,Particulates < 2.5µm,National total for the entire territory (based on fuel sold),Denmark,2020,12166,,
ESTAT:ENV_AIR_EMIS(1.0),27/09/24 23:00:00,Annual,Tonne,Particulates < 2.5µm,National total for the entire territory (based on fuel sold),Denmark,2021,12152,,
ESTAT:ENV_AIR_EMIS(1.0),27/09/24 23:00:00,Annual,Tonne,Particulates < 2.5µm,National total for the entire territory (based on fuel sold),Denmark,2022,11221,,
ESTAT:ENV_AIR_EMIS(1.0),27/09/24 23:00:00,Annual,Tonne,Particulates < 2.5µm,National total for the entire territory (based on fuel sold),Estonia,2013,9721,,
ESTAT:ENV_AIR_EMIS(1.0),27/09/24 23:00:00,Annual,Tonne,Particulates < 2.5µm,National total for the entire territory (based on fuel sold),Estonia,2014,8446,,
ESTAT:ENV_AIR_EMIS(1.0),27/09/24 23:00:00,Annual,Tonne,Particulates < 2.5µm,National total for the entire territory (based on fuel sold),Estonia,2015,6956,,
ESTAT:ENV_AIR_EMIS(1.0),27/09/24 23:00:00,Annual,Tonne,Particulates < 2.5µm,National total for the entire territory (based on fuel sold),Estonia,2016,6243,,
ESTAT:ENV_AIR_EMIS(1.0),27/09/24 23:00:00,Annual,Tonne,Particulates < 2.5µm,National total for the entire territory (based on fuel sold),Estonia,2017,6566,,
ESTAT:ENV_AIR_EMIS(1.0),27/09/24 23:00:00,Annual,Tonne,Particulates < 2.5µm,National total for the entire territory (based on fuel sold),Estonia,2018,6187,,
ESTAT:ENV_AIR_EMIS(1.0),27/09/24 23:00:00,Annual,Tonne,Particulates < 2.5µm,National total for the entire territory (based on fuel sold),Estonia,2019,5150,,
ESTAT:ENV_AIR_EMIS(1.0),27/09/24 23:00:00,Annual,Tonne,Particulates < 2.5µm,National total for the entire territory (based on fuel sold),Estonia,2020,4927,,
ESTAT:ENV_AIR_EMIS(1.0),27/09/24 23:00:00,Annual,Tonne,Particulates < 2.5µm,National total for the entire territory (based on fuel sold),Estonia,2021,4692,,
ESTAT:ENV_AIR_EMIS(1.0),27/09/24 23:00:00,Annual,Tonne,Particulates < 2.5µm,National total for the entire territory (based on fuel sold),Estonia,2022,4910,,
ESTAT:ENV_AIR_EMIS(1.0),27/09/24 23:00:00,Annual,Tonne,Particulates < 2.5µm,National total for the entire territory (based on fuel sold),Greece,2013,43415,,
ESTAT:ENV_AIR_EMIS(1.0),27/09/24 23:00:00,Annual,Tonne,Particulates < 2.5µm,National total for the entire territory (based on fuel sold),Greece,2014,44346,,
ESTAT:ENV_AIR_EMIS(1.0),27/09/24 23:00:00,Annual,Tonne,Particulates < 2.5µm,National total for the entire territory (based on fuel sold),Greece,2015,41619,,
ESTAT:ENV_AIR_EMIS(1.0),27/09/24 23:00:00,Annual,Tonne,Particulates < 2.5µm,National total for the entire territory (based on fuel sold),Greece,2016,38764,,
ESTAT:ENV_AIR_EMIS(1.0),27/09/24 23:00:00,Annual,Tonne,Particulates < 2.5µm,National total for the entire territory (based on fuel sold),Greece,2017,39139,,
ESTAT:ENV_AIR_EMIS(1.0),27/09/24 23:00:00,Annual,Tonne,Particulates < 2.5µm,National total for the entire territory (based on fuel sold),Greece,2018,36841,,
ESTAT:ENV_AIR_EMIS(1.0),27/09/24 23:00:00,Annual,Tonne,Particulates < 2.5µm,National total for the entire territory (based on fuel sold),Greece,2019,35959,,
ESTAT:ENV_AIR_EMIS(1.0),27/09/24 23:00:00,Annual,Tonne,Particulates < 2.5µm,National total for the entire territory (based on fuel sold),Greece,2020,34047,,
ESTAT:ENV_AIR_EMIS(1.0),27/09/24 23:00:00,Annual,Tonne,Particulates < 2.5µm,National total for the entire territory (based on fuel sold),Greece,2021,35248,,
ESTAT:ENV_AIR_EMIS(1.0),27/09/24 23:00:00,Annual,Tonne,Particulates < 2.5µm,National total for the entire territory (based on fuel sold),Greece,2022,36197,,
ESTAT:ENV_AIR_EMIS(1.0),27/09/24 23:00:00,Annual,Tonne,Particulates < 2.5µm,National total for the entire territory (based on fuel sold),Spain,2013,164352,,
ESTAT:ENV_AIR_EMIS(1.0),27/09/24 23:00:00,Annual,Tonne,Particulates < 2.5µm,National total for the entire territory (based on fuel sold),Spain,2014,142925,,
ESTAT:ENV_AIR_EMIS(1.0),27/09/24 23:00:00,Annual,Tonne,Particulates < 2.5µm,National total for the entire territory (based on fuel sold),Spain,2015,153456,,
ESTAT:ENV_AIR_EMIS(1.0),27/09/24 23:00:00,Annual,Tonne,Particulates < 2.5µm,National total for the entire territory (based on fuel sold),Spain,2016,134069,,
ESTAT:ENV_AIR_EMIS(1.0),27/09/24 23:00:00,Annual,Tonne,Particulates < 2.5µm,National total for the entire territory (based on fuel sold),Spain,2017,133854,,
ESTAT:ENV_AIR_EMIS(1.0),27/09/24 23:00:00,Annual,Tonne,Particulates < 2.5µm,National total for the entire territory (based on fuel sold),Spain,2018,148740,,
ESTAT:ENV_AIR_EMIS(1.0),27/09/24 23:00:00,Annual,Tonne,Particulates < 2.5µm,National total for the entire territory (based on fuel sold),Spain,2019,129322,,
ESTAT:ENV_AIR_EMIS(1.0),27/09/24 23:00:00,Annual,Tonne,Particulates < 2.5µm,National total for the entire territory (based on fuel sold),Spain,2020,130817,,
ESTAT:ENV_AIR_EMIS(1.0),27/09/24 23:00:00,Annual,Tonne,Particulates < 2.5µm,National total for the entire territory (based on fuel sold),Spain,2021,131300,,
ESTAT:ENV_AIR_EMIS(1.0),27/09/24 23:00:00,Annual,Tonne,Particulates < 2.5µm,National total for the entire territory (based on fuel sold),Spain,2022,130333,,
ESTAT:ENV_AIR_EMIS(1.0),27/09/24 23:00:00,Annual,Tonne,Particulates < 2.5µm,National total for the entire territory (based on fuel sold),European Union - 27 countries (from 2020),2013,1681342,,
ESTAT:ENV_AIR_EMIS(1.0),27/09/24 23:00:00,Annual,Tonne,Particulates < 2.5µm,National total for the entire territory (based on fuel sold),European Union - 27 countries (from 2020),2014,1522437,,
ESTAT:ENV_AIR_EMIS(1.0),27/09/24 23:00:00,Annual,Tonne,Particulates < 2.5µm,National total for the entire territory (based on fuel sold),European Union - 27 countries (from 2020),2015,1534058,,
ESTAT:ENV_AIR_EMIS(1.0),27/09/24 23:00:00,Annual,Tonne,Particulates < 2.5µm,National total for the entire territory (based on fuel sold),European Union - 27 countries (from 2020),2016,1505887,,
ESTAT:ENV_AIR_EMIS(1.0),27/09/24 23:00:00,Annual,Tonne,Particulates < 2.5µm,National total for the entire territory (based on fuel sold),European Union - 27 countries (from 2020),2017,1483971,,
ESTAT:ENV_AIR_EMIS(1.0),27/09/24 23:00:00,Annual,Tonne,Particulates < 2.5µm,National total for the entire territory (based on fuel sold),European Union - 27 countries (from 2020),2018,1518457,,
ESTAT:ENV_AIR_EMIS(1.0),27/09/24 23:00:00,Annual,Tonne,Particulates < 2.5µm,National total for the entire territory (based on fuel sold),European Union - 27 countries (from 2020),2019,1415835,,
ESTAT:ENV_AIR_EMIS(1.0),27/09/24 23:00:00,Annual,Tonne,Particulates < 2.5µm,National total for the entire territory (based on fuel sold),European Union - 27 countries (from 2020),2020,1335831,,
ESTAT:ENV_AIR_EMIS(1.0),27/09/24 23:00:00,Annual,Tonne,Particulates < 2.5µm,National total for the entire territory (based on fuel sold),European Union - 27 countries (from 2020),2021,1374670,,
ESTAT:ENV_AIR_EMIS(1.0),27/09/24 23:00:00,Annual,Tonne,Particulates < 2.5µm,National total for the entire territory (based on fuel sold),European Union - 27 countries (from 2020),2022,1280831,,
ESTAT:ENV_AIR_EMIS(1.0),27/09/24 23:00:00,Annual,Tonne,Particulates < 2.5µm,National total for the entire territory (based on fuel sold),Finland,2013,19535,,
ESTAT:ENV_AIR_EMIS(1.0),27/09/24 23:00:00,Annual,Tonne,Particulates < 2.5µm,National total for the entire territory (based on fuel sold),Finland,2014,19224,,
ESTAT:ENV_AIR_EMIS(1.0),27/09/24 23:00:00,Annual,Tonne,Particulates < 2.5µm,National total for the entire territory (based on fuel sold),Finland,2015,17432,,
ESTAT:ENV_AIR_EMIS(1.0),27/09/24 23:00:00,Annual,Tonne,Particulates < 2.5µm,National total for the entire territory (based on fuel sold),Finland,2016,18074,,
ESTAT:ENV_AIR_EMIS(1.0),27/09/24 23:00:00,Annual,Tonne,Particulates < 2.5µm,National total for the entire territory (based on fuel sold),Finland,2017,17490,,
ESTAT:ENV_AIR_EMIS(1.0),27/09/24 23:00:00,Annual,Tonne,Particulates < 2.5µm,National total for the entire territory (based on fuel sold),Finland,2018,17453,,
ESTAT:ENV_AIR_EMIS(1.0),27/09/24 23:00:00,Annual,Tonne,Particulates < 2.5µm,National total for the entire territory (based on fuel sold),Finland,2019,16241,,
ESTAT:ENV_AIR_EMIS(1.0),27/09/24 23:00:00,Annual,Tonne,Particulates < 2.5µm,National total for the entire territory (based on fuel sold),Finland,2020,14093,,
ESTAT:ENV_AIR_EMIS(1.0),27/09/24 23:00:00,Annual,Tonne,Particulates < 2.5µm,National total for the entire territory (based on fuel sold),Finland,2021,14223,,
ESTAT:ENV_AIR_EMIS(1.0),27/09/24 23:00:00,Annual,Tonne,Particulates < 2.5µm,National total for the entire territory (based on fuel sold),Finland,2022,13384,,
ESTAT:ENV_AIR_EMIS(1.0),27/09/24 23:00:00,Annual,Tonne,Particulates < 2.5µm,National total for the entire territory (based on fuel sold),France,2013,267765,,
ESTAT:ENV_AIR_EMIS(1.0),27/09/24 23:00:00,Annual,Tonne,Particulates < 2.5µm,National total for the entire territory (based on fuel sold),France,2014,226539,,
ESTAT:ENV_AIR_EMIS(1.0),27/09/24 23:00:00,Annual,Tonne,Particulates < 2.5µm,National total for the entire territory (based on fuel sold),France,2015,229337,,
ESTAT:ENV_AIR_EMIS(1.0),27/09/24 23:00:00,Annual,Tonne,Particulates < 2.5µm,National total for the entire territory (based on fuel sold),France,2016,234616,,
ESTAT:ENV_AIR_EMIS(1.0),27/09/24 23:00:00,Annual,Tonne,Particulates < 2.5µm,National total for the entire territory (based on fuel sold),France,2017,223236,,
ESTAT:ENV_AIR_EMIS(1.0),27/09/24 23:00:00,Annual,Tonne,Particulates < 2.5µm,National total for the entire territory (based on fuel sold),France,2018,211016,,
ESTAT:ENV_AIR_EMIS(1.0),27/09/24 23:00:00,Annual,Tonne,Particulates < 2.5µm,National total for the entire territory (based on fuel sold),France,2019,206322,,
ESTAT:ENV_AIR_EMIS(1.0),27/09/24 23:00:00,Annual,Tonne,Particulates < 2.5µm,National total for the entire territory (based on fuel sold),France,2020,177127,,
ESTAT:ENV_AIR_EMIS(1.0),27/09/24 23:00:00,Annual,Tonne,Particulates < 2.5µm,National total for the entire territory (based on fuel sold),France,2021,193979,,
ESTAT:ENV_AIR_EMIS(1.0),27/09/24 23:00:00,Annual,Tonne,Particulates < 2.5µm,National total for the entire territory (based on fuel sold),France,2022,170238,,
ESTAT:ENV_AIR_EMIS(1.0),27/09/24 23:00:00,Annual,Tonne,Particulates < 2.5µm,National total for the entire territory (based on fuel sold),Croatia,2013,34287,,
ESTAT:ENV_AIR_EMIS(1.0),27/09/24 23:00:00,Annual,Tonne,Particulates < 2.5µm,National total for the entire territory (based on fuel sold),Croatia,2014,29617,,
ESTAT:ENV_AIR_EMIS(1.0),27/09/24 23:00:00,Annual,Tonne,Particulates < 2.5µm,National total for the entire territory (based on fuel sold),Croatia,2015,32233,,
ESTAT:ENV_AIR_EMIS(1.0),27/09/24 23:00:00,Annual,Tonne,Particulates < 2.5µm,National total for the entire territory (based on fuel sold),Croatia,2016,30962,,
ESTAT:ENV_AIR_EMIS(1.0),27/09/24 23:00:00,Annual,Tonne,Particulates < 2.5µm,National total for the entire territory (based on fuel sold),Croatia,2017,29457,,
ESTAT:ENV_AIR_EMIS(1.0),27/09/24 23:00:00,Annual,Tonne,Particulates < 2.5µm,National total for the entire territory (based on fuel sold),Croatia,2018,28464,,
ESTAT:ENV_AIR_EMIS(1.0),27/09/24 23:00:00,Annual,Tonne,Particulates < 2.5µm,National total for the entire territory (based on fuel sold),Croatia,2019,27489,,
ESTAT:ENV_AIR_EMIS(1.0),27/09/24 23:00:00,Annual,Tonne,Particulates < 2.5µm,National total for the entire territory (based on fuel sold),Croatia,2020,27771,,
ESTAT:ENV_AIR_EMIS(1.0),27/09/24 23:00:00,Annual,Tonne,Particulates < 2.5µm,National total for the entire territory (based on fuel sold),Croatia,2021,29130,,
ESTAT:ENV_AIR_EMIS(1.0),27/09/24 23:00:00,Annual,Tonne,Particulates < 2.5µm,National total for the entire territory (based on fuel sold),Croatia,2022,26216,,
ESTAT:ENV_AIR_EMIS(1.0),27/09/24 23:00:00,Annual,Tonne,Particulates < 2.5µm,National total for the entire territory (based on fuel sold),Hungary,2013,58503,,
ESTAT:ENV_AIR_EMIS(1.0),27/09/24 23:00:00,Annual,Tonne,Particulates < 2.5µm,National total for the entire territory (based on fuel sold),Hungary,2014,49474,,
ESTAT:ENV_AIR_EMIS(1.0),27/09/24 23:00:00,Annual,Tonne,Particulates < 2.5µm,National total for the entire territory (based on fuel sold),Hungary,2015,51434,,
ESTAT:ENV_AIR_EMIS(1.0),27/09/24 23:00:00,Annual,Tonne,Particulates < 2.5µm,National total for the entire territory (based on fuel sold),Hungary,2016,49862,,
ESTAT:ENV_AIR_EMIS(1.0),27/09/24 23:00:00,Annual,Tonne,Particulates < 2.5µm,National total for the entire territory (based on fuel sold),Hungary,2017,47549,,
ESTAT:ENV_AIR_EMIS(1.0),27/09/24 23:00:00,Annual,Tonne,Particulates < 2.5µm,National total for the entire territory (based on fuel sold),Hungary,2018,41224,,
ESTAT:ENV_AIR_EMIS(1.0),27/09/24 23:00:00,Annual,Tonne,Particulates < 2.5µm,National total for the entire territory (based on fuel sold),Hungary,2019,38438,,
ESTAT:ENV_AIR_EMIS(1.0),27/09/24 23:00:00,Annual,Tonne,Particulates < 2.5µm,National total for the entire territory (based on fuel sold),Hungary,2020,36966,,
ESTAT:ENV_AIR_EMIS(1.0),27/09/24 23:00:00,Annual,Tonne,Particulates < 2.5µm,National total for the entire territory (based on fuel sold),Hungary,2021,37843,,
ESTAT:ENV_AIR_EMIS(1.0),27/09/24 23:00:00,Annual,Tonne,Particulates < 2.5µm,National total for the entire territory (based on fuel sold),Hungary,2022,36176,,
ESTAT:ENV_AIR_EMIS(1.0),27/09/24 23:00:00,Annual,Tonne,Particulates < 2.5µm,National total for the entire territory (based on fuel sold),Ireland,2013,14295,,
ESTAT:ENV_AIR_EMIS(1.0),27/09/24 23:00:00,Annual,Tonne,Particulates < 2.5µm,National total for the entire territory (based on fuel sold),Ireland,2014,13753,,
ESTAT:ENV_AIR_EMIS(1.0),27/09/24 23:00:00,Annual,Tonne,Particulates < 2.5µm,National total for the entire territory (based on fuel sold),Ireland,2015,14234,,
ESTAT:ENV_AIR_EMIS(1.0),27/09/24 23:00:00,Annual,Tonne,Particulates < 2.5µm,National total for the entire territory (based on fuel sold),Ireland,2016,14184,,
ESTAT:ENV_AIR_EMIS(1.0),27/09/24 23:00:00,Annual,Tonne,Particulates < 2.5µm,National total for the entire territory (based on fuel sold),Ireland,2017,12982,,
ESTAT:ENV_AIR_EMIS(1.0),27/09/24 23:00:00,Annual,Tonne,Particulates < 2.5µm,National total for the entire territory (based on fuel sold),Ireland,2018,13360,,
ESTAT:ENV_AIR_EMIS(1.0),27/09/24 23:00:00,Annual,Tonne,Particulates < 2.5µm,National total for the entire territory (based on fuel sold),Ireland,2019,12370,,
ESTAT:ENV_AIR_EMIS(1.0),27/09/24 23:00:00,Annual,Tonne,Particulates < 2.5µm,National total for the entire territory (based on fuel sold),Ireland,2020,12390,,
ESTAT:ENV_AIR_EMIS(1.0),27/09/24 23:00:00,Annual,Tonne,Particulates < 2.5µm,National total for the entire territory (based on fuel sold),Ireland,2021,12245,,
ESTAT:ENV_AIR_EMIS(1.0),27/09/24 23:00:00,Annual,Tonne,Particulates < 2.5µm,National total for the entire territory (based on fuel sold),Ireland,2022,10775,,
ESTAT:ENV_AIR_EMIS(1.0),27/09/24 23:00:00,Annual,Tonne,Particulates < 2.5µm,National total for the entire territory (based on fuel sold),Iceland,2013,1368,,
ESTAT:ENV_AIR_EMIS(1.0),27/09/24 23:00:00,Annual,Tonne,Particulates < 2.5µm,National total for the entire territory (based on fuel sold),Iceland,2014,1336,,
ESTAT:ENV_AIR_EMIS(1.0),27/09/24 23:00:00,Annual,Tonne,Particulates < 2.5µm,National total for the entire territory (based on fuel sold),Iceland,2015,1304,,
ESTAT:ENV_AIR_EMIS(1.0),27/09/24 23:00:00,Annual,Tonne,Particulates < 2.5µm,National total for the entire territory (based on fuel sold),Iceland,2016,1171,,
ESTAT:ENV_AIR_EMIS(1.0),27/09/24 23:00:00,Annual,Tonne,Particulates < 2.5µm,National total for the entire territory (based on fuel sold),Iceland,2017,1146,,
ESTAT:ENV_AIR_EMIS(1.0),27/09/24 23:00:00,Annual,Tonne,Particulates < 2.5µm,National total for the entire territory (based on fuel sold),Iceland,2018,1179,,
ESTAT:ENV_AIR_EMIS(1.0),27/09/24 23:00:00,Annual,Tonne,Particulates < 2.5µm,National total for the entire territory (based on fuel sold),Iceland,2019,1093,,
ESTAT:ENV_AIR_EMIS(1.0),27/09/24 23:00:00,Annual,Tonne,Particulates < 2.5µm,National total for the entire territory (based on fuel sold),Iceland,2020,887,,
ESTAT:ENV_AIR_EMIS(1.0),27/09/24 23:00:00,Annual,Tonne,Particulates < 2.5µm,National total for the entire territory (based on fuel sold),Iceland,2021,933,,
ESTAT:ENV_AIR_EMIS(1.0),27/09/24 23:00:00,Annual,Tonne,Particulates < 2.5µm,National total for the entire territory (based on fuel sold),Iceland,2022,957,,
ESTAT:ENV_AIR_EMIS(1.0),27/09/24 23:00:00,Annual,Tonne,Particulates < 2.5µm,National total for the entire territory (based on fuel sold),Italy,2013,176605,,
ESTAT:ENV_AIR_EMIS(1.0),27/09/24 23:00:00,Annual,Tonne,Particulates < 2.5µm,National total for the entire territory (based on fuel sold),Italy,2014,158894,,
ESTAT:ENV_AIR_EMIS(1.0),27/09/24 23:00:00,Annual,Tonne,Particulates < 2.5µm,National total for the entire territory (based on fuel sold),Italy,2015,165397,,
ESTAT:ENV_AIR_EMIS(1.0),27/09/24 23:00:00,Annual,Tonne,Particulates < 2.5µm,National total for the entire territory (based on fuel sold),Italy,2016,158702,,
ESTAT:ENV_AIR_EMIS(1.0),27/09/24 23:00:00,Annual,Tonne,Particulates < 2.5µm,National total for the entire territory (based on fuel sold),Italy,2017,166183,,
ESTAT:ENV_AIR_EMIS(1.0),27/09/24 23:00:00,Annual,Tonne,Particulates < 2.5µm,National total for the entire territory (based on fuel sold),Italy,2018,149938,,
ESTAT:ENV_AIR_EMIS(1.0),27/09/24 23:00:00,Annual,Tonne,Particulates < 2.5µm,National total for the entire territory (based on fuel sold),Italy,2019,147112,,
ESTAT:ENV_AIR_EMIS(1.0),27/09/24 23:00:00,Annual,Tonne,Particulates < 2.5µm,National total for the entire territory (based on fuel sold),Italy,2020,139073,,
ESTAT:ENV_AIR_EMIS(1.0),27/09/24 23:00:00,Annual,Tonne,Particulates < 2.5µm,National total for the entire territory (based on fuel sold),Italy,2021,151330,,
ESTAT:ENV_AIR_EMIS(1.0),27/09/24 23:00:00,Annual,Tonne,Particulates < 2.5µm,National total for the entire territory (based on fuel sold),Italy,2022,144192,,
ESTAT:ENV_AIR_EMIS(1.0),27/09/24 23:00:00,Annual,Tonne,Particulates < 2.5µm,National total for the entire territory (based on fuel sold),Liechtenstein,2013,30,,
ESTAT:ENV_AIR_EMIS(1.0),27/09/24 23:00:00,Annual,Tonne,Particulates < 2.5µm,National total for the entire territory (based on fuel sold),Liechtenstein,2014,28,,
ESTAT:ENV_AIR_EMIS(1.0),27/09/24 23:00:00,Annual,Tonne,Particulates < 2.5µm,National total for the entire territory (based on fuel sold),Liechtenstein,2015,27,,
ESTAT:ENV_AIR_EMIS(1.0),27/09/24 23:00:00,Annual,Tonne,Particulates < 2.5µm,National total for the entire territory (based on fuel sold),Liechtenstein,2016,26,,
ESTAT:ENV_AIR_EMIS(1.0),27/09/24 23:00:00,Annual,Tonne,Particulates < 2.5µm,National total for the entire territory (based on fuel sold),Liechtenstein,2017,24,,
ESTAT:ENV_AIR_EMIS(1.0),27/09/24 23:00:00,Annual,Tonne,Particulates < 2.5µm,National total for the entire territory (based on fuel sold),Liechtenstein,2018,26,,
ESTAT:ENV_AIR_EMIS(1.0),27/09/24 23:00:00,Annual,Tonne,Particulates < 2.5µm,National total for the entire territory (based on fuel sold),Liechtenstein,2019,23,,
ESTAT:ENV_AIR_EMIS(1.0),27/09/24 23:00:00,Annual,Tonne,Particulates < 2.5µm,National total for the entire territory (based on fuel sold),Liechtenstein,2020,20,,
ESTAT:ENV_AIR_EMIS(1.0),27/09/24 23:00:00,Annual,Tonne,Particulates < 2.5µm,National total for the entire territory (based on fuel sold),Liechtenstein,2021,19,,
ESTAT:ENV_AIR_EMIS(1.0),27/09/24 23:00:00,Annual,Tonne,Particulates < 2.5µm,National total for the entire territory (based on fuel sold),Liechtenstein,2022,20,,
ESTAT:ENV_AIR_EMIS(1.0),27/09/24 23:00:00,Annual,Tonne,Particulates < 2.5µm,National total for the entire territory (based on fuel sold),Lithuania,2013,8027,,
ESTAT:ENV_AIR_EMIS(1.0),27/09/24 23:00:00,Annual,Tonne,Particulates < 2.5µm,National total for the entire territory (based on fuel sold),Lithuania,2014,8148,,
ESTAT:ENV_AIR_EMIS(1.0),27/09/24 23:00:00,Annual,Tonne,Particulates < 2.5µm,National total for the entire territory (based on fuel sold),Lithuania,2015,7889,,
ESTAT:ENV_AIR_EMIS(1.0),27/09/24 23:00:00,Annual,Tonne,Particulates < 2.5µm,National total for the entire territory (based on fuel sold),Lithuania,2016,8049,,
ESTAT:ENV_AIR_EMIS(1.0),27/09/24 23:00:00,Annual,Tonne,Particulates < 2.5µm,National total for the entire territory (based on fuel sold),Lithuania,2017,7833,,
ESTAT:ENV_AIR_EMIS(1.0),27/09/24 23:00:00,Annual,Tonne,Particulates < 2.5µm,National total for the entire territory (based on fuel sold),Lithuania,2018,8338,,
ESTAT:ENV_AIR_EMIS(1.0),27/09/24 23:00:00,Annual,Tonne,Particulates < 2.5µm,National total for the entire territory (based on fuel sold),Lithuania,2019,6556,,
ESTAT:ENV_AIR_EMIS(1.0),27/09/24 23:00:00,Annual,Tonne,Particulates < 2.5µm,National total for the entire territory (based on fuel sold),Lithuania,2020,6113,,
ESTAT:ENV_AIR_EMIS(1.0),27/09/24 23:00:00,Annual,Tonne,Particulates < 2.5µm,National total for the entire territory (based on fuel sold),Lithuania,2021,6398,,
ESTAT:ENV_AIR_EMIS(1.0),27/09/24 23:00:00,Annual,Tonne,Particulates < 2.5µm,National total for the entire territory (based on fuel sold),Lithuania,2022,6211,,
ESTAT:ENV_AIR_EMIS(1.0),27/09/24 23:00:00,Annual,Tonne,Particulates < 2.5µm,National total for the entire territory (based on fuel sold),Luxembourg,2013,1579,,
ESTAT:ENV_AIR_EMIS(1.0),27/09/24 23:00:00,Annual,Tonne,Particulates < 2.5µm,National total for the entire territory (based on fuel sold),Luxembourg,2014,1554,,
ESTAT:ENV_AIR_EMIS(1.0),27/09/24 23:00:00,Annual,Tonne,Particulates < 2.5µm,National total for the entire territory (based on fuel sold),Luxembourg,2015,1354,,
ESTAT:ENV_AIR_EMIS(1.0),27/09/24 23:00:00,Annual,Tonne,Particulates < 2.5µm,National total for the entire territory (based on fuel sold),Luxembourg,2016,1461,,
ESTAT:ENV_AIR_EMIS(1.0),27/09/24 23:00:00,Annual,Tonne,Particulates < 2.5µm,National total for the entire territory (based on fuel sold),Luxembourg,2017,1300,,
ESTAT:ENV_AIR_EMIS(1.0),27/09/24 23:00:00,Annual,Tonne,Particulates < 2.5µm,National total for the entire territory (based on fuel sold),Luxembourg,2018,1353,,
ESTAT:ENV_AIR_EMIS(1.0),27/09/24 23:00:00,Annual,Tonne,Particulates < 2.5µm,National total for the entire territory (based on fuel sold),Luxembourg,2019,1140,,
ESTAT:ENV_AIR_EMIS(1.0),27/09/24 23:00:00,Annual,Tonne,Particulates < 2.5µm,National total for the entire territory (based on fuel sold),Luxembourg,2020,1003,,
ESTAT:ENV_AIR_EMIS(1.0),27/09/24 23:00:00,Annual,Tonne,Particulates < 2.5µm,National total for the entire territory (based on fuel sold),Luxembourg,2021,1062,,
ESTAT:ENV_AIR_EMIS(1.0),27/09/24 23:00:00,Annual,Tonne,Particulates < 2.5µm,National total for the entire territory (based on fuel sold),Luxembourg,2022,1046,,
ESTAT:ENV_AIR_EMIS(1.0),27/09/24 23:00:00,Annual,Tonne,Particulates < 2.5µm,National total for the entire territory (based on fuel sold),Latvia,2013,19619,,
ESTAT:ENV_AIR_EMIS(1.0),27/09/24 23:00:00,Annual,Tonne,Particulates < 2.5µm,National total for the entire territory (based on fuel sold),Latvia,2014,19169,,
ESTAT:ENV_AIR_EMIS(1.0),27/09/24 23:00:00,Annual,Tonne,Particulates < 2.5µm,National total for the entire territory (based on fuel sold),Latvia,2015,16549,,
ESTAT:ENV_AIR_EMIS(1.0),27/09/24 23:00:00,Annual,Tonne,Particulates < 2.5µm,National total for the entire territory (based on fuel sold),Latvia,2016,16611,,
ESTAT:ENV_AIR_EMIS(1.0),27/09/24 23:00:00,Annual,Tonne,Particulates < 2.5µm,National total for the entire territory (based on fuel sold),Latvia,2017,18342,,
ESTAT:ENV_AIR_EMIS(1.0),27/09/24 23:00:00,Annual,Tonne,Particulates < 2.5µm,National total for the entire territory (based on fuel sold),Latvia,2018,18882,,
ESTAT:ENV_AIR_EMIS(1.0),27/09/24 23:00:00,Annual,Tonne,Particulates < 2.5µm,National total for the entire territory (based on fuel sold),Latvia,2019,18355,,
ESTAT:ENV_AIR_EMIS(1.0),27/09/24 23:00:00,Annual,Tonne,Particulates < 2.5µm,National total for the entire territory (based on fuel sold),Latvia,2020,16861,,
ESTAT:ENV_AIR_EMIS(1.0),27/09/24 23:00:00,Annual,Tonne,Particulates < 2.5µm,National total for the entire territory (based on fuel sold),Latvia,2021,17673,,
ESTAT:ENV_AIR_EMIS(1.0),27/09/24 23:00:00,Annual,Tonne,Particulates < 2.5µm,National total for the entire territory (based on fuel sold),Latvia,2022,17129,,
ESTAT:ENV_AIR_EMIS(1.0),27/09/24 23:00:00,Annual,Tonne,Particulates < 2.5µm,National total for the entire territory (based on fuel sold),Malta,2013,440,,
ESTAT:ENV_AIR_EMIS(1.0),27/09/24 23:00:00,Annual,Tonne,Particulates < 2.5µm,National total for the entire territory (based on fuel sold),Malta,2014,521,,
ESTAT:ENV_AIR_EMIS(1.0),27/09/24 23:00:00,Annual,Tonne,Particulates < 2.5µm,National total for the entire territory (based on fuel sold),Malta,2015,384,,
ESTAT:ENV_AIR_EMIS(1.0),27/09/24 23:00:00,Annual,Tonne,Particulates < 2.5µm,National total for the entire territory (based on fuel sold),Malta,2016,377,,
ESTAT:ENV_AIR_EMIS(1.0),27/09/24 23:00:00,Annual,Tonne,Particulates < 2.5µm,National total for the entire territory (based on fuel sold),Malta,2017,347,,
ESTAT:ENV_AIR_EMIS(1.0),27/09/24 23:00:00,Annual,Tonne,Particulates < 2.5µm,National total for the entire territory (based on fuel sold),Malta,2018,341,,
ESTAT:ENV_AIR_EMIS(1.0),27/09/24 23:00:00,Annual,Tonne,Particulates < 2.5µm,National total for the entire territory (based on fuel sold),Malta,2019,356,,
ESTAT:ENV_AIR_EMIS(1.0),27/09/24 23:00:00,Annual,Tonne,Particulates < 2.5µm,National total for the entire territory (based on fuel sold),Malta,2020,350,,
ESTAT:ENV_AIR_EMIS(1.0),27/09/24 23:00:00,Annual,Tonne,Particulates < 2.5µm,National total for the entire territory (based on fuel sold),Malta,2021,338,,
ESTAT:ENV_AIR_EMIS(1.0),27/09/24 23:00:00,Annual,Tonne,Particulates < 2.5µm,National total for the entire territory (based on fuel sold),Malta,2022,379,,
ESTAT:ENV_AIR_EMIS(1.0),27/09/24 23:00:00,Annual,Tonne,Particulates < 2.5µm,National total for the entire territory (based on fuel sold),Netherlands,2013,19156,,
ESTAT:ENV_AIR_EMIS(1.0),27/09/24 23:00:00,Annual,Tonne,Particulates < 2.5µm,National total for the entire territory (based on fuel sold),Netherlands,2014,17791,,
ESTAT:ENV_AIR_EMIS(1.0),27/09/24 23:00:00,Annual,Tonne,Particulates < 2.5µm,National total for the entire territory (based on fuel sold),Netherlands,2015,17815,,
ESTAT:ENV_AIR_EMIS(1.0),27/09/24 23:00:00,Annual,Tonne,Particulates < 2.5µm,National total for the entire territory (based on fuel sold),Netherlands,2016,17391,,
ESTAT:ENV_AIR_EMIS(1.0),27/09/24 23:00:00,Annual,Tonne,Particulates < 2.5µm,National total for the entire territory (based on fuel sold),Netherlands,2017,16863,,
ESTAT:ENV_AIR_EMIS(1.0),27/09/24 23:00:00,Annual,Tonne,Particulates < 2.5µm,National total for the entire territory (based on fuel sold),Netherlands,2018,16507,,
ESTAT:ENV_AIR_EMIS(1.0),27/09/24 23:00:00,Annual,Tonne,Particulates < 2.5µm,National total for the entire territory (based on fuel sold),Netherlands,2019,15706,,
ESTAT:ENV_AIR_EMIS(1.0),27/09/24 23:00:00,Annual,Tonne,Particulates < 2.5µm,National total for the entire territory (based on fuel sold),Netherlands,2020,14435,,
ESTAT:ENV_AIR_EMIS(1.0),27/09/24 23:00:00,Annual,Tonne,Particulates < 2.5µm,National total for the entire territory (based on fuel sold),Netherlands,2021,14532,,
ESTAT:ENV_AIR_EMIS(1.0),27/09/24 23:00:00,Annual,Tonne,Particulates < 2.5µm,National total for the entire territory (based on fuel sold),Netherlands,2022,14295,,
ESTAT:ENV_AIR_EMIS(1.0),27/09/24 23:00:00,Annual,Tonne,Particulates < 2.5µm,National total for the entire territory (based on fuel sold),Norway,2013,30271,,
ESTAT:ENV_AIR_EMIS(1.0),27/09/24 23:00:00,Annual,Tonne,Particulates < 2.5µm,National total for the entire territory (based on fuel sold),Norway,2014,27778,,
ESTAT:ENV_AIR_EMIS(1.0),27/09/24 23:00:00,Annual,Tonne,Particulates < 2.5µm,National total for the entire territory (based on fuel sold),Norway,2015,27753,,
ESTAT:ENV_AIR_EMIS(1.0),27/09/24 23:00:00,Annual,Tonne,Particulates < 2.5µm,National total for the entire territory (based on fuel sold),Norway,2016,26618,,
ESTAT:ENV_AIR_EMIS(1.0),27/09/24 23:00:00,Annual,Tonne,Particulates < 2.5µm,National total for the entire territory (based on fuel sold),Norway,2017,26770,,
ESTAT:ENV_AIR_EMIS(1.0),27/09/24 23:00:00,Annual,Tonne,Particulates < 2.5µm,National total for the entire territory (based on fuel sold),Norway,2018,26364,,
ESTAT:ENV_AIR_EMIS(1.0),27/09/24 23:00:00,Annual,Tonne,Particulates < 2.5µm,National total for the entire territory (based on fuel sold),Norway,2019,24922,,
ESTAT:ENV_AIR_EMIS(1.0),27/09/24 23:00:00,Annual,Tonne,Particulates < 2.5µm,National total for the entire territory (based on fuel sold),Norway,2020,25624,,
ESTAT:ENV_AIR_EMIS(1.0),27/09/24 23:00:00,Annual,Tonne,Particulates < 2.5µm,National total for the entire territory (based on fuel sold),Norway,2021,26129,,
ESTAT:ENV_AIR_EMIS(1.0),27/09/24 23:00:00,Annual,Tonne,Particulates < 2.5µm,National total for the entire territory (based on fuel sold),Norway,2022,27145,,
ESTAT:ENV_AIR_EMIS(1.0),27/09/24 23:00:00,Annual,Tonne,Particulates < 2.5µm,National total for the entire territory (based on fuel sold),Poland,2013,327243,,
ESTAT:ENV_AIR_EMIS(1.0),27/09/24 23:00:00,Annual,Tonne,Particulates < 2.5µm,National total for the entire territory (based on fuel sold),Poland,2014,300426,,
ESTAT:ENV_AIR_EMIS(1.0),27/09/24 23:00:00,Annual,Tonne,Particulates < 2.5µm,National total for the entire territory (based on fuel sold),Poland,2015,296569,,
ESTAT:ENV_AIR_EMIS(1.0),27/09/24 23:00:00,Annual,Tonne,Particulates < 2.5µm,National total for the entire territory (based on fuel sold),Poland,2016,306470,,
ESTAT:ENV_AIR_EMIS(1.0),27/09/24 23:00:00,Annual,Tonne,Particulates < 2.5µm,National total for the entire territory (based on fuel sold),Poland,2017,298481,,
ESTAT:ENV_AIR_EMIS(1.0),27/09/24 23:00:00,Annual,Tonne,Particulates < 2.5µm,National total for the entire territory (based on fuel sold),Poland,2018,374021,,
ESTAT:ENV_AIR_EMIS(1.0),27/09/24 23:00:00,Annual,Tonne,Particulates < 2.5µm,National total for the entire territory (based on fuel sold),Poland,2019,324888,,
ESTAT:ENV_AIR_EMIS(1.0),27/09/24 23:00:00,Annual,Tonne,Particulates < 2.5µm,National total for the entire territory (based on fuel sold),Poland,2020,307384,,
ESTAT:ENV_AIR_EMIS(1.0),27/09/24 23:00:00,Annual,Tonne,Particulates < 2.5µm,National total for the entire territory (based on fuel sold),Poland,2021,298177,,
ESTAT:ENV_AIR_EMIS(1.0),27/09/24 23:00:00,Annual,Tonne,Particulates < 2.5µm,National total for the entire territory (based on fuel sold),Poland,2022,262277,,
ESTAT:ENV_AIR_EMIS(1.0),27/09/24 23:00:00,Annual,Tonne,Particulates < 2.5µm,National total for the entire territory (based on fuel sold),Portugal,2013,48105,,
ESTAT:ENV_AIR_EMIS(1.0),27/09/24 23:00:00,Annual,Tonne,Particulates < 2.5µm,National total for the entire territory (based on fuel sold),Portugal,2014,47430,,
ESTAT:ENV_AIR_EMIS(1.0),27/09/24 23:00:00,Annual,Tonne,Particulates < 2.5µm,National total for the entire territory (based on fuel sold),Portugal,2015,47084,,
ESTAT:ENV_AIR_EMIS(1.0),27/09/24 23:00:00,Annual,Tonne,Particulates < 2.5µm,National total for the entire territory (based on fuel sold),Portugal,2016,46504,,
ESTAT:ENV_AIR_EMIS(1.0),27/09/24 23:00:00,Annual,Tonne,Particulates < 2.5µm,National total for the entire territory (based on fuel sold),Portugal,2017,46868,,
ESTAT:ENV_AIR_EMIS(1.0),27/09/24 23:00:00,Annual,Tonne,Particulates < 2.5µm,National total for the entire territory (based on fuel sold),Portugal,2018,46830,,
ESTAT:ENV_AIR_EMIS(1.0),27/09/24 23:00:00,Annual,Tonne,Particulates < 2.5µm,National total for the entire territory (based on fuel sold),Portugal,2019,46622,,
ESTAT:ENV_AIR_EMIS(1.0),27/09/24 23:00:00,Annual,Tonne,Particulates < 2.5µm,National total for the entire territory (based on fuel sold),Portugal,2020,44488,,
ESTAT:ENV_AIR_EMIS(1.0),27/09/24 23:00:00,Annual,Tonne,Particulates < 2.5µm,National total for the entire territory (based on fuel sold),Portugal,2021,45598,,
ESTAT:ENV_AIR_EMIS(1.0),27/09/24 23:00:00,Annual,Tonne,Particulates < 2.5µm,National total for the entire territory (based on fuel sold),Portugal,2022,45233,,
ESTAT:ENV_AIR_EMIS(1.0),27/09/24 23:00:00,Annual,Tonne,Particulates < 2.5µm,National total for the entire territory (based on fuel sold),Romania,2013,113566,,
ESTAT:ENV_AIR_EMIS(1.0),27/09/24 23:00:00,Annual,Tonne,Particulates < 2.5µm,National total for the entire territory (based on fuel sold),Romania,2014,113701,,
ESTAT:ENV_AIR_EMIS(1.0),27/09/24 23:00:00,Annual,Tonne,Particulates < 2.5µm,National total for the entire territory (based on fuel sold),Romania,2015,108633,,
ESTAT:ENV_AIR_EMIS(1.0),27/09/24 23:00:00,Annual,Tonne,Particulates < 2.5µm,National total for the entire territory (based on fuel sold),Romania,2016,108708,,
ESTAT:ENV_AIR_EMIS(1.0),27/09/24 23:00:00,Annual,Tonne,Particulates < 2.5µm,National total for the entire territory (based on fuel sold),Romania,2017,109737,,
ESTAT:ENV_AIR_EMIS(1.0),27/09/24 23:00:00,Annual,Tonne,Particulates < 2.5µm,National total for the entire territory (based on fuel sold),Romania,2018,107779,,
ESTAT:ENV_AIR_EMIS(1.0),27/09/24 23:00:00,Annual,Tonne,Particulates < 2.5µm,National total for the entire territory (based on fuel sold),Romania,2019,108876,,
ESTAT:ENV_AIR_EMIS(1.0),27/09/24 23:00:00,Annual,Tonne,Particulates < 2.5µm,National total for the entire territory (based on fuel sold),Romania,2020,107726,,
ESTAT:ENV_AIR_EMIS(1.0),27/09/24 23:00:00,Annual,Tonne,Particulates < 2.5µm,National total for the entire territory (based on fuel sold),Romania,2021,113994,,
ESTAT:ENV_AIR_EMIS(1.0),27/09/24 23:00:00,Annual,Tonne,Particulates < 2.5µm,National total for the entire territory (based on fuel sold),Romania,2022,107462,,
ESTAT:ENV_AIR_EMIS(1.0),27/09/24 23:00:00,Annual,Tonne,Particulates < 2.5µm,National total for the entire territory (based on fuel sold),Sweden,2013,25871,,
ESTAT:ENV_AIR_EMIS(1.0),27/09/24 23:00:00,Annual,Tonne,Particulates < 2.5µm,National total for the entire territory (based on fuel sold),Sweden,2014,22703,,
ESTAT:ENV_AIR_EMIS(1.0),27/09/24 23:00:00,Annual,Tonne,Particulates < 2.5µm,National total for the entire territory (based on fuel sold),Sweden,2015,19655,,
ESTAT:ENV_AIR_EMIS(1.0),27/09/24 23:00:00,Annual,Tonne,Particulates < 2.5µm,National total for the entire territory (based on fuel sold),Sweden,2016,19808,,
ESTAT:ENV_AIR_EMIS(1.0),27/09/24 23:00:00,Annual,Tonne,Particulates < 2.5µm,National total for the entire territory (based on fuel sold),Sweden,2017,20136,,
ESTAT:ENV_AIR_EMIS(1.0),27/09/24 23:00:00,Annual,Tonne,Particulates < 2.5µm,National total for the entire territory (based on fuel sold),Sweden,2018,19095,,
ESTAT:ENV_AIR_EMIS(1.0),27/09/24 23:00:00,Annual,Tonne,Particulates < 2.5µm,National total for the entire territory (based on fuel sold),Sweden,2019,18319,,
ESTAT:ENV_AIR_EMIS(1.0),27/09/24 23:00:00,Annual,Tonne,Particulates < 2.5µm,National total for the entire territory (based on fuel sold),Sweden,2020,17634,,
ESTAT:ENV_AIR_EMIS(1.0),27/09/24 23:00:00,Annual,Tonne,Particulates < 2.5µm,National total for the entire territory (based on fuel sold),Sweden,2021,16909,,
ESTAT:ENV_AIR_EMIS(1.0),27/09/24 23:00:00,Annual,Tonne,Particulates < 2.5µm,National total for the entire territory (based on fuel sold),Sweden,2022,16595,,
ESTAT:ENV_AIR_EMIS(1.0),27/09/24 23:00:00,Annual,Tonne,Particulates < 2.5µm,National total for the entire territory (based on fuel sold),Slovenia,2013,14051,,
ESTAT:ENV_AIR_EMIS(1.0),27/09/24 23:00:00,Annual,Tonne,Particulates < 2.5µm,National total for the entire territory (based on fuel sold),Slovenia,2014,12086,,
ESTAT:ENV_AIR_EMIS(1.0),27/09/24 23:00:00,Annual,Tonne,Particulates < 2.5µm,National total for the entire territory (based on fuel sold),Slovenia,2015,12952,,
ESTAT:ENV_AIR_EMIS(1.0),27/09/24 23:00:00,Annual,Tonne,Particulates < 2.5µm,National total for the entire territory (based on fuel sold),Slovenia,2016,12952,,
ESTAT:ENV_AIR_EMIS(1.0),27/09/24 23:00:00,Annual,Tonne,Particulates < 2.5µm,National total for the entire territory (based on fuel sold),Slovenia,2017,12366,,
ESTAT:ENV_AIR_EMIS(1.0),27/09/24 23:00:00,Annual,Tonne,Particulates < 2.5µm,National total for the entire territory (based on fuel sold),Slovenia,2018,10750,,
ESTAT:ENV_AIR_EMIS(1.0),27/09/24 23:00:00,Annual,Tonne,Particulates < 2.5µm,National total for the entire territory (based on fuel sold),Slovenia,2019,10621,,
ESTAT:ENV_AIR_EMIS(1.0),27/09/24 23:00:00,Annual,Tonne,Particulates < 2.5µm,National total for the entire territory (based on fuel sold),Slovenia,2020,10400,,
ESTAT:ENV_AIR_EMIS(1.0),27/09/24 23:00:00,Annual,Tonne,Particulates < 2.5µm,National total for the entire territory (based on fuel sold),Slovenia,2021,11329,,
ESTAT:ENV_AIR_EMIS(1.0),27/09/24 23:00:00,Annual,Tonne,Particulates < 2.5µm,National total for the entire territory (based on fuel sold),Slovenia,2022,9638,,
ESTAT:ENV_AIR_EMIS(1.0),27/09/24 23:00:00,Annual,Tonne,Particulates < 2.5µm,National total for the entire territory (based on fuel sold),Slovakia,2013,23983,,
ESTAT:ENV_AIR_EMIS(1.0),27/09/24 23:00:00,Annual,Tonne,Particulates < 2.5µm,National total for the entire territory (based on fuel sold),Slovakia,2014,16685,,
ESTAT:ENV_AIR_EMIS(1.0),27/09/24 23:00:00,Annual,Tonne,Particulates < 2.5µm,National total for the entire territory (based on fuel sold),Slovakia,2015,21247,,
ESTAT:ENV_AIR_EMIS(1.0),27/09/24 23:00:00,Annual,Tonne,Particulates < 2.5µm,National total for the entire territory (based on fuel sold),Slovakia,2016,21086,,
ESTAT:ENV_AIR_EMIS(1.0),27/09/24 23:00:00,Annual,Tonne,Particulates < 2.5µm,National total for the entire territory (based on fuel sold),Slovakia,2017,21142,,
ESTAT:ENV_AIR_EMIS(1.0),27/09/24 23:00:00,Annual,Tonne,Particulates < 2.5µm,National total for the entire territory (based on fuel sold),Slovakia,2018,17248,,
ESTAT:ENV_AIR_EMIS(1.0),27/09/24 23:00:00,Annual,Tonne,Particulates < 2.5µm,National total for the entire territory (based on fuel sold),Slovakia,2019,17614,,
ESTAT:ENV_AIR_EMIS(1.0),27/09/24 23:00:00,Annual,Tonne,Particulates < 2.5µm,National total for the entire territory (based on fuel sold),Slovakia,2020,17081,,
ESTAT:ENV_AIR_EMIS(1.0),27/09/24 23:00:00,Annual,Tonne,Particulates < 2.5µm,National total for the entire territory (based on fuel sold),Slovakia,2021,19655,,
ESTAT:ENV_AIR_EMIS(1.0),27/09/24 23:00:00,Annual,Tonne,Particulates < 2.5µm,National total for the entire territory (based on fuel sold),Slovakia,2022,17855,,
ESTAT:ENV_AIR_EMIS(1.0),27/09/24 23:00:00,Annual,Tonne,Particulates < 2.5µm,National total for the entire territory (based on fuel sold),Türkiye,2013,272543,,
ESTAT:ENV_AIR_EMIS(1.0),27/09/24 23:00:00,Annual,Tonne,Particulates < 2.5µm,National total for the entire territory (based on fuel sold),Türkiye,2014,266572,,
ESTAT:ENV_AIR_EMIS(1.0),27/09/24 23:00:00,Annual,Tonne,Particulates < 2.5µm,National total for the entire territory (based on fuel sold),Türkiye,2015,303474,,
ESTAT:ENV_AIR_EMIS(1.0),27/09/24 23:00:00,Annual,Tonne,Particulates < 2.5µm,National total for the entire territory (based on fuel sold),Türkiye,2016,292046,,
ESTAT:ENV_AIR_EMIS(1.0),27/09/24 23:00:00,Annual,Tonne,Particulates < 2.5µm,National total for the entire territory (based on fuel sold),Türkiye,2017,279580,,
ESTAT:ENV_AIR_EMIS(1.0),27/09/24 23:00:00,Annual,Tonne,Particulates < 2.5µm,National total for the entire territory (based on fuel sold),Türkiye,2018,199477,,
ESTAT:ENV_AIR_EMIS(1.0),27/09/24 23:00:00,Annual,Tonne,Particulates < 2.5µm,National total for the entire territory (based on fuel sold),Türkiye,2019,227017,,
ESTAT:ENV_AIR_EMIS(1.0),27/09/24 23:00:00,Annual,Tonne,Particulates < 2.5µm,National total for the entire territory (based on fuel sold),Türkiye,2020,244972,,
ESTAT:ENV_AIR_EMIS(1.0),27/09/24 23:00:00,Annual,Tonne,Particulates < 2.5µm,National total for the entire territory (based on fuel sold),Türkiye,2021,235500,,
ESTAT:ENV_AIR_EMIS(1.0),27/09/24 23:00:00,Annual,Tonne,Particulates < 2.5µm,National total for the entire territory (based on fuel sold),Türkiye,2022,223354,,
