DATAFLOW,LAST UPDATE,freq,sex,wstatus,age,unit,geo,TIME_PERIOD,OBS_VALUE,OBS_FLAG,CONF_STATUS
ESTAT:EDAT_LFSE_14(1.0),14/04/25 23:00:00,Annual,Total,Population,From 18 to 24 years,Percentage,Austria,2015,7.3,,
ESTAT:EDAT_LFSE_14(1.0),14/04/25 23:00:00,Annual,Total,Population,From 18 to 24 years,Percentage,Austria,2016,6.9,,
ESTAT:EDAT_LFSE_14(1.0),14/04/25 23:00:00,Annual,Total,Population,From 18 to 24 years,Percentage,Austria,2017,7.4,,
ESTAT:EDAT_LFSE_14(1.0),14/04/25 23:00:00,Annual,Total,Population,From 18 to 24 years,Percentage,Austria,2018,7.3,,
ESTAT:EDAT_LFSE_14(1.0),14/04/25 23:00:00,Annual,Total,Population,From 18 to 24 years,Percentage,Austria,2019,7.8,,
ESTAT:EDAT_LFSE_14(1.0),14/04/25 23:00:00,Annual,Total,Population,From 18 to 24 years,Percentage,Austria,2020,8.1,,
ESTAT:EDAT_LFSE_14(1.0),14/04/25 23:00:00,Annual,Total,Population,From 18 to 24 years,Percentage,Austria,2021,8.0,b,
ESTAT:EDAT_LFSE_14(1.0),14/04/25 23:00:00,Annual,Total,Population,From 18 to 24 years,Percentage,Austria,2022,8.4,,
ESTAT:EDAT_LFSE_14(1.0),14/04/25 23:00:00,Annual,Total,Population,From 18 to 24 years,Percentage,Austria,2023,8.6,,
ESTAT:EDAT_LFSE_14(1.0),14/04/25 23:00:00,Annual,Total,Population,From 18 to 24 years,Percentage,Austria,2024,8.1,,
ESTAT:EDAT_LFSE_14(1.0),14/04/25 23:00:00,Annual,Total,Population,From 18 to 24 years,Percentage,Bosnia and Herzegovina,2021,4.7,,
ESTAT:EDAT_LFSE_14(1.0),14/04/25 23:00:00,Annual,Total,Population,From 18 to 24 years,Percentage,Bosnia and Herzegovina,2022,3.6,,
ESTAT:EDAT_LFSE_14(1.0),14/04/25 23:00:00,Annual,Total,Population,From 18 to 24 years,Percentage,Bosnia and Herzegovina,2023,4.2,,
ESTAT:EDAT_LFSE_14(1.0),14/04/25 23:00:00,Annual,Total,Population,From 18 to 24 years,Percentage,Belgium,2015,10.1,,
ESTAT:EDAT_LFSE_14(1.0),14/04/25 23:00:00,Annual,Total,Population,From 18 to 24 years,Percentage,Belgium,2016,8.8,,
ESTAT:EDAT_LFSE_14(1.0),14/04/25 23:00:00,Annual,Total,Population,From 18 to 24 years,Percentage,Belgium,2017,8.9,b,
ESTAT:EDAT_LFSE_14(1.0),14/04/25 23:00:00,Annual,Total,Population,From 18 to 24 years,Percentage,Belgium,2018,8.6,,
ESTAT:EDAT_LFSE_14(1.0),14/04/25 23:00:00,Annual,Total,Population,From 18 to 24 years,Percentage,Belgium,2019,8.4,,
ESTAT:EDAT_LFSE_14(1.0),14/04/25 23:00:00,Annual,Total,Population,From 18 to 24 years,Percentage,Belgium,2020,8.1,,
ESTAT:EDAT_LFSE_14(1.0),14/04/25 23:00:00,Annual,Total,Population,From 18 to 24 years,Percentage,Belgium,2021,6.7,b,
ESTAT:EDAT_LFSE_14(1.0),14/04/25 23:00:00,Annual,Total,Population,From 18 to 24 years,Percentage,Belgium,2022,6.4,,
ESTAT:EDAT_LFSE_14(1.0),14/04/25 23:00:00,Annual,Total,Population,From 18 to 24 years,Percentage,Belgium,2023,6.2,,
ESTAT:EDAT_LFSE_14(1.0),14/04/25 23:00:00,Annual,Total,Population,From 18 to 24 years,Percentage,Belgium,2024,7.0,b,
ESTAT:EDAT_LFSE_14(1.0),14/04/25 23:00:00,Annual,Total,Population,From 18 to 24 years,Percentage,Bulgaria,2015,13.4,,
ESTAT:EDAT_LFSE_14(1.0),14/04/25 23:00:00,Annual,Total,Population,From 18 to 24 years,Percentage,Bulgaria,2016,13.8,,
ESTAT:EDAT_LFSE_14(1.0),14/04/25 23:00:00,Annual,Total,Population,From 18 to 24 years,Percentage,Bulgaria,2017,12.7,,
ESTAT:EDAT_LFSE_14(1.0),14/04/25 23:00:00,Annual,Total,Population,From 18 to 24 years,Percentage,Bulgaria,2018,12.7,,
ESTAT:EDAT_LFSE_14(1.0),14/04/25 23:00:00,Annual,Total,Population,From 18 to 24 years,Percentage,Bulgaria,2019,13.9,b,
ESTAT:EDAT_LFSE_14(1.0),14/04/25 23:00:00,Annual,Total,Population,From 18 to 24 years,Percentage,Bulgaria,2020,12.8,,
ESTAT:EDAT_LFSE_14(1.0),14/04/25 23:00:00,Annual,Total,Population,From 18 to 24 years,Percentage,Bulgaria,2021,12.0,b,
ESTAT:EDAT_LFSE_14(1.0),14/04/25 23:00:00,Annual,Total,Population,From 18 to 24 years,Percentage,Bulgaria,2022,10.3,,
ESTAT:EDAT_LFSE_14(1.0),14/04/25 23:00:00,Annual,Total,Population,From 18 to 24 years,Percentage,Bulgaria,2023,9.3,,
ESTAT:EDAT_LFSE_14(1.0),14/04/25 23:00:00,Annual,Total,Population,From 18 to 24 years,Percentage,Bulgaria,2024,8.2,,
ESTAT:EDAT_LFSE_14(1.0),14/04/25 23:00:00,Annual,Total,Population,From 18 to 24 years,Percentage,Switzerland,2015,5.2,,
ESTAT:EDAT_LFSE_14(1.0),14/04/25 23:00:00,Annual,Total,Population,From 18 to 24 years,Percentage,Switzerland,2016,4.9,,
ESTAT:EDAT_LFSE_14(1.0),14/04/25 23:00:00,Annual,Total,Population,From 18 to 24 years,Percentage,Switzerland,2017,4.5,,
ESTAT:EDAT_LFSE_14(1.0),14/04/25 23:00:00,Annual,Total,Population,From 18 to 24 years,Percentage,Switzerland,2018,4.4,,
ESTAT:EDAT_LFSE_14(1.0),14/04/25 23:00:00,Annual,Total,Population,From 18 to 24 years,Percentage,Switzerland,2019,4.4,,
ESTAT:EDAT_LFSE_14(1.0),14/04/25 23:00:00,Annual,Total,Population,From 18 to 24 years,Percentage,Switzerland,2020,4.0,,
ESTAT:EDAT_LFSE_14(1.0),14/04/25 23:00:00,Annual,Total,Population,From 18 to 24 years,Percentage,Switzerland,2021,5.1,b,
ESTAT:EDAT_LFSE_14(1.0),14/04/25 23:00:00,Annual,Total,Population,From 18 to 24 years,Percentage,Switzerland,2022,6.5,,
ESTAT:EDAT_LFSE_14(1.0),14/04/25 23:00:00,Annual,Total,Population,From 18 to 24 years,Percentage,Switzerland,2023,5.7,,
ESTAT:EDAT_LFSE_14(1.0),14/04/25 23:00:00,Annual,Total,Population,From 18 to 24 years,Percentage,Switzerland,2024,5.7,,
ESTAT:EDAT_LFSE_14(1.0),14/04/25 23:00:00,Annual,Total,Population,From 18 to 24 years,Percentage,Cyprus,2015,5.2,,
ESTAT:EDAT_LFSE_14(1.0),14/04/25 23:00:00,Annual,Total,Population,From 18 to 24 years,Percentage,Cyprus,2016,7.6,,
ESTAT:EDAT_LFSE_14(1.0),14/04/25 23:00:00,Annual,Total,Population,From 18 to 24 years,Percentage,Cyprus,2017,8.5,,
ESTAT:EDAT_LFSE_14(1.0),14/04/25 23:00:00,Annual,Total,Population,From 18 to 24 years,Percentage,Cyprus,2018,7.8,,
ESTAT:EDAT_LFSE_14(1.0),14/04/25 23:00:00,Annual,Total,Population,From 18 to 24 years,Percentage,Cyprus,2019,9.0,,
ESTAT:EDAT_LFSE_14(1.0),14/04/25 23:00:00,Annual,Total,Population,From 18 to 24 years,Percentage,Cyprus,2020,11.6,,
ESTAT:EDAT_LFSE_14(1.0),14/04/25 23:00:00,Annual,Total,Population,From 18 to 24 years,Percentage,Cyprus,2021,9.8,b,
ESTAT:EDAT_LFSE_14(1.0),14/04/25 23:00:00,Annual,Total,Population,From 18 to 24 years,Percentage,Cyprus,2022,8.2,,
ESTAT:EDAT_LFSE_14(1.0),14/04/25 23:00:00,Annual,Total,Population,From 18 to 24 years,Percentage,Cyprus,2023,10.4,,
ESTAT:EDAT_LFSE_14(1.0),14/04/25 23:00:00,Annual,Total,Population,From 18 to 24 years,Percentage,Cyprus,2024,11.3,,
ESTAT:EDAT_LFSE_14(1.0),14/04/25 23:00:00,Annual,Total,Population,From 18 to 24 years,Percentage,Czechia,2015,6.2,,
ESTAT:EDAT_LFSE_14(1.0),14/04/25 23:00:00,Annual,Total,Population,From 18 to 24 years,Percentage,Czechia,2016,6.6,,
ESTAT:EDAT_LFSE_14(1.0),14/04/25 23:00:00,Annual,Total,Population,From 18 to 24 years,Percentage,Czechia,2017,6.7,,
ESTAT:EDAT_LFSE_14(1.0),14/04/25 23:00:00,Annual,Total,Population,From 18 to 24 years,Percentage,Czechia,2018,6.2,,
ESTAT:EDAT_LFSE_14(1.0),14/04/25 23:00:00,Annual,Total,Population,From 18 to 24 years,Percentage,Czechia,2019,6.7,,
ESTAT:EDAT_LFSE_14(1.0),14/04/25 23:00:00,Annual,Total,Population,From 18 to 24 years,Percentage,Czechia,2020,7.6,,
ESTAT:EDAT_LFSE_14(1.0),14/04/25 23:00:00,Annual,Total,Population,From 18 to 24 years,Percentage,Czechia,2021,6.4,b,
ESTAT:EDAT_LFSE_14(1.0),14/04/25 23:00:00,Annual,Total,Population,From 18 to 24 years,Percentage,Czechia,2022,6.2,,
ESTAT:EDAT_LFSE_14(1.0),14/04/25 23:00:00,Annual,Total,Population,From 18 to 24 years,Percentage,Czechia,2023,6.4,,
ESTAT:EDAT_LFSE_14(1.0),14/04/25 23:00:00,Annual,Total,Population,From 18 to 24 years,Percentage,Czechia,2024,5.4,,
ESTAT:EDAT_LFSE_14(1.0),14/04/25 23:00:00,Annual,Total,Population,From 18 to 24 years,Percentage,Germany,2015,10.1,,
ESTAT:EDAT_LFSE_14(1.0),14/04/25 23:00:00,Annual,Total,Population,From 18 to 24 years,Percentage,Germany,2016,10.3,,
ESTAT:EDAT_LFSE_14(1.0),14/04/25 23:00:00,Annual,Total,Population,From 18 to 24 years,Percentage,Germany,2017,10.1,,
ESTAT:EDAT_LFSE_14(1.0),14/04/25 23:00:00,Annual,Total,Population,From 18 to 24 years,Percentage,Germany,2018,10.3,,
ESTAT:EDAT_LFSE_14(1.0),14/04/25 23:00:00,Annual,Total,Population,From 18 to 24 years,Percentage,Germany,2019,10.3,,
ESTAT:EDAT_LFSE_14(1.0),14/04/25 23:00:00,Annual,Total,Population,From 18 to 24 years,Percentage,Germany,2020,10.1,b,
ESTAT:EDAT_LFSE_14(1.0),14/04/25 23:00:00,Annual,Total,Population,From 18 to 24 years,Percentage,Germany,2021,12.5,b,
ESTAT:EDAT_LFSE_14(1.0),14/04/25 23:00:00,Annual,Total,Population,From 18 to 24 years,Percentage,Germany,2022,12.7,,
ESTAT:EDAT_LFSE_14(1.0),14/04/25 23:00:00,Annual,Total,Population,From 18 to 24 years,Percentage,Germany,2023,12.8,,
ESTAT:EDAT_LFSE_14(1.0),14/04/25 23:00:00,Annual,Total,Population,From 18 to 24 years,Percentage,Germany,2024,12.4,b,
ESTAT:EDAT_LFSE_14(1.0),14/04/25 23:00:00,Annual,Total,Population,From 18 to 24 years,Percentage,Denmark,2015,8.1,,
ESTAT:EDAT_LFSE_14(1.0),14/04/25 23:00:00,Annual,Total,Population,From 18 to 24 years,Percentage,Denmark,2016,7.5,b,
ESTAT:EDAT_LFSE_14(1.0),14/04/25 23:00:00,Annual,Total,Population,From 18 to 24 years,Percentage,Denmark,2017,8.8,b,
ESTAT:EDAT_LFSE_14(1.0),14/04/25 23:00:00,Annual,Total,Population,From 18 to 24 years,Percentage,Denmark,2018,10.4,,
ESTAT:EDAT_LFSE_14(1.0),14/04/25 23:00:00,Annual,Total,Population,From 18 to 24 years,Percentage,Denmark,2019,9.9,,
ESTAT:EDAT_LFSE_14(1.0),14/04/25 23:00:00,Annual,Total,Population,From 18 to 24 years,Percentage,Denmark,2020,9.3,,
ESTAT:EDAT_LFSE_14(1.0),14/04/25 23:00:00,Annual,Total,Population,From 18 to 24 years,Percentage,Denmark,2021,9.8,b,
ESTAT:EDAT_LFSE_14(1.0),14/04/25 23:00:00,Annual,Total,Population,From 18 to 24 years,Percentage,Denmark,2022,10.0,,
ESTAT:EDAT_LFSE_14(1.0),14/04/25 23:00:00,Annual,Total,Population,From 18 to 24 years,Percentage,Denmark,2023,10.4,,
ESTAT:EDAT_LFSE_14(1.0),14/04/25 23:00:00,Annual,Total,Population,From 18 to 24 years,Percentage,Denmark,2024,10.4,,
ESTAT:EDAT_LFSE_14(1.0),14/04/25 23:00:00,Annual,Total,Population,From 18 to 24 years,Percentage,Euro area – 20 countries (from 2023),2015,11.5,,
ESTAT:EDAT_LFSE_14(1.0),14/04/25 23:00:00,Annual,Total,Population,From 18 to 24 years,Percentage,Euro area – 20 countries (from 2023),2016,11.0,,
ESTAT:EDAT_LFSE_14(1.0),14/04/25 23:00:00,Annual,Total,Population,From 18 to 24 years,Percentage,Euro area – 20 countries (from 2023),2017,10.8,,
ESTAT:EDAT_LFSE_14(1.0),14/04/25 23:00:00,Annual,Total,Population,From 18 to 24 years,Percentage,Euro area – 20 countries (from 2023),2018,10.8,,
ESTAT:EDAT_LFSE_14(1.0),14/04/25 23:00:00,Annual,Total,Population,From 18 to 24 years,Percentage,Euro area – 20 countries (from 2023),2019,10.5,,
ESTAT:EDAT_LFSE_14(1.0),14/04/25 23:00:00,Annual,Total,Population,From 18 to 24 years,Percentage,Euro area – 20 countries (from 2023),2020,10.3,,
ESTAT:EDAT_LFSE_14(1.0),14/04/25 23:00:00,Annual,Total,Population,From 18 to 24 years,Percentage,Euro area – 20 countries (from 2023),2021,9.9,b,
ESTAT:EDAT_LFSE_14(1.0),14/04/25 23:00:00,Annual,Total,Population,From 18 to 24 years,Percentage,Euro area – 20 countries (from 2023),2022,9.9,,
ESTAT:EDAT_LFSE_14(1.0),14/04/25 23:00:00,Annual,Total,Population,From 18 to 24 years,Percentage,Euro area – 20 countries (from 2023),2023,9.8,,
ESTAT:EDAT_LFSE_14(1.0),14/04/25 23:00:00,Annual,Total,Population,From 18 to 24 years,Percentage,Euro area – 20 countries (from 2023),2024,9.6,,
ESTAT:EDAT_LFSE_14(1.0),14/04/25 23:00:00,Annual,Total,Population,From 18 to 24 years,Percentage,Estonia,2015,13.7,,
ESTAT:EDAT_LFSE_14(1.0),14/04/25 23:00:00,Annual,Total,Population,From 18 to 24 years,Percentage,Estonia,2016,11.4,,
ESTAT:EDAT_LFSE_14(1.0),14/04/25 23:00:00,Annual,Total,Population,From 18 to 24 years,Percentage,Estonia,2017,11.8,,
ESTAT:EDAT_LFSE_14(1.0),14/04/25 23:00:00,Annual,Total,Population,From 18 to 24 years,Percentage,Estonia,2018,12.0,,
ESTAT:EDAT_LFSE_14(1.0),14/04/25 23:00:00,Annual,Total,Population,From 18 to 24 years,Percentage,Estonia,2019,11.2,,
ESTAT:EDAT_LFSE_14(1.0),14/04/25 23:00:00,Annual,Total,Population,From 18 to 24 years,Percentage,Estonia,2020,8.5,,
ESTAT:EDAT_LFSE_14(1.0),14/04/25 23:00:00,Annual,Total,Population,From 18 to 24 years,Percentage,Estonia,2021,9.8,b,
ESTAT:EDAT_LFSE_14(1.0),14/04/25 23:00:00,Annual,Total,Population,From 18 to 24 years,Percentage,Estonia,2022,10.8,,
ESTAT:EDAT_LFSE_14(1.0),14/04/25 23:00:00,Annual,Total,Population,From 18 to 24 years,Percentage,Estonia,2023,9.7,,
ESTAT:EDAT_LFSE_14(1.0),14/04/25 23:00:00,Annual,Total,Population,From 18 to 24 years,Percentage,Estonia,2024,11.0,,
ESTAT:EDAT_LFSE_14(1.0),14/04/25 23:00:00,Annual,Total,Population,From 18 to 24 years,Percentage,Greece,2015,7.9,,
ESTAT:EDAT_LFSE_14(1.0),14/04/25 23:00:00,Annual,Total,Population,From 18 to 24 years,Percentage,Greece,2016,6.2,,
ESTAT:EDAT_LFSE_14(1.0),14/04/25 23:00:00,Annual,Total,Population,From 18 to 24 years,Percentage,Greece,2017,6.0,,
ESTAT:EDAT_LFSE_14(1.0),14/04/25 23:00:00,Annual,Total,Population,From 18 to 24 years,Percentage,Greece,2018,4.7,,
ESTAT:EDAT_LFSE_14(1.0),14/04/25 23:00:00,Annual,Total,Population,From 18 to 24 years,Percentage,Greece,2019,4.1,,
ESTAT:EDAT_LFSE_14(1.0),14/04/25 23:00:00,Annual,Total,Population,From 18 to 24 years,Percentage,Greece,2020,3.8,,
ESTAT:EDAT_LFSE_14(1.0),14/04/25 23:00:00,Annual,Total,Population,From 18 to 24 years,Percentage,Greece,2021,3.2,b,
ESTAT:EDAT_LFSE_14(1.0),14/04/25 23:00:00,Annual,Total,Population,From 18 to 24 years,Percentage,Greece,2022,4.1,,
ESTAT:EDAT_LFSE_14(1.0),14/04/25 23:00:00,Annual,Total,Population,From 18 to 24 years,Percentage,Greece,2023,3.7,,
ESTAT:EDAT_LFSE_14(1.0),14/04/25 23:00:00,Annual,Total,Population,From 18 to 24 years,Percentage,Greece,2024,3.0,b,
ESTAT:EDAT_LFSE_14(1.0),14/04/25 23:00:00,Annual,Total,Population,From 18 to 24 years,Percentage,Spain,2015,20.0,,
ESTAT:EDAT_LFSE_14(1.0),14/04/25 23:00:00,Annual,Total,Population,From 18 to 24 years,Percentage,Spain,2016,19.0,,
ESTAT:EDAT_LFSE_14(1.0),14/04/25 23:00:00,Annual,Total,Population,From 18 to 24 years,Percentage,Spain,2017,18.3,,
ESTAT:EDAT_LFSE_14(1.0),14/04/25 23:00:00,Annual,Total,Population,From 18 to 24 years,Percentage,Spain,2018,17.9,,
ESTAT:EDAT_LFSE_14(1.0),14/04/25 23:00:00,Annual,Total,Population,From 18 to 24 years,Percentage,Spain,2019,17.3,,
ESTAT:EDAT_LFSE_14(1.0),14/04/25 23:00:00,Annual,Total,Population,From 18 to 24 years,Percentage,Spain,2020,16.0,,
ESTAT:EDAT_LFSE_14(1.0),14/04/25 23:00:00,Annual,Total,Population,From 18 to 24 years,Percentage,Spain,2021,13.3,b,
ESTAT:EDAT_LFSE_14(1.0),14/04/25 23:00:00,Annual,Total,Population,From 18 to 24 years,Percentage,Spain,2022,13.9,,
ESTAT:EDAT_LFSE_14(1.0),14/04/25 23:00:00,Annual,Total,Population,From 18 to 24 years,Percentage,Spain,2023,13.7,,
ESTAT:EDAT_LFSE_14(1.0),14/04/25 23:00:00,Annual,Total,Population,From 18 to 24 years,Percentage,Spain,2024,13.0,,
ESTAT:EDAT_LFSE_14(1.0),14/04/25 23:00:00,Annual,Total,Population,From 18 to 24 years,Percentage,European Union - 27 countries (from 2020),2015,11.0,,
ESTAT:EDAT_LFSE_14(1.0),14/04/25 23:00:00,Annual,Total,Population,From 18 to 24 years,Percentage,European Union - 27 countries (from 2020),2016,10.6,,
ESTAT:EDAT_LFSE_14(1.0),14/04/25 23:00:00,Annual,Total,Population,From 18 to 24 years,Percentage,European Union - 27 countries (from 2020),2017,10.5,,
ESTAT:EDAT_LFSE_14(1.0),14/04/25 23:00:00,Annual,Total,Population,From 18 to 24 years,Percentage,European Union - 27 countries (from 2020),2018,10.5,,
ESTAT:EDAT_LFSE_14(1.0),14/04/25 23:00:00,Annual,Total,Population,From 18 to 24 years,Percentage,European Union - 27 countries (from 2020),2019,10.1,,
ESTAT:EDAT_LFSE_14(1.0),14/04/25 23:00:00,Annual,Total,Population,From 18 to 24 years,Percentage,European Union - 27 countries (from 2020),2020,10.0,,
ESTAT:EDAT_LFSE_14(1.0),14/04/25 23:00:00,Annual,Total,Population,From 18 to 24 years,Percentage,European Union - 27 countries (from 2020),2021,9.8,b,
ESTAT:EDAT_LFSE_14(1.0),14/04/25 23:00:00,Annual,Total,Population,From 18 to 24 years,Percentage,European Union - 27 countries (from 2020),2022,9.7,,
ESTAT:EDAT_LFSE_14(1.0),14/04/25 23:00:00,Annual,Total,Population,From 18 to 24 years,Percentage,European Union - 27 countries (from 2020),2023,9.5,,
ESTAT:EDAT_LFSE_14(1.0),14/04/25 23:00:00,Annual,Total,Population,From 18 to 24 years,Percentage,European Union - 27 countries (from 2020),2024,9.3,,
ESTAT:EDAT_LFSE_14(1.0),14/04/25 23:00:00,Annual,Total,Population,From 18 to 24 years,Percentage,Finland,2015,9.2,,
ESTAT:EDAT_LFSE_14(1.0),14/04/25 23:00:00,Annual,Total,Population,From 18 to 24 years,Percentage,Finland,2016,7.9,,
ESTAT:EDAT_LFSE_14(1.0),14/04/25 23:00:00,Annual,Total,Population,From 18 to 24 years,Percentage,Finland,2017,8.2,,
ESTAT:EDAT_LFSE_14(1.0),14/04/25 23:00:00,Annual,Total,Population,From 18 to 24 years,Percentage,Finland,2018,8.3,,
ESTAT:EDAT_LFSE_14(1.0),14/04/25 23:00:00,Annual,Total,Population,From 18 to 24 years,Percentage,Finland,2019,7.3,,
ESTAT:EDAT_LFSE_14(1.0),14/04/25 23:00:00,Annual,Total,Population,From 18 to 24 years,Percentage,Finland,2020,8.2,,
ESTAT:EDAT_LFSE_14(1.0),14/04/25 23:00:00,Annual,Total,Population,From 18 to 24 years,Percentage,Finland,2021,8.2,b,
ESTAT:EDAT_LFSE_14(1.0),14/04/25 23:00:00,Annual,Total,Population,From 18 to 24 years,Percentage,Finland,2022,8.4,,
ESTAT:EDAT_LFSE_14(1.0),14/04/25 23:00:00,Annual,Total,Population,From 18 to 24 years,Percentage,Finland,2023,9.6,,
ESTAT:EDAT_LFSE_14(1.0),14/04/25 23:00:00,Annual,Total,Population,From 18 to 24 years,Percentage,Finland,2024,9.6,,
ESTAT:EDAT_LFSE_14(1.0),14/04/25 23:00:00,Annual,Total,Population,From 18 to 24 years,Percentage,France,2015,9.2,,
ESTAT:EDAT_LFSE_14(1.0),14/04/25 23:00:00,Annual,Total,Population,From 18 to 24 years,Percentage,France,2016,8.8,,
ESTAT:EDAT_LFSE_14(1.0),14/04/25 23:00:00,Annual,Total,Population,From 18 to 24 years,Percentage,France,2017,8.8,,
ESTAT:EDAT_LFSE_14(1.0),14/04/25 23:00:00,Annual,Total,Population,From 18 to 24 years,Percentage,France,2018,8.7,,
ESTAT:EDAT_LFSE_14(1.0),14/04/25 23:00:00,Annual,Total,Population,From 18 to 24 years,Percentage,France,2019,8.2,,
ESTAT:EDAT_LFSE_14(1.0),14/04/25 23:00:00,Annual,Total,Population,From 18 to 24 years,Percentage,France,2020,8.0,,
ESTAT:EDAT_LFSE_14(1.0),14/04/25 23:00:00,Annual,Total,Population,From 18 to 24 years,Percentage,France,2021,7.8,b,
ESTAT:EDAT_LFSE_14(1.0),14/04/25 23:00:00,Annual,Total,Population,From 18 to 24 years,Percentage,France,2022,7.6,,
ESTAT:EDAT_LFSE_14(1.0),14/04/25 23:00:00,Annual,Total,Population,From 18 to 24 years,Percentage,France,2023,7.6,,
ESTAT:EDAT_LFSE_14(1.0),14/04/25 23:00:00,Annual,Total,Population,From 18 to 24 years,Percentage,France,2024,7.7,,
ESTAT:EDAT_LFSE_14(1.0),14/04/25 23:00:00,Annual,Total,Population,From 18 to 24 years,Percentage,Croatia,2015,2.7,u,
ESTAT:EDAT_LFSE_14(1.0),14/04/25 23:00:00,Annual,Total,Population,From 18 to 24 years,Percentage,Croatia,2016,2.8,u,
ESTAT:EDAT_LFSE_14(1.0),14/04/25 23:00:00,Annual,Total,Population,From 18 to 24 years,Percentage,Croatia,2017,2.9,u,
ESTAT:EDAT_LFSE_14(1.0),14/04/25 23:00:00,Annual,Total,Population,From 18 to 24 years,Percentage,Croatia,2018,3.1,u,
ESTAT:EDAT_LFSE_14(1.0),14/04/25 23:00:00,Annual,Total,Population,From 18 to 24 years,Percentage,Croatia,2019,3.0,u,
ESTAT:EDAT_LFSE_14(1.0),14/04/25 23:00:00,Annual,Total,Population,From 18 to 24 years,Percentage,Croatia,2020,2.2,u,
ESTAT:EDAT_LFSE_14(1.0),14/04/25 23:00:00,Annual,Total,Population,From 18 to 24 years,Percentage,Croatia,2021,2.4,bu,
ESTAT:EDAT_LFSE_14(1.0),14/04/25 23:00:00,Annual,Total,Population,From 18 to 24 years,Percentage,Croatia,2022,2.1,u,
ESTAT:EDAT_LFSE_14(1.0),14/04/25 23:00:00,Annual,Total,Population,From 18 to 24 years,Percentage,Croatia,2023,2.0,u,
ESTAT:EDAT_LFSE_14(1.0),14/04/25 23:00:00,Annual,Total,Population,From 18 to 24 years,Percentage,Croatia,2024,2.0,u,
ESTAT:EDAT_LFSE_14(1.0),14/04/25 23:00:00,Annual,Total,Population,From 18 to 24 years,Percentage,Hungary,2015,11.6,b,
ESTAT:EDAT_LFSE_14(1.0),14/04/25 23:00:00,Annual,Total,Population,From 18 to 24 years,Percentage,Hungary,2016,12.4,,
ESTAT:EDAT_LFSE_14(1.0),14/04/25 23:00:00,Annual,Total,Population,From 18 to 24 years,Percentage,Hungary,2017,12.5,,
ESTAT:EDAT_LFSE_14(1.0),14/04/25 23:00:00,Annual,Total,Population,From 18 to 24 years,Percentage,Hungary,2018,12.4,b,
ESTAT:EDAT_LFSE_14(1.0),14/04/25 23:00:00,Annual,Total,Population,From 18 to 24 years,Percentage,Hungary,2019,11.9,,
ESTAT:EDAT_LFSE_14(1.0),14/04/25 23:00:00,Annual,Total,Population,From 18 to 24 years,Percentage,Hungary,2020,12.0,,
ESTAT:EDAT_LFSE_14(1.0),14/04/25 23:00:00,Annual,Total,Population,From 18 to 24 years,Percentage,Hungary,2021,12.0,b,
ESTAT:EDAT_LFSE_14(1.0),14/04/25 23:00:00,Annual,Total,Population,From 18 to 24 years,Percentage,Hungary,2022,12.2,,
ESTAT:EDAT_LFSE_14(1.0),14/04/25 23:00:00,Annual,Total,Population,From 18 to 24 years,Percentage,Hungary,2023,11.6,,
ESTAT:EDAT_LFSE_14(1.0),14/04/25 23:00:00,Annual,Total,Population,From 18 to 24 years,Percentage,Hungary,2024,10.3,,
ESTAT:EDAT_LFSE_14(1.0),14/04/25 23:00:00,Annual,Total,Population,From 18 to 24 years,Percentage,Ireland,2015,6.8,,
ESTAT:EDAT_LFSE_14(1.0),14/04/25 23:00:00,Annual,Total,Population,From 18 to 24 years,Percentage,Ireland,2016,6.0,,
ESTAT:EDAT_LFSE_14(1.0),14/04/25 23:00:00,Annual,Total,Population,From 18 to 24 years,Percentage,Ireland,2017,5.0,b,
ESTAT:EDAT_LFSE_14(1.0),14/04/25 23:00:00,Annual,Total,Population,From 18 to 24 years,Percentage,Ireland,2018,5.0,,
ESTAT:EDAT_LFSE_14(1.0),14/04/25 23:00:00,Annual,Total,Population,From 18 to 24 years,Percentage,Ireland,2019,5.1,,
ESTAT:EDAT_LFSE_14(1.0),14/04/25 23:00:00,Annual,Total,Population,From 18 to 24 years,Percentage,Ireland,2020,5.0,,
ESTAT:EDAT_LFSE_14(1.0),14/04/25 23:00:00,Annual,Total,Population,From 18 to 24 years,Percentage,Ireland,2021,3.3,b,
ESTAT:EDAT_LFSE_14(1.0),14/04/25 23:00:00,Annual,Total,Population,From 18 to 24 years,Percentage,Ireland,2022,3.7,,
ESTAT:EDAT_LFSE_14(1.0),14/04/25 23:00:00,Annual,Total,Population,From 18 to 24 years,Percentage,Ireland,2023,4.0,,
ESTAT:EDAT_LFSE_14(1.0),14/04/25 23:00:00,Annual,Total,Population,From 18 to 24 years,Percentage,Ireland,2024,2.8,b,
ESTAT:EDAT_LFSE_14(1.0),14/04/25 23:00:00,Annual,Total,Population,From 18 to 24 years,Percentage,Iceland,2015,18.8,,
ESTAT:EDAT_LFSE_14(1.0),14/04/25 23:00:00,Annual,Total,Population,From 18 to 24 years,Percentage,Iceland,2016,19.8,,
ESTAT:EDAT_LFSE_14(1.0),14/04/25 23:00:00,Annual,Total,Population,From 18 to 24 years,Percentage,Iceland,2017,17.8,,
ESTAT:EDAT_LFSE_14(1.0),14/04/25 23:00:00,Annual,Total,Population,From 18 to 24 years,Percentage,Iceland,2018,21.5,,
ESTAT:EDAT_LFSE_14(1.0),14/04/25 23:00:00,Annual,Total,Population,From 18 to 24 years,Percentage,Iceland,2019,17.9,,
ESTAT:EDAT_LFSE_14(1.0),14/04/25 23:00:00,Annual,Total,Population,From 18 to 24 years,Percentage,Iceland,2020,14.8,b,
ESTAT:EDAT_LFSE_14(1.0),14/04/25 23:00:00,Annual,Total,Population,From 18 to 24 years,Percentage,Iceland,2021,14.4,b,
ESTAT:EDAT_LFSE_14(1.0),14/04/25 23:00:00,Annual,Total,Population,From 18 to 24 years,Percentage,Iceland,2022,16.5,,
ESTAT:EDAT_LFSE_14(1.0),14/04/25 23:00:00,Annual,Total,Population,From 18 to 24 years,Percentage,Iceland,2023,15.8,,
ESTAT:EDAT_LFSE_14(1.0),14/04/25 23:00:00,Annual,Total,Population,From 18 to 24 years,Percentage,Iceland,2024,15.3,,
ESTAT:EDAT_LFSE_14(1.0),14/04/25 23:00:00,Annual,Total,Population,From 18 to 24 years,Percentage,Italy,2015,14.7,,
ESTAT:EDAT_LFSE_14(1.0),14/04/25 23:00:00,Annual,Total,Population,From 18 to 24 years,Percentage,Italy,2016,13.8,,
ESTAT:EDAT_LFSE_14(1.0),14/04/25 23:00:00,Annual,Total,Population,From 18 to 24 years,Percentage,Italy,2017,14.0,,
ESTAT:EDAT_LFSE_14(1.0),14/04/25 23:00:00,Annual,Total,Population,From 18 to 24 years,Percentage,Italy,2018,14.3,b,
ESTAT:EDAT_LFSE_14(1.0),14/04/25 23:00:00,Annual,Total,Population,From 18 to 24 years,Percentage,Italy,2019,13.3,,
ESTAT:EDAT_LFSE_14(1.0),14/04/25 23:00:00,Annual,Total,Population,From 18 to 24 years,Percentage,Italy,2020,14.2,,
ESTAT:EDAT_LFSE_14(1.0),14/04/25 23:00:00,Annual,Total,Population,From 18 to 24 years,Percentage,Italy,2021,12.7,b,
ESTAT:EDAT_LFSE_14(1.0),14/04/25 23:00:00,Annual,Total,Population,From 18 to 24 years,Percentage,Italy,2022,11.5,,
ESTAT:EDAT_LFSE_14(1.0),14/04/25 23:00:00,Annual,Total,Population,From 18 to 24 years,Percentage,Italy,2023,10.5,,
ESTAT:EDAT_LFSE_14(1.0),14/04/25 23:00:00,Annual,Total,Population,From 18 to 24 years,Percentage,Italy,2024,9.8,,
ESTAT:EDAT_LFSE_14(1.0),14/04/25 23:00:00,Annual,Total,Population,From 18 to 24 years,Percentage,Lithuania,2015,5.5,,
ESTAT:EDAT_LFSE_14(1.0),14/04/25 23:00:00,Annual,Total,Population,From 18 to 24 years,Percentage,Lithuania,2016,4.8,,
ESTAT:EDAT_LFSE_14(1.0),14/04/25 23:00:00,Annual,Total,Population,From 18 to 24 years,Percentage,Lithuania,2017,5.4,,
ESTAT:EDAT_LFSE_14(1.0),14/04/25 23:00:00,Annual,Total,Population,From 18 to 24 years,Percentage,Lithuania,2018,4.6,,
ESTAT:EDAT_LFSE_14(1.0),14/04/25 23:00:00,Annual,Total,Population,From 18 to 24 years,Percentage,Lithuania,2019,4.0,,
ESTAT:EDAT_LFSE_14(1.0),14/04/25 23:00:00,Annual,Total,Population,From 18 to 24 years,Percentage,Lithuania,2020,5.6,,
ESTAT:EDAT_LFSE_14(1.0),14/04/25 23:00:00,Annual,Total,Population,From 18 to 24 years,Percentage,Lithuania,2021,5.3,b,
ESTAT:EDAT_LFSE_14(1.0),14/04/25 23:00:00,Annual,Total,Population,From 18 to 24 years,Percentage,Lithuania,2022,4.8,,
ESTAT:EDAT_LFSE_14(1.0),14/04/25 23:00:00,Annual,Total,Population,From 18 to 24 years,Percentage,Lithuania,2023,6.4,,
ESTAT:EDAT_LFSE_14(1.0),14/04/25 23:00:00,Annual,Total,Population,From 18 to 24 years,Percentage,Lithuania,2024,8.4,,
ESTAT:EDAT_LFSE_14(1.0),14/04/25 23:00:00,Annual,Total,Population,From 18 to 24 years,Percentage,Luxembourg,2015,9.3,b,
ESTAT:EDAT_LFSE_14(1.0),14/04/25 23:00:00,Annual,Total,Population,From 18 to 24 years,Percentage,Luxembourg,2016,5.5,,
ESTAT:EDAT_LFSE_14(1.0),14/04/25 23:00:00,Annual,Total,Population,From 18 to 24 years,Percentage,Luxembourg,2017,7.3,,
ESTAT:EDAT_LFSE_14(1.0),14/04/25 23:00:00,Annual,Total,Population,From 18 to 24 years,Percentage,Luxembourg,2018,6.3,,
ESTAT:EDAT_LFSE_14(1.0),14/04/25 23:00:00,Annual,Total,Population,From 18 to 24 years,Percentage,Luxembourg,2019,7.2,,
ESTAT:EDAT_LFSE_14(1.0),14/04/25 23:00:00,Annual,Total,Population,From 18 to 24 years,Percentage,Luxembourg,2020,8.2,,
ESTAT:EDAT_LFSE_14(1.0),14/04/25 23:00:00,Annual,Total,Population,From 18 to 24 years,Percentage,Luxembourg,2021,9.3,b,
ESTAT:EDAT_LFSE_14(1.0),14/04/25 23:00:00,Annual,Total,Population,From 18 to 24 years,Percentage,Luxembourg,2022,8.2,,
ESTAT:EDAT_LFSE_14(1.0),14/04/25 23:00:00,Annual,Total,Population,From 18 to 24 years,Percentage,Luxembourg,2023,6.8,u,
ESTAT:EDAT_LFSE_14(1.0),14/04/25 23:00:00,Annual,Total,Population,From 18 to 24 years,Percentage,Luxembourg,2024,7.8,u,
ESTAT:EDAT_LFSE_14(1.0),14/04/25 23:00:00,Annual,Total,Population,From 18 to 24 years,Percentage,Latvia,2015,9.9,,
ESTAT:EDAT_LFSE_14(1.0),14/04/25 23:00:00,Annual,Total,Population,From 18 to 24 years,Percentage,Latvia,2016,10.0,,
ESTAT:EDAT_LFSE_14(1.0),14/04/25 23:00:00,Annual,Total,Population,From 18 to 24 years,Percentage,Latvia,2017,8.6,,
ESTAT:EDAT_LFSE_14(1.0),14/04/25 23:00:00,Annual,Total,Population,From 18 to 24 years,Percentage,Latvia,2018,8.3,,
ESTAT:EDAT_LFSE_14(1.0),14/04/25 23:00:00,Annual,Total,Population,From 18 to 24 years,Percentage,Latvia,2019,8.7,,
ESTAT:EDAT_LFSE_14(1.0),14/04/25 23:00:00,Annual,Total,Population,From 18 to 24 years,Percentage,Latvia,2020,7.2,,
ESTAT:EDAT_LFSE_14(1.0),14/04/25 23:00:00,Annual,Total,Population,From 18 to 24 years,Percentage,Latvia,2021,7.3,b,
ESTAT:EDAT_LFSE_14(1.0),14/04/25 23:00:00,Annual,Total,Population,From 18 to 24 years,Percentage,Latvia,2022,6.7,,
ESTAT:EDAT_LFSE_14(1.0),14/04/25 23:00:00,Annual,Total,Population,From 18 to 24 years,Percentage,Latvia,2023,7.7,,
ESTAT:EDAT_LFSE_14(1.0),14/04/25 23:00:00,Annual,Total,Population,From 18 to 24 years,Percentage,Latvia,2024,7.9,,
ESTAT:EDAT_LFSE_14(1.0),14/04/25 23:00:00,Annual,Total,Population,From 18 to 24 years,Percentage,Montenegro,2015,5.7,,
ESTAT:EDAT_LFSE_14(1.0),14/04/25 23:00:00,Annual,Total,Population,From 18 to 24 years,Percentage,Montenegro,2016,5.5,,
ESTAT:EDAT_LFSE_14(1.0),14/04/25 23:00:00,Annual,Total,Population,From 18 to 24 years,Percentage,Montenegro,2017,5.4,,
ESTAT:EDAT_LFSE_14(1.0),14/04/25 23:00:00,Annual,Total,Population,From 18 to 24 years,Percentage,Montenegro,2018,4.6,,
ESTAT:EDAT_LFSE_14(1.0),14/04/25 23:00:00,Annual,Total,Population,From 18 to 24 years,Percentage,Montenegro,2019,5.0,,
ESTAT:EDAT_LFSE_14(1.0),14/04/25 23:00:00,Annual,Total,Population,From 18 to 24 years,Percentage,Montenegro,2020,3.6,,
ESTAT:EDAT_LFSE_14(1.0),14/04/25 23:00:00,Annual,Total,Population,From 18 to 24 years,Percentage,North Macedonia,2015,11.4,,
ESTAT:EDAT_LFSE_14(1.0),14/04/25 23:00:00,Annual,Total,Population,From 18 to 24 years,Percentage,North Macedonia,2016,9.9,,
ESTAT:EDAT_LFSE_14(1.0),14/04/25 23:00:00,Annual,Total,Population,From 18 to 24 years,Percentage,North Macedonia,2017,8.5,,
ESTAT:EDAT_LFSE_14(1.0),14/04/25 23:00:00,Annual,Total,Population,From 18 to 24 years,Percentage,North Macedonia,2018,7.1,,
ESTAT:EDAT_LFSE_14(1.0),14/04/25 23:00:00,Annual,Total,Population,From 18 to 24 years,Percentage,North Macedonia,2019,7.1,,
ESTAT:EDAT_LFSE_14(1.0),14/04/25 23:00:00,Annual,Total,Population,From 18 to 24 years,Percentage,North Macedonia,2020,5.7,,
ESTAT:EDAT_LFSE_14(1.0),14/04/25 23:00:00,Annual,Total,Population,From 18 to 24 years,Percentage,Malta,2015,16.3,,
ESTAT:EDAT_LFSE_14(1.0),14/04/25 23:00:00,Annual,Total,Population,From 18 to 24 years,Percentage,Malta,2016,15.6,,
ESTAT:EDAT_LFSE_14(1.0),14/04/25 23:00:00,Annual,Total,Population,From 18 to 24 years,Percentage,Malta,2017,14.0,b,
ESTAT:EDAT_LFSE_14(1.0),14/04/25 23:00:00,Annual,Total,Population,From 18 to 24 years,Percentage,Malta,2018,14.0,,
ESTAT:EDAT_LFSE_14(1.0),14/04/25 23:00:00,Annual,Total,Population,From 18 to 24 years,Percentage,Malta,2019,14.2,,
ESTAT:EDAT_LFSE_14(1.0),14/04/25 23:00:00,Annual,Total,Population,From 18 to 24 years,Percentage,Malta,2020,13.0,,
ESTAT:EDAT_LFSE_14(1.0),14/04/25 23:00:00,Annual,Total,Population,From 18 to 24 years,Percentage,Malta,2021,10.9,b,
ESTAT:EDAT_LFSE_14(1.0),14/04/25 23:00:00,Annual,Total,Population,From 18 to 24 years,Percentage,Malta,2022,10.3,,
ESTAT:EDAT_LFSE_14(1.0),14/04/25 23:00:00,Annual,Total,Population,From 18 to 24 years,Percentage,Malta,2023,10.2,,
ESTAT:EDAT_LFSE_14(1.0),14/04/25 23:00:00,Annual,Total,Population,From 18 to 24 years,Percentage,Malta,2024,9.6,,
ESTAT:EDAT_LFSE_14(1.0),14/04/25 23:00:00,Annual,Total,Population,From 18 to 24 years,Percentage,Netherlands,2015,8.2,,
ESTAT:EDAT_LFSE_14(1.0),14/04/25 23:00:00,Annual,Total,Population,From 18 to 24 years,Percentage,Netherlands,2016,8.0,,
ESTAT:EDAT_LFSE_14(1.0),14/04/25 23:00:00,Annual,Total,Population,From 18 to 24 years,Percentage,Netherlands,2017,7.1,,
ESTAT:EDAT_LFSE_14(1.0),14/04/25 23:00:00,Annual,Total,Population,From 18 to 24 years,Percentage,Netherlands,2018,7.3,,
ESTAT:EDAT_LFSE_14(1.0),14/04/25 23:00:00,Annual,Total,Population,From 18 to 24 years,Percentage,Netherlands,2019,7.5,b,
ESTAT:EDAT_LFSE_14(1.0),14/04/25 23:00:00,Annual,Total,Population,From 18 to 24 years,Percentage,Netherlands,2020,7.0,,
ESTAT:EDAT_LFSE_14(1.0),14/04/25 23:00:00,Annual,Total,Population,From 18 to 24 years,Percentage,Netherlands,2021,5.1,b,
ESTAT:EDAT_LFSE_14(1.0),14/04/25 23:00:00,Annual,Total,Population,From 18 to 24 years,Percentage,Netherlands,2022,5.6,,
ESTAT:EDAT_LFSE_14(1.0),14/04/25 23:00:00,Annual,Total,Population,From 18 to 24 years,Percentage,Netherlands,2023,6.2,,
ESTAT:EDAT_LFSE_14(1.0),14/04/25 23:00:00,Annual,Total,Population,From 18 to 24 years,Percentage,Netherlands,2024,7.0,,
ESTAT:EDAT_LFSE_14(1.0),14/04/25 23:00:00,Annual,Total,Population,From 18 to 24 years,Percentage,Norway,2015,10.2,,
ESTAT:EDAT_LFSE_14(1.0),14/04/25 23:00:00,Annual,Total,Population,From 18 to 24 years,Percentage,Norway,2016,10.9,,
ESTAT:EDAT_LFSE_14(1.0),14/04/25 23:00:00,Annual,Total,Population,From 18 to 24 years,Percentage,Norway,2017,10.4,,
ESTAT:EDAT_LFSE_14(1.0),14/04/25 23:00:00,Annual,Total,Population,From 18 to 24 years,Percentage,Norway,2018,9.9,,
ESTAT:EDAT_LFSE_14(1.0),14/04/25 23:00:00,Annual,Total,Population,From 18 to 24 years,Percentage,Norway,2019,9.9,,
ESTAT:EDAT_LFSE_14(1.0),14/04/25 23:00:00,Annual,Total,Population,From 18 to 24 years,Percentage,Norway,2020,9.9,,
ESTAT:EDAT_LFSE_14(1.0),14/04/25 23:00:00,Annual,Total,Population,From 18 to 24 years,Percentage,Norway,2021,12.3,b,
ESTAT:EDAT_LFSE_14(1.0),14/04/25 23:00:00,Annual,Total,Population,From 18 to 24 years,Percentage,Norway,2022,13.2,,
ESTAT:EDAT_LFSE_14(1.0),14/04/25 23:00:00,Annual,Total,Population,From 18 to 24 years,Percentage,Norway,2023,12.5,,
ESTAT:EDAT_LFSE_14(1.0),14/04/25 23:00:00,Annual,Total,Population,From 18 to 24 years,Percentage,Norway,2024,13.0,,
ESTAT:EDAT_LFSE_14(1.0),14/04/25 23:00:00,Annual,Total,Population,From 18 to 24 years,Percentage,Poland,2015,5.3,,
ESTAT:EDAT_LFSE_14(1.0),14/04/25 23:00:00,Annual,Total,Population,From 18 to 24 years,Percentage,Poland,2016,5.2,,
ESTAT:EDAT_LFSE_14(1.0),14/04/25 23:00:00,Annual,Total,Population,From 18 to 24 years,Percentage,Poland,2017,5.0,,
ESTAT:EDAT_LFSE_14(1.0),14/04/25 23:00:00,Annual,Total,Population,From 18 to 24 years,Percentage,Poland,2018,4.8,b,
ESTAT:EDAT_LFSE_14(1.0),14/04/25 23:00:00,Annual,Total,Population,From 18 to 24 years,Percentage,Poland,2019,5.1,b,
ESTAT:EDAT_LFSE_14(1.0),14/04/25 23:00:00,Annual,Total,Population,From 18 to 24 years,Percentage,Poland,2020,5.3,,
ESTAT:EDAT_LFSE_14(1.0),14/04/25 23:00:00,Annual,Total,Population,From 18 to 24 years,Percentage,Poland,2021,5.8,b,
ESTAT:EDAT_LFSE_14(1.0),14/04/25 23:00:00,Annual,Total,Population,From 18 to 24 years,Percentage,Poland,2022,4.7,,
ESTAT:EDAT_LFSE_14(1.0),14/04/25 23:00:00,Annual,Total,Population,From 18 to 24 years,Percentage,Poland,2023,3.7,,
ESTAT:EDAT_LFSE_14(1.0),14/04/25 23:00:00,Annual,Total,Population,From 18 to 24 years,Percentage,Poland,2024,4.1,,
ESTAT:EDAT_LFSE_14(1.0),14/04/25 23:00:00,Annual,Total,Population,From 18 to 24 years,Percentage,Portugal,2015,13.5,,
ESTAT:EDAT_LFSE_14(1.0),14/04/25 23:00:00,Annual,Total,Population,From 18 to 24 years,Percentage,Portugal,2016,13.9,,
ESTAT:EDAT_LFSE_14(1.0),14/04/25 23:00:00,Annual,Total,Population,From 18 to 24 years,Percentage,Portugal,2017,12.6,,
ESTAT:EDAT_LFSE_14(1.0),14/04/25 23:00:00,Annual,Total,Population,From 18 to 24 years,Percentage,Portugal,2018,11.6,,
ESTAT:EDAT_LFSE_14(1.0),14/04/25 23:00:00,Annual,Total,Population,From 18 to 24 years,Percentage,Portugal,2019,10.5,,
ESTAT:EDAT_LFSE_14(1.0),14/04/25 23:00:00,Annual,Total,Population,From 18 to 24 years,Percentage,Portugal,2020,9.1,,
ESTAT:EDAT_LFSE_14(1.0),14/04/25 23:00:00,Annual,Total,Population,From 18 to 24 years,Percentage,Portugal,2021,6.4,b,
ESTAT:EDAT_LFSE_14(1.0),14/04/25 23:00:00,Annual,Total,Population,From 18 to 24 years,Percentage,Portugal,2022,6.3,,
ESTAT:EDAT_LFSE_14(1.0),14/04/25 23:00:00,Annual,Total,Population,From 18 to 24 years,Percentage,Portugal,2023,8.1,,
ESTAT:EDAT_LFSE_14(1.0),14/04/25 23:00:00,Annual,Total,Population,From 18 to 24 years,Percentage,Portugal,2024,6.6,,
ESTAT:EDAT_LFSE_14(1.0),14/04/25 23:00:00,Annual,Total,Population,From 18 to 24 years,Percentage,Romania,2015,19.1,,
ESTAT:EDAT_LFSE_14(1.0),14/04/25 23:00:00,Annual,Total,Population,From 18 to 24 years,Percentage,Romania,2016,18.5,,
ESTAT:EDAT_LFSE_14(1.0),14/04/25 23:00:00,Annual,Total,Population,From 18 to 24 years,Percentage,Romania,2017,18.1,,
ESTAT:EDAT_LFSE_14(1.0),14/04/25 23:00:00,Annual,Total,Population,From 18 to 24 years,Percentage,Romania,2018,16.4,,
ESTAT:EDAT_LFSE_14(1.0),14/04/25 23:00:00,Annual,Total,Population,From 18 to 24 years,Percentage,Romania,2019,15.3,,
ESTAT:EDAT_LFSE_14(1.0),14/04/25 23:00:00,Annual,Total,Population,From 18 to 24 years,Percentage,Romania,2020,15.6,,
ESTAT:EDAT_LFSE_14(1.0),14/04/25 23:00:00,Annual,Total,Population,From 18 to 24 years,Percentage,Romania,2021,15.3,b,
ESTAT:EDAT_LFSE_14(1.0),14/04/25 23:00:00,Annual,Total,Population,From 18 to 24 years,Percentage,Romania,2022,15.6,,
ESTAT:EDAT_LFSE_14(1.0),14/04/25 23:00:00,Annual,Total,Population,From 18 to 24 years,Percentage,Romania,2023,16.6,,
ESTAT:EDAT_LFSE_14(1.0),14/04/25 23:00:00,Annual,Total,Population,From 18 to 24 years,Percentage,Romania,2024,16.8,,
ESTAT:EDAT_LFSE_14(1.0),14/04/25 23:00:00,Annual,Total,Population,From 18 to 24 years,Percentage,Serbia,2015,7.5,,
ESTAT:EDAT_LFSE_14(1.0),14/04/25 23:00:00,Annual,Total,Population,From 18 to 24 years,Percentage,Serbia,2016,7.0,,
ESTAT:EDAT_LFSE_14(1.0),14/04/25 23:00:00,Annual,Total,Population,From 18 to 24 years,Percentage,Serbia,2017,6.2,,
ESTAT:EDAT_LFSE_14(1.0),14/04/25 23:00:00,Annual,Total,Population,From 18 to 24 years,Percentage,Serbia,2018,6.8,,
ESTAT:EDAT_LFSE_14(1.0),14/04/25 23:00:00,Annual,Total,Population,From 18 to 24 years,Percentage,Serbia,2019,6.6,,
ESTAT:EDAT_LFSE_14(1.0),14/04/25 23:00:00,Annual,Total,Population,From 18 to 24 years,Percentage,Serbia,2020,5.6,,
ESTAT:EDAT_LFSE_14(1.0),14/04/25 23:00:00,Annual,Total,Population,From 18 to 24 years,Percentage,Serbia,2021,7.7,b,
ESTAT:EDAT_LFSE_14(1.0),14/04/25 23:00:00,Annual,Total,Population,From 18 to 24 years,Percentage,Serbia,2022,5.7,,
ESTAT:EDAT_LFSE_14(1.0),14/04/25 23:00:00,Annual,Total,Population,From 18 to 24 years,Percentage,Serbia,2023,5.8,,
ESTAT:EDAT_LFSE_14(1.0),14/04/25 23:00:00,Annual,Total,Population,From 18 to 24 years,Percentage,Serbia,2024,6.2,,
ESTAT:EDAT_LFSE_14(1.0),14/04/25 23:00:00,Annual,Total,Population,From 18 to 24 years,Percentage,Sweden,2015,7.0,,
ESTAT:EDAT_LFSE_14(1.0),14/04/25 23:00:00,Annual,Total,Population,From 18 to 24 years,Percentage,Sweden,2016,7.4,,
ESTAT:EDAT_LFSE_14(1.0),14/04/25 23:00:00,Annual,Total,Population,From 18 to 24 years,Percentage,Sweden,2017,7.7,,
ESTAT:EDAT_LFSE_14(1.0),14/04/25 23:00:00,Annual,Total,Population,From 18 to 24 years,Percentage,Sweden,2018,7.5,b,
ESTAT:EDAT_LFSE_14(1.0),14/04/25 23:00:00,Annual,Total,Population,From 18 to 24 years,Percentage,Sweden,2019,6.5,,
ESTAT:EDAT_LFSE_14(1.0),14/04/25 23:00:00,Annual,Total,Population,From 18 to 24 years,Percentage,Sweden,2020,7.7,,
ESTAT:EDAT_LFSE_14(1.0),14/04/25 23:00:00,Annual,Total,Population,From 18 to 24 years,Percentage,Sweden,2021,8.4,b,
ESTAT:EDAT_LFSE_14(1.0),14/04/25 23:00:00,Annual,Total,Population,From 18 to 24 years,Percentage,Sweden,2022,8.8,,
ESTAT:EDAT_LFSE_14(1.0),14/04/25 23:00:00,Annual,Total,Population,From 18 to 24 years,Percentage,Sweden,2023,7.4,,
ESTAT:EDAT_LFSE_14(1.0),14/04/25 23:00:00,Annual,Total,Population,From 18 to 24 years,Percentage,Sweden,2024,7.2,,
ESTAT:EDAT_LFSE_14(1.0),14/04/25 23:00:00,Annual,Total,Population,From 18 to 24 years,Percentage,Slovenia,2015,5.0,,
ESTAT:EDAT_LFSE_14(1.0),14/04/25 23:00:00,Annual,Total,Population,From 18 to 24 years,Percentage,Slovenia,2016,4.9,,
ESTAT:EDAT_LFSE_14(1.0),14/04/25 23:00:00,Annual,Total,Population,From 18 to 24 years,Percentage,Slovenia,2017,4.3,,
ESTAT:EDAT_LFSE_14(1.0),14/04/25 23:00:00,Annual,Total,Population,From 18 to 24 years,Percentage,Slovenia,2018,4.2,,
ESTAT:EDAT_LFSE_14(1.0),14/04/25 23:00:00,Annual,Total,Population,From 18 to 24 years,Percentage,Slovenia,2019,4.6,,
ESTAT:EDAT_LFSE_14(1.0),14/04/25 23:00:00,Annual,Total,Population,From 18 to 24 years,Percentage,Slovenia,2020,4.1,,
ESTAT:EDAT_LFSE_14(1.0),14/04/25 23:00:00,Annual,Total,Population,From 18 to 24 years,Percentage,Slovenia,2021,3.1,bu,
ESTAT:EDAT_LFSE_14(1.0),14/04/25 23:00:00,Annual,Total,Population,From 18 to 24 years,Percentage,Slovenia,2022,4.0,,
ESTAT:EDAT_LFSE_14(1.0),14/04/25 23:00:00,Annual,Total,Population,From 18 to 24 years,Percentage,Slovenia,2023,5.4,b,
ESTAT:EDAT_LFSE_14(1.0),14/04/25 23:00:00,Annual,Total,Population,From 18 to 24 years,Percentage,Slovenia,2024,5.0,,
ESTAT:EDAT_LFSE_14(1.0),14/04/25 23:00:00,Annual,Total,Population,From 18 to 24 years,Percentage,Slovakia,2015,6.9,,
ESTAT:EDAT_LFSE_14(1.0),14/04/25 23:00:00,Annual,Total,Population,From 18 to 24 years,Percentage,Slovakia,2016,7.4,,
ESTAT:EDAT_LFSE_14(1.0),14/04/25 23:00:00,Annual,Total,Population,From 18 to 24 years,Percentage,Slovakia,2017,9.3,,
ESTAT:EDAT_LFSE_14(1.0),14/04/25 23:00:00,Annual,Total,Population,From 18 to 24 years,Percentage,Slovakia,2018,8.6,,
ESTAT:EDAT_LFSE_14(1.0),14/04/25 23:00:00,Annual,Total,Population,From 18 to 24 years,Percentage,Slovakia,2019,8.3,,
ESTAT:EDAT_LFSE_14(1.0),14/04/25 23:00:00,Annual,Total,Population,From 18 to 24 years,Percentage,Slovakia,2020,7.6,,
ESTAT:EDAT_LFSE_14(1.0),14/04/25 23:00:00,Annual,Total,Population,From 18 to 24 years,Percentage,Slovakia,2021,7.8,b,
ESTAT:EDAT_LFSE_14(1.0),14/04/25 23:00:00,Annual,Total,Population,From 18 to 24 years,Percentage,Slovakia,2022,7.4,b,
ESTAT:EDAT_LFSE_14(1.0),14/04/25 23:00:00,Annual,Total,Population,From 18 to 24 years,Percentage,Slovakia,2023,6.4,,
ESTAT:EDAT_LFSE_14(1.0),14/04/25 23:00:00,Annual,Total,Population,From 18 to 24 years,Percentage,Slovakia,2024,7.5,,
ESTAT:EDAT_LFSE_14(1.0),14/04/25 23:00:00,Annual,Total,Population,From 18 to 24 years,Percentage,Türkiye,2015,36.4,,
ESTAT:EDAT_LFSE_14(1.0),14/04/25 23:00:00,Annual,Total,Population,From 18 to 24 years,Percentage,Türkiye,2016,34.3,,
ESTAT:EDAT_LFSE_14(1.0),14/04/25 23:00:00,Annual,Total,Population,From 18 to 24 years,Percentage,Türkiye,2017,32.5,,
ESTAT:EDAT_LFSE_14(1.0),14/04/25 23:00:00,Annual,Total,Population,From 18 to 24 years,Percentage,Türkiye,2018,31.0,,
ESTAT:EDAT_LFSE_14(1.0),14/04/25 23:00:00,Annual,Total,Population,From 18 to 24 years,Percentage,Türkiye,2019,28.7,,
ESTAT:EDAT_LFSE_14(1.0),14/04/25 23:00:00,Annual,Total,Population,From 18 to 24 years,Percentage,Türkiye,2020,26.7,,
ESTAT:EDAT_LFSE_14(1.0),14/04/25 23:00:00,Annual,Total,Population,From 18 to 24 years,Percentage,Türkiye,2021,23.1,b,
ESTAT:EDAT_LFSE_14(1.0),14/04/25 23:00:00,Annual,Total,Population,From 18 to 24 years,Percentage,Türkiye,2022,21.2,,
ESTAT:EDAT_LFSE_14(1.0),14/04/25 23:00:00,Annual,Total,Population,From 18 to 24 years,Percentage,Türkiye,2023,19.5,,
ESTAT:EDAT_LFSE_14(1.0),14/04/25 23:00:00,Annual,Total,Population,From 18 to 24 years,Percentage,Türkiye,2024,18.7,,
ESTAT:EDAT_LFSE_14(1.0),14/04/25 23:00:00,Annual,Total,Population,From 18 to 24 years,Percentage,United Kingdom,2015,10.8,,
ESTAT:EDAT_LFSE_14(1.0),14/04/25 23:00:00,Annual,Total,Population,From 18 to 24 years,Percentage,United Kingdom,2016,11.2,,
ESTAT:EDAT_LFSE_14(1.0),14/04/25 23:00:00,Annual,Total,Population,From 18 to 24 years,Percentage,United Kingdom,2017,10.6,,
ESTAT:EDAT_LFSE_14(1.0),14/04/25 23:00:00,Annual,Total,Population,From 18 to 24 years,Percentage,United Kingdom,2018,10.7,,
ESTAT:EDAT_LFSE_14(1.0),14/04/25 23:00:00,Annual,Total,Population,From 18 to 24 years,Percentage,United Kingdom,2019,10.9,,
