DATAFLOW,LAST UPDATE,freq,unit,sex,age,isced11,geo,TIME_PERIOD,OBS_VALUE,OBS_FLAG,CONF_STATUS
ESTAT:LFSA_ERGAED(1.0),14/04/25 23:00:00,Annual,Percentage,Females,From 15 to 64 years,All ISCED 2011 levels,Austria,2015,67.1,,
ESTAT:LFSA_ERGAED(1.0),14/04/25 23:00:00,Annual,Percentage,Females,From 15 to 64 years,All ISCED 2011 levels,Austria,2016,67.7,,
ESTAT:LFSA_ERGAED(1.0),14/04/25 23:00:00,Annual,Percentage,Females,From 15 to 64 years,All ISCED 2011 levels,Austria,2017,68.2,,
ESTAT:LFSA_ERGAED(1.0),14/04/25 23:00:00,Annual,Percentage,Females,From 15 to 64 years,All ISCED 2011 levels,Austria,2018,68.6,,
ESTAT:LFSA_ERGAED(1.0),14/04/25 23:00:00,Annual,Percentage,Females,From 15 to 64 years,All ISCED 2011 levels,Austria,2019,69.2,,
ESTAT:LFSA_ERGAED(1.0),14/04/25 23:00:00,Annual,Percentage,Females,From 15 to 64 years,All ISCED 2011 levels,Austria,2020,68.3,,
ESTAT:LFSA_ERGAED(1.0),14/04/25 23:00:00,Annual,Percentage,Females,From 15 to 64 years,All ISCED 2011 levels,Austria,2021,68.1,b,
ESTAT:LFSA_ERGAED(1.0),14/04/25 23:00:00,Annual,Percentage,Females,From 15 to 64 years,All ISCED 2011 levels,Austria,2022,70.0,,
ESTAT:LFSA_ERGAED(1.0),14/04/25 23:00:00,Annual,Percentage,Females,From 15 to 64 years,All ISCED 2011 levels,Austria,2023,70.3,,
ESTAT:LFSA_ERGAED(1.0),14/04/25 23:00:00,Annual,Percentage,Females,From 15 to 64 years,All ISCED 2011 levels,Austria,2024,70.7,,
ESTAT:LFSA_ERGAED(1.0),14/04/25 23:00:00,Annual,Percentage,Females,From 15 to 64 years,All ISCED 2011 levels,Bosnia and Herzegovina,2021,36.3,b,
ESTAT:LFSA_ERGAED(1.0),14/04/25 23:00:00,Annual,Percentage,Females,From 15 to 64 years,All ISCED 2011 levels,Bosnia and Herzegovina,2022,37.1,,
ESTAT:LFSA_ERGAED(1.0),14/04/25 23:00:00,Annual,Percentage,Females,From 15 to 64 years,All ISCED 2011 levels,Bosnia and Herzegovina,2023,39.1,,
ESTAT:LFSA_ERGAED(1.0),14/04/25 23:00:00,Annual,Percentage,Females,From 15 to 64 years,All ISCED 2011 levels,Bosnia and Herzegovina,2024,40.8,,
ESTAT:LFSA_ERGAED(1.0),14/04/25 23:00:00,Annual,Percentage,Females,From 15 to 64 years,All ISCED 2011 levels,Belgium,2015,58.0,,
ESTAT:LFSA_ERGAED(1.0),14/04/25 23:00:00,Annual,Percentage,Females,From 15 to 64 years,All ISCED 2011 levels,Belgium,2016,58.1,,
ESTAT:LFSA_ERGAED(1.0),14/04/25 23:00:00,Annual,Percentage,Females,From 15 to 64 years,All ISCED 2011 levels,Belgium,2017,58.7,b,
ESTAT:LFSA_ERGAED(1.0),14/04/25 23:00:00,Annual,Percentage,Females,From 15 to 64 years,All ISCED 2011 levels,Belgium,2018,60.7,,
ESTAT:LFSA_ERGAED(1.0),14/04/25 23:00:00,Annual,Percentage,Females,From 15 to 64 years,All ISCED 2011 levels,Belgium,2019,61.7,,
ESTAT:LFSA_ERGAED(1.0),14/04/25 23:00:00,Annual,Percentage,Females,From 15 to 64 years,All ISCED 2011 levels,Belgium,2020,61.0,,
ESTAT:LFSA_ERGAED(1.0),14/04/25 23:00:00,Annual,Percentage,Females,From 15 to 64 years,All ISCED 2011 levels,Belgium,2021,61.8,b,
ESTAT:LFSA_ERGAED(1.0),14/04/25 23:00:00,Annual,Percentage,Females,From 15 to 64 years,All ISCED 2011 levels,Belgium,2022,63.2,,
ESTAT:LFSA_ERGAED(1.0),14/04/25 23:00:00,Annual,Percentage,Females,From 15 to 64 years,All ISCED 2011 levels,Belgium,2023,63.3,,
ESTAT:LFSA_ERGAED(1.0),14/04/25 23:00:00,Annual,Percentage,Females,From 15 to 64 years,All ISCED 2011 levels,Belgium,2024,63.3,,
ESTAT:LFSA_ERGAED(1.0),14/04/25 23:00:00,Annual,Percentage,Females,From 15 to 64 years,All ISCED 2011 levels,Bulgaria,2015,59.8,,
ESTAT:LFSA_ERGAED(1.0),14/04/25 23:00:00,Annual,Percentage,Females,From 15 to 64 years,All ISCED 2011 levels,Bulgaria,2016,60.0,,
ESTAT:LFSA_ERGAED(1.0),14/04/25 23:00:00,Annual,Percentage,Females,From 15 to 64 years,All ISCED 2011 levels,Bulgaria,2017,63.1,,
ESTAT:LFSA_ERGAED(1.0),14/04/25 23:00:00,Annual,Percentage,Females,From 15 to 64 years,All ISCED 2011 levels,Bulgaria,2018,63.9,,
ESTAT:LFSA_ERGAED(1.0),14/04/25 23:00:00,Annual,Percentage,Females,From 15 to 64 years,All ISCED 2011 levels,Bulgaria,2019,66.4,b,
ESTAT:LFSA_ERGAED(1.0),14/04/25 23:00:00,Annual,Percentage,Females,From 15 to 64 years,All ISCED 2011 levels,Bulgaria,2020,64.8,,
ESTAT:LFSA_ERGAED(1.0),14/04/25 23:00:00,Annual,Percentage,Females,From 15 to 64 years,All ISCED 2011 levels,Bulgaria,2021,64.6,b,
ESTAT:LFSA_ERGAED(1.0),14/04/25 23:00:00,Annual,Percentage,Females,From 15 to 64 years,All ISCED 2011 levels,Bulgaria,2022,67.2,,
ESTAT:LFSA_ERGAED(1.0),14/04/25 23:00:00,Annual,Percentage,Females,From 15 to 64 years,All ISCED 2011 levels,Bulgaria,2023,67.4,,
ESTAT:LFSA_ERGAED(1.0),14/04/25 23:00:00,Annual,Percentage,Females,From 15 to 64 years,All ISCED 2011 levels,Bulgaria,2024,67.6,,
ESTAT:LFSA_ERGAED(1.0),14/04/25 23:00:00,Annual,Percentage,Females,From 15 to 64 years,All ISCED 2011 levels,Switzerland,2015,74.7,,
ESTAT:LFSA_ERGAED(1.0),14/04/25 23:00:00,Annual,Percentage,Females,From 15 to 64 years,All ISCED 2011 levels,Switzerland,2016,75.4,,
ESTAT:LFSA_ERGAED(1.0),14/04/25 23:00:00,Annual,Percentage,Females,From 15 to 64 years,All ISCED 2011 levels,Switzerland,2017,75.2,,
ESTAT:LFSA_ERGAED(1.0),14/04/25 23:00:00,Annual,Percentage,Females,From 15 to 64 years,All ISCED 2011 levels,Switzerland,2018,75.7,,
ESTAT:LFSA_ERGAED(1.0),14/04/25 23:00:00,Annual,Percentage,Females,From 15 to 64 years,All ISCED 2011 levels,Switzerland,2019,76.3,,
ESTAT:LFSA_ERGAED(1.0),14/04/25 23:00:00,Annual,Percentage,Females,From 15 to 64 years,All ISCED 2011 levels,Switzerland,2020,75.9,,
ESTAT:LFSA_ERGAED(1.0),14/04/25 23:00:00,Annual,Percentage,Females,From 15 to 64 years,All ISCED 2011 levels,Switzerland,2021,75.8,b,
ESTAT:LFSA_ERGAED(1.0),14/04/25 23:00:00,Annual,Percentage,Females,From 15 to 64 years,All ISCED 2011 levels,Switzerland,2022,76.1,,
ESTAT:LFSA_ERGAED(1.0),14/04/25 23:00:00,Annual,Percentage,Females,From 15 to 64 years,All ISCED 2011 levels,Switzerland,2023,76.8,,
ESTAT:LFSA_ERGAED(1.0),14/04/25 23:00:00,Annual,Percentage,Females,From 15 to 64 years,All ISCED 2011 levels,Switzerland,2024,77.0,,
ESTAT:LFSA_ERGAED(1.0),14/04/25 23:00:00,Annual,Percentage,Females,From 15 to 64 years,All ISCED 2011 levels,Cyprus,2015,59.0,,
ESTAT:LFSA_ERGAED(1.0),14/04/25 23:00:00,Annual,Percentage,Females,From 15 to 64 years,All ISCED 2011 levels,Cyprus,2016,59.3,,
ESTAT:LFSA_ERGAED(1.0),14/04/25 23:00:00,Annual,Percentage,Females,From 15 to 64 years,All ISCED 2011 levels,Cyprus,2017,61.4,,
ESTAT:LFSA_ERGAED(1.0),14/04/25 23:00:00,Annual,Percentage,Females,From 15 to 64 years,All ISCED 2011 levels,Cyprus,2018,64.2,,
ESTAT:LFSA_ERGAED(1.0),14/04/25 23:00:00,Annual,Percentage,Females,From 15 to 64 years,All ISCED 2011 levels,Cyprus,2019,66.6,,
ESTAT:LFSA_ERGAED(1.0),14/04/25 23:00:00,Annual,Percentage,Females,From 15 to 64 years,All ISCED 2011 levels,Cyprus,2020,65.5,,
ESTAT:LFSA_ERGAED(1.0),14/04/25 23:00:00,Annual,Percentage,Females,From 15 to 64 years,All ISCED 2011 levels,Cyprus,2021,66.9,b,
ESTAT:LFSA_ERGAED(1.0),14/04/25 23:00:00,Annual,Percentage,Females,From 15 to 64 years,All ISCED 2011 levels,Cyprus,2022,69.5,,
ESTAT:LFSA_ERGAED(1.0),14/04/25 23:00:00,Annual,Percentage,Females,From 15 to 64 years,All ISCED 2011 levels,Cyprus,2023,71.4,,
ESTAT:LFSA_ERGAED(1.0),14/04/25 23:00:00,Annual,Percentage,Females,From 15 to 64 years,All ISCED 2011 levels,Cyprus,2024,71.1,,
ESTAT:LFSA_ERGAED(1.0),14/04/25 23:00:00,Annual,Percentage,Females,From 15 to 64 years,All ISCED 2011 levels,Czechia,2015,62.4,,
ESTAT:LFSA_ERGAED(1.0),14/04/25 23:00:00,Annual,Percentage,Females,From 15 to 64 years,All ISCED 2011 levels,Czechia,2016,64.4,,
ESTAT:LFSA_ERGAED(1.0),14/04/25 23:00:00,Annual,Percentage,Females,From 15 to 64 years,All ISCED 2011 levels,Czechia,2017,66.2,,
ESTAT:LFSA_ERGAED(1.0),14/04/25 23:00:00,Annual,Percentage,Females,From 15 to 64 years,All ISCED 2011 levels,Czechia,2018,67.6,,
ESTAT:LFSA_ERGAED(1.0),14/04/25 23:00:00,Annual,Percentage,Females,From 15 to 64 years,All ISCED 2011 levels,Czechia,2019,68.1,,
ESTAT:LFSA_ERGAED(1.0),14/04/25 23:00:00,Annual,Percentage,Females,From 15 to 64 years,All ISCED 2011 levels,Czechia,2020,67.1,,
ESTAT:LFSA_ERGAED(1.0),14/04/25 23:00:00,Annual,Percentage,Females,From 15 to 64 years,All ISCED 2011 levels,Czechia,2021,67.1,b,
ESTAT:LFSA_ERGAED(1.0),14/04/25 23:00:00,Annual,Percentage,Females,From 15 to 64 years,All ISCED 2011 levels,Czechia,2022,68.5,,
ESTAT:LFSA_ERGAED(1.0),14/04/25 23:00:00,Annual,Percentage,Females,From 15 to 64 years,All ISCED 2011 levels,Czechia,2023,68.2,,
ESTAT:LFSA_ERGAED(1.0),14/04/25 23:00:00,Annual,Percentage,Females,From 15 to 64 years,All ISCED 2011 levels,Czechia,2024,69.5,,
ESTAT:LFSA_ERGAED(1.0),14/04/25 23:00:00,Annual,Percentage,Females,From 15 to 64 years,All ISCED 2011 levels,Germany,2015,69.9,,
ESTAT:LFSA_ERGAED(1.0),14/04/25 23:00:00,Annual,Percentage,Females,From 15 to 64 years,All ISCED 2011 levels,Germany,2016,70.8,,
ESTAT:LFSA_ERGAED(1.0),14/04/25 23:00:00,Annual,Percentage,Females,From 15 to 64 years,All ISCED 2011 levels,Germany,2017,71.5,,
ESTAT:LFSA_ERGAED(1.0),14/04/25 23:00:00,Annual,Percentage,Females,From 15 to 64 years,All ISCED 2011 levels,Germany,2018,72.1,,
ESTAT:LFSA_ERGAED(1.0),14/04/25 23:00:00,Annual,Percentage,Females,From 15 to 64 years,All ISCED 2011 levels,Germany,2019,72.8,,
ESTAT:LFSA_ERGAED(1.0),14/04/25 23:00:00,Annual,Percentage,Females,From 15 to 64 years,All ISCED 2011 levels,Germany,2020,71.9,b,
ESTAT:LFSA_ERGAED(1.0),14/04/25 23:00:00,Annual,Percentage,Females,From 15 to 64 years,All ISCED 2011 levels,Germany,2021,71.9,b,
ESTAT:LFSA_ERGAED(1.0),14/04/25 23:00:00,Annual,Percentage,Females,From 15 to 64 years,All ISCED 2011 levels,Germany,2022,73.0,,
ESTAT:LFSA_ERGAED(1.0),14/04/25 23:00:00,Annual,Percentage,Females,From 15 to 64 years,All ISCED 2011 levels,Germany,2023,73.6,,
ESTAT:LFSA_ERGAED(1.0),14/04/25 23:00:00,Annual,Percentage,Females,From 15 to 64 years,All ISCED 2011 levels,Germany,2024,74.0,,
ESTAT:LFSA_ERGAED(1.0),14/04/25 23:00:00,Annual,Percentage,Females,From 15 to 64 years,All ISCED 2011 levels,Denmark,2015,68.7,,
ESTAT:LFSA_ERGAED(1.0),14/04/25 23:00:00,Annual,Percentage,Females,From 15 to 64 years,All ISCED 2011 levels,Denmark,2016,69.8,b,
ESTAT:LFSA_ERGAED(1.0),14/04/25 23:00:00,Annual,Percentage,Females,From 15 to 64 years,All ISCED 2011 levels,Denmark,2017,70.5,b,
ESTAT:LFSA_ERGAED(1.0),14/04/25 23:00:00,Annual,Percentage,Females,From 15 to 64 years,All ISCED 2011 levels,Denmark,2018,71.3,,
ESTAT:LFSA_ERGAED(1.0),14/04/25 23:00:00,Annual,Percentage,Females,From 15 to 64 years,All ISCED 2011 levels,Denmark,2019,72.0,,
ESTAT:LFSA_ERGAED(1.0),14/04/25 23:00:00,Annual,Percentage,Females,From 15 to 64 years,All ISCED 2011 levels,Denmark,2020,71.5,,
ESTAT:LFSA_ERGAED(1.0),14/04/25 23:00:00,Annual,Percentage,Females,From 15 to 64 years,All ISCED 2011 levels,Denmark,2021,72.5,b,
ESTAT:LFSA_ERGAED(1.0),14/04/25 23:00:00,Annual,Percentage,Females,From 15 to 64 years,All ISCED 2011 levels,Denmark,2022,74.5,,
ESTAT:LFSA_ERGAED(1.0),14/04/25 23:00:00,Annual,Percentage,Females,From 15 to 64 years,All ISCED 2011 levels,Denmark,2023,74.2,b,
ESTAT:LFSA_ERGAED(1.0),14/04/25 23:00:00,Annual,Percentage,Females,From 15 to 64 years,All ISCED 2011 levels,Denmark,2024,74.5,,
ESTAT:LFSA_ERGAED(1.0),14/04/25 23:00:00,Annual,Percentage,Females,From 15 to 64 years,All ISCED 2011 levels,Euro area – 20 countries (from 2023),2015,59.3,,
ESTAT:LFSA_ERGAED(1.0),14/04/25 23:00:00,Annual,Percentage,Females,From 15 to 64 years,All ISCED 2011 levels,Euro area – 20 countries (from 2023),2016,60.2,,
ESTAT:LFSA_ERGAED(1.0),14/04/25 23:00:00,Annual,Percentage,Females,From 15 to 64 years,All ISCED 2011 levels,Euro area – 20 countries (from 2023),2017,61.1,,
ESTAT:LFSA_ERGAED(1.0),14/04/25 23:00:00,Annual,Percentage,Females,From 15 to 64 years,All ISCED 2011 levels,Euro area – 20 countries (from 2023),2018,62.1,,
ESTAT:LFSA_ERGAED(1.0),14/04/25 23:00:00,Annual,Percentage,Females,From 15 to 64 years,All ISCED 2011 levels,Euro area – 20 countries (from 2023),2019,62.9,,
ESTAT:LFSA_ERGAED(1.0),14/04/25 23:00:00,Annual,Percentage,Females,From 15 to 64 years,All ISCED 2011 levels,Euro area – 20 countries (from 2023),2020,62.0,,
ESTAT:LFSA_ERGAED(1.0),14/04/25 23:00:00,Annual,Percentage,Females,From 15 to 64 years,All ISCED 2011 levels,Euro area – 20 countries (from 2023),2021,63.2,b,
ESTAT:LFSA_ERGAED(1.0),14/04/25 23:00:00,Annual,Percentage,Females,From 15 to 64 years,All ISCED 2011 levels,Euro area – 20 countries (from 2023),2022,64.7,,
ESTAT:LFSA_ERGAED(1.0),14/04/25 23:00:00,Annual,Percentage,Females,From 15 to 64 years,All ISCED 2011 levels,Euro area – 20 countries (from 2023),2023,65.5,,
ESTAT:LFSA_ERGAED(1.0),14/04/25 23:00:00,Annual,Percentage,Females,From 15 to 64 years,All ISCED 2011 levels,Euro area – 20 countries (from 2023),2024,66.1,,
ESTAT:LFSA_ERGAED(1.0),14/04/25 23:00:00,Annual,Percentage,Females,From 15 to 64 years,All ISCED 2011 levels,Estonia,2015,68.1,,
ESTAT:LFSA_ERGAED(1.0),14/04/25 23:00:00,Annual,Percentage,Females,From 15 to 64 years,All ISCED 2011 levels,Estonia,2016,68.4,,
ESTAT:LFSA_ERGAED(1.0),14/04/25 23:00:00,Annual,Percentage,Females,From 15 to 64 years,All ISCED 2011 levels,Estonia,2017,70.9,,
ESTAT:LFSA_ERGAED(1.0),14/04/25 23:00:00,Annual,Percentage,Females,From 15 to 64 years,All ISCED 2011 levels,Estonia,2018,71.4,,
ESTAT:LFSA_ERGAED(1.0),14/04/25 23:00:00,Annual,Percentage,Females,From 15 to 64 years,All ISCED 2011 levels,Estonia,2019,71.6,,
ESTAT:LFSA_ERGAED(1.0),14/04/25 23:00:00,Annual,Percentage,Females,From 15 to 64 years,All ISCED 2011 levels,Estonia,2020,70.5,,
ESTAT:LFSA_ERGAED(1.0),14/04/25 23:00:00,Annual,Percentage,Females,From 15 to 64 years,All ISCED 2011 levels,Estonia,2021,72.4,b,
ESTAT:LFSA_ERGAED(1.0),14/04/25 23:00:00,Annual,Percentage,Females,From 15 to 64 years,All ISCED 2011 levels,Estonia,2022,75.3,,
ESTAT:LFSA_ERGAED(1.0),14/04/25 23:00:00,Annual,Percentage,Females,From 15 to 64 years,All ISCED 2011 levels,Estonia,2023,75.4,,
ESTAT:LFSA_ERGAED(1.0),14/04/25 23:00:00,Annual,Percentage,Females,From 15 to 64 years,All ISCED 2011 levels,Estonia,2024,75.2,,
ESTAT:LFSA_ERGAED(1.0),14/04/25 23:00:00,Annual,Percentage,Females,From 15 to 64 years,All ISCED 2011 levels,Greece,2015,42.5,,
ESTAT:LFSA_ERGAED(1.0),14/04/25 23:00:00,Annual,Percentage,Females,From 15 to 64 years,All ISCED 2011 levels,Greece,2016,43.3,,
ESTAT:LFSA_ERGAED(1.0),14/04/25 23:00:00,Annual,Percentage,Females,From 15 to 64 years,All ISCED 2011 levels,Greece,2017,44.4,,
ESTAT:LFSA_ERGAED(1.0),14/04/25 23:00:00,Annual,Percentage,Females,From 15 to 64 years,All ISCED 2011 levels,Greece,2018,45.3,,
ESTAT:LFSA_ERGAED(1.0),14/04/25 23:00:00,Annual,Percentage,Females,From 15 to 64 years,All ISCED 2011 levels,Greece,2019,47.3,,
ESTAT:LFSA_ERGAED(1.0),14/04/25 23:00:00,Annual,Percentage,Females,From 15 to 64 years,All ISCED 2011 levels,Greece,2020,47.5,,
ESTAT:LFSA_ERGAED(1.0),14/04/25 23:00:00,Annual,Percentage,Females,From 15 to 64 years,All ISCED 2011 levels,Greece,2021,48.2,b,
ESTAT:LFSA_ERGAED(1.0),14/04/25 23:00:00,Annual,Percentage,Females,From 15 to 64 years,All ISCED 2011 levels,Greece,2022,51.2,,
ESTAT:LFSA_ERGAED(1.0),14/04/25 23:00:00,Annual,Percentage,Females,From 15 to 64 years,All ISCED 2011 levels,Greece,2023,52.8,,
ESTAT:LFSA_ERGAED(1.0),14/04/25 23:00:00,Annual,Percentage,Females,From 15 to 64 years,All ISCED 2011 levels,Greece,2024,54.6,,
ESTAT:LFSA_ERGAED(1.0),14/04/25 23:00:00,Annual,Percentage,Females,From 15 to 64 years,All ISCED 2011 levels,Spain,2015,52.7,,
ESTAT:LFSA_ERGAED(1.0),14/04/25 23:00:00,Annual,Percentage,Females,From 15 to 64 years,All ISCED 2011 levels,Spain,2016,54.3,,
ESTAT:LFSA_ERGAED(1.0),14/04/25 23:00:00,Annual,Percentage,Females,From 15 to 64 years,All ISCED 2011 levels,Spain,2017,55.7,,
ESTAT:LFSA_ERGAED(1.0),14/04/25 23:00:00,Annual,Percentage,Females,From 15 to 64 years,All ISCED 2011 levels,Spain,2018,56.9,,
ESTAT:LFSA_ERGAED(1.0),14/04/25 23:00:00,Annual,Percentage,Females,From 15 to 64 years,All ISCED 2011 levels,Spain,2019,57.9,,
ESTAT:LFSA_ERGAED(1.0),14/04/25 23:00:00,Annual,Percentage,Females,From 15 to 64 years,All ISCED 2011 levels,Spain,2020,55.7,,
ESTAT:LFSA_ERGAED(1.0),14/04/25 23:00:00,Annual,Percentage,Females,From 15 to 64 years,All ISCED 2011 levels,Spain,2021,57.7,bd,
ESTAT:LFSA_ERGAED(1.0),14/04/25 23:00:00,Annual,Percentage,Females,From 15 to 64 years,All ISCED 2011 levels,Spain,2022,59.2,d,
ESTAT:LFSA_ERGAED(1.0),14/04/25 23:00:00,Annual,Percentage,Females,From 15 to 64 years,All ISCED 2011 levels,Spain,2023,60.7,d,
ESTAT:LFSA_ERGAED(1.0),14/04/25 23:00:00,Annual,Percentage,Females,From 15 to 64 years,All ISCED 2011 levels,Spain,2024,61.6,d,
ESTAT:LFSA_ERGAED(1.0),14/04/25 23:00:00,Annual,Percentage,Females,From 15 to 64 years,All ISCED 2011 levels,European Union - 27 countries (from 2020),2015,59.3,,
ESTAT:LFSA_ERGAED(1.0),14/04/25 23:00:00,Annual,Percentage,Females,From 15 to 64 years,All ISCED 2011 levels,European Union - 27 countries (from 2020),2016,60.3,,
ESTAT:LFSA_ERGAED(1.0),14/04/25 23:00:00,Annual,Percentage,Females,From 15 to 64 years,All ISCED 2011 levels,European Union - 27 countries (from 2020),2017,61.3,,
ESTAT:LFSA_ERGAED(1.0),14/04/25 23:00:00,Annual,Percentage,Females,From 15 to 64 years,All ISCED 2011 levels,European Union - 27 countries (from 2020),2018,62.3,,
ESTAT:LFSA_ERGAED(1.0),14/04/25 23:00:00,Annual,Percentage,Females,From 15 to 64 years,All ISCED 2011 levels,European Union - 27 countries (from 2020),2019,63.1,,
ESTAT:LFSA_ERGAED(1.0),14/04/25 23:00:00,Annual,Percentage,Females,From 15 to 64 years,All ISCED 2011 levels,European Union - 27 countries (from 2020),2020,62.3,,
ESTAT:LFSA_ERGAED(1.0),14/04/25 23:00:00,Annual,Percentage,Females,From 15 to 64 years,All ISCED 2011 levels,European Union - 27 countries (from 2020),2021,63.3,b,
ESTAT:LFSA_ERGAED(1.0),14/04/25 23:00:00,Annual,Percentage,Females,From 15 to 64 years,All ISCED 2011 levels,European Union - 27 countries (from 2020),2022,64.9,,
ESTAT:LFSA_ERGAED(1.0),14/04/25 23:00:00,Annual,Percentage,Females,From 15 to 64 years,All ISCED 2011 levels,European Union - 27 countries (from 2020),2023,65.7,,
ESTAT:LFSA_ERGAED(1.0),14/04/25 23:00:00,Annual,Percentage,Females,From 15 to 64 years,All ISCED 2011 levels,European Union - 27 countries (from 2020),2024,66.2,,
ESTAT:LFSA_ERGAED(1.0),14/04/25 23:00:00,Annual,Percentage,Females,From 15 to 64 years,All ISCED 2011 levels,Finland,2015,67.7,,
ESTAT:LFSA_ERGAED(1.0),14/04/25 23:00:00,Annual,Percentage,Females,From 15 to 64 years,All ISCED 2011 levels,Finland,2016,67.6,,
ESTAT:LFSA_ERGAED(1.0),14/04/25 23:00:00,Annual,Percentage,Females,From 15 to 64 years,All ISCED 2011 levels,Finland,2017,68.5,,
ESTAT:LFSA_ERGAED(1.0),14/04/25 23:00:00,Annual,Percentage,Females,From 15 to 64 years,All ISCED 2011 levels,Finland,2018,70.6,,
ESTAT:LFSA_ERGAED(1.0),14/04/25 23:00:00,Annual,Percentage,Females,From 15 to 64 years,All ISCED 2011 levels,Finland,2019,71.8,,
ESTAT:LFSA_ERGAED(1.0),14/04/25 23:00:00,Annual,Percentage,Females,From 15 to 64 years,All ISCED 2011 levels,Finland,2020,70.7,,
ESTAT:LFSA_ERGAED(1.0),14/04/25 23:00:00,Annual,Percentage,Females,From 15 to 64 years,All ISCED 2011 levels,Finland,2021,71.7,b,
ESTAT:LFSA_ERGAED(1.0),14/04/25 23:00:00,Annual,Percentage,Females,From 15 to 64 years,All ISCED 2011 levels,Finland,2022,73.9,,
ESTAT:LFSA_ERGAED(1.0),14/04/25 23:00:00,Annual,Percentage,Females,From 15 to 64 years,All ISCED 2011 levels,Finland,2023,74.1,,
ESTAT:LFSA_ERGAED(1.0),14/04/25 23:00:00,Annual,Percentage,Females,From 15 to 64 years,All ISCED 2011 levels,Finland,2024,72.4,,
ESTAT:LFSA_ERGAED(1.0),14/04/25 23:00:00,Annual,Percentage,Females,From 15 to 64 years,All ISCED 2011 levels,France,2015,60.6,,
ESTAT:LFSA_ERGAED(1.0),14/04/25 23:00:00,Annual,Percentage,Females,From 15 to 64 years,All ISCED 2011 levels,France,2016,60.9,,
ESTAT:LFSA_ERGAED(1.0),14/04/25 23:00:00,Annual,Percentage,Females,From 15 to 64 years,All ISCED 2011 levels,France,2017,61.2,,
ESTAT:LFSA_ERGAED(1.0),14/04/25 23:00:00,Annual,Percentage,Females,From 15 to 64 years,All ISCED 2011 levels,France,2018,61.9,,
ESTAT:LFSA_ERGAED(1.0),14/04/25 23:00:00,Annual,Percentage,Females,From 15 to 64 years,All ISCED 2011 levels,France,2019,62.5,,
ESTAT:LFSA_ERGAED(1.0),14/04/25 23:00:00,Annual,Percentage,Females,From 15 to 64 years,All ISCED 2011 levels,France,2020,62.2,,
ESTAT:LFSA_ERGAED(1.0),14/04/25 23:00:00,Annual,Percentage,Females,From 15 to 64 years,All ISCED 2011 levels,France,2021,64.5,bd,
ESTAT:LFSA_ERGAED(1.0),14/04/25 23:00:00,Annual,Percentage,Females,From 15 to 64 years,All ISCED 2011 levels,France,2022,65.6,d,
ESTAT:LFSA_ERGAED(1.0),14/04/25 23:00:00,Annual,Percentage,Females,From 15 to 64 years,All ISCED 2011 levels,France,2023,66.0,d,
ESTAT:LFSA_ERGAED(1.0),14/04/25 23:00:00,Annual,Percentage,Females,From 15 to 64 years,All ISCED 2011 levels,France,2024,66.4,d,
ESTAT:LFSA_ERGAED(1.0),14/04/25 23:00:00,Annual,Percentage,Females,From 15 to 64 years,All ISCED 2011 levels,Croatia,2015,51.6,,
ESTAT:LFSA_ERGAED(1.0),14/04/25 23:00:00,Annual,Percentage,Females,From 15 to 64 years,All ISCED 2011 levels,Croatia,2016,52.4,,
ESTAT:LFSA_ERGAED(1.0),14/04/25 23:00:00,Annual,Percentage,Females,From 15 to 64 years,All ISCED 2011 levels,Croatia,2017,54.0,,
ESTAT:LFSA_ERGAED(1.0),14/04/25 23:00:00,Annual,Percentage,Females,From 15 to 64 years,All ISCED 2011 levels,Croatia,2018,55.7,,
ESTAT:LFSA_ERGAED(1.0),14/04/25 23:00:00,Annual,Percentage,Females,From 15 to 64 years,All ISCED 2011 levels,Croatia,2019,57.1,,
ESTAT:LFSA_ERGAED(1.0),14/04/25 23:00:00,Annual,Percentage,Females,From 15 to 64 years,All ISCED 2011 levels,Croatia,2020,57.1,,
ESTAT:LFSA_ERGAED(1.0),14/04/25 23:00:00,Annual,Percentage,Females,From 15 to 64 years,All ISCED 2011 levels,Croatia,2021,59.1,b,
ESTAT:LFSA_ERGAED(1.0),14/04/25 23:00:00,Annual,Percentage,Females,From 15 to 64 years,All ISCED 2011 levels,Croatia,2022,60.8,,
ESTAT:LFSA_ERGAED(1.0),14/04/25 23:00:00,Annual,Percentage,Females,From 15 to 64 years,All ISCED 2011 levels,Croatia,2023,62.1,,
ESTAT:LFSA_ERGAED(1.0),14/04/25 23:00:00,Annual,Percentage,Females,From 15 to 64 years,All ISCED 2011 levels,Croatia,2024,65.4,,
ESTAT:LFSA_ERGAED(1.0),14/04/25 23:00:00,Annual,Percentage,Females,From 15 to 64 years,All ISCED 2011 levels,Hungary,2015,57.8,,
ESTAT:LFSA_ERGAED(1.0),14/04/25 23:00:00,Annual,Percentage,Females,From 15 to 64 years,All ISCED 2011 levels,Hungary,2016,60.2,,
ESTAT:LFSA_ERGAED(1.0),14/04/25 23:00:00,Annual,Percentage,Females,From 15 to 64 years,All ISCED 2011 levels,Hungary,2017,61.3,,
ESTAT:LFSA_ERGAED(1.0),14/04/25 23:00:00,Annual,Percentage,Females,From 15 to 64 years,All ISCED 2011 levels,Hungary,2018,62.5,b,
ESTAT:LFSA_ERGAED(1.0),14/04/25 23:00:00,Annual,Percentage,Females,From 15 to 64 years,All ISCED 2011 levels,Hungary,2019,63.1,,
ESTAT:LFSA_ERGAED(1.0),14/04/25 23:00:00,Annual,Percentage,Females,From 15 to 64 years,All ISCED 2011 levels,Hungary,2020,62.6,,
ESTAT:LFSA_ERGAED(1.0),14/04/25 23:00:00,Annual,Percentage,Females,From 15 to 64 years,All ISCED 2011 levels,Hungary,2021,68.3,b,
ESTAT:LFSA_ERGAED(1.0),14/04/25 23:00:00,Annual,Percentage,Females,From 15 to 64 years,All ISCED 2011 levels,Hungary,2022,70.0,,
ESTAT:LFSA_ERGAED(1.0),14/04/25 23:00:00,Annual,Percentage,Females,From 15 to 64 years,All ISCED 2011 levels,Hungary,2023,70.6,,
ESTAT:LFSA_ERGAED(1.0),14/04/25 23:00:00,Annual,Percentage,Females,From 15 to 64 years,All ISCED 2011 levels,Hungary,2024,71.4,,
ESTAT:LFSA_ERGAED(1.0),14/04/25 23:00:00,Annual,Percentage,Females,From 15 to 64 years,All ISCED 2011 levels,Ireland,2015,59.3,,
ESTAT:LFSA_ERGAED(1.0),14/04/25 23:00:00,Annual,Percentage,Females,From 15 to 64 years,All ISCED 2011 levels,Ireland,2016,61.1,,
ESTAT:LFSA_ERGAED(1.0),14/04/25 23:00:00,Annual,Percentage,Females,From 15 to 64 years,All ISCED 2011 levels,Ireland,2017,62.4,b,
ESTAT:LFSA_ERGAED(1.0),14/04/25 23:00:00,Annual,Percentage,Females,From 15 to 64 years,All ISCED 2011 levels,Ireland,2018,63.3,,
ESTAT:LFSA_ERGAED(1.0),14/04/25 23:00:00,Annual,Percentage,Females,From 15 to 64 years,All ISCED 2011 levels,Ireland,2019,64.2,,
ESTAT:LFSA_ERGAED(1.0),14/04/25 23:00:00,Annual,Percentage,Females,From 15 to 64 years,All ISCED 2011 levels,Ireland,2020,62.4,,
ESTAT:LFSA_ERGAED(1.0),14/04/25 23:00:00,Annual,Percentage,Females,From 15 to 64 years,All ISCED 2011 levels,Ireland,2021,65.5,b,
ESTAT:LFSA_ERGAED(1.0),14/04/25 23:00:00,Annual,Percentage,Females,From 15 to 64 years,All ISCED 2011 levels,Ireland,2022,68.4,,
ESTAT:LFSA_ERGAED(1.0),14/04/25 23:00:00,Annual,Percentage,Females,From 15 to 64 years,All ISCED 2011 levels,Ireland,2023,69.9,,
ESTAT:LFSA_ERGAED(1.0),14/04/25 23:00:00,Annual,Percentage,Females,From 15 to 64 years,All ISCED 2011 levels,Ireland,2024,70.6,,
ESTAT:LFSA_ERGAED(1.0),14/04/25 23:00:00,Annual,Percentage,Females,From 15 to 64 years,All ISCED 2011 levels,Iceland,2015,82.3,,
ESTAT:LFSA_ERGAED(1.0),14/04/25 23:00:00,Annual,Percentage,Females,From 15 to 64 years,All ISCED 2011 levels,Iceland,2016,83.6,,
ESTAT:LFSA_ERGAED(1.0),14/04/25 23:00:00,Annual,Percentage,Females,From 15 to 64 years,All ISCED 2011 levels,Iceland,2017,83.5,,
ESTAT:LFSA_ERGAED(1.0),14/04/25 23:00:00,Annual,Percentage,Females,From 15 to 64 years,All ISCED 2011 levels,Iceland,2018,82.5,,
ESTAT:LFSA_ERGAED(1.0),14/04/25 23:00:00,Annual,Percentage,Females,From 15 to 64 years,All ISCED 2011 levels,Iceland,2019,81.9,,
ESTAT:LFSA_ERGAED(1.0),14/04/25 23:00:00,Annual,Percentage,Females,From 15 to 64 years,All ISCED 2011 levels,Iceland,2020,77.8,b,
ESTAT:LFSA_ERGAED(1.0),14/04/25 23:00:00,Annual,Percentage,Females,From 15 to 64 years,All ISCED 2011 levels,Iceland,2021,76.8,b,
ESTAT:LFSA_ERGAED(1.0),14/04/25 23:00:00,Annual,Percentage,Females,From 15 to 64 years,All ISCED 2011 levels,Iceland,2022,81.2,,
ESTAT:LFSA_ERGAED(1.0),14/04/25 23:00:00,Annual,Percentage,Females,From 15 to 64 years,All ISCED 2011 levels,Iceland,2023,81.3,,
ESTAT:LFSA_ERGAED(1.0),14/04/25 23:00:00,Annual,Percentage,Females,From 15 to 64 years,All ISCED 2011 levels,Iceland,2024,82.3,,
ESTAT:LFSA_ERGAED(1.0),14/04/25 23:00:00,Annual,Percentage,Females,From 15 to 64 years,All ISCED 2011 levels,Italy,2015,47.2,,
ESTAT:LFSA_ERGAED(1.0),14/04/25 23:00:00,Annual,Percentage,Females,From 15 to 64 years,All ISCED 2011 levels,Italy,2016,48.1,,
ESTAT:LFSA_ERGAED(1.0),14/04/25 23:00:00,Annual,Percentage,Females,From 15 to 64 years,All ISCED 2011 levels,Italy,2017,48.9,,
ESTAT:LFSA_ERGAED(1.0),14/04/25 23:00:00,Annual,Percentage,Females,From 15 to 64 years,All ISCED 2011 levels,Italy,2018,49.6,b,
ESTAT:LFSA_ERGAED(1.0),14/04/25 23:00:00,Annual,Percentage,Females,From 15 to 64 years,All ISCED 2011 levels,Italy,2019,50.2,,
ESTAT:LFSA_ERGAED(1.0),14/04/25 23:00:00,Annual,Percentage,Females,From 15 to 64 years,All ISCED 2011 levels,Italy,2020,49.0,,
ESTAT:LFSA_ERGAED(1.0),14/04/25 23:00:00,Annual,Percentage,Females,From 15 to 64 years,All ISCED 2011 levels,Italy,2021,49.4,b,
ESTAT:LFSA_ERGAED(1.0),14/04/25 23:00:00,Annual,Percentage,Females,From 15 to 64 years,All ISCED 2011 levels,Italy,2022,51.1,,
ESTAT:LFSA_ERGAED(1.0),14/04/25 23:00:00,Annual,Percentage,Females,From 15 to 64 years,All ISCED 2011 levels,Italy,2023,52.5,,
ESTAT:LFSA_ERGAED(1.0),14/04/25 23:00:00,Annual,Percentage,Females,From 15 to 64 years,All ISCED 2011 levels,Italy,2024,53.3,,
ESTAT:LFSA_ERGAED(1.0),14/04/25 23:00:00,Annual,Percentage,Females,From 15 to 64 years,All ISCED 2011 levels,Lithuania,2015,66.5,,
ESTAT:LFSA_ERGAED(1.0),14/04/25 23:00:00,Annual,Percentage,Females,From 15 to 64 years,All ISCED 2011 levels,Lithuania,2016,68.8,,
ESTAT:LFSA_ERGAED(1.0),14/04/25 23:00:00,Annual,Percentage,Females,From 15 to 64 years,All ISCED 2011 levels,Lithuania,2017,70.2,,
ESTAT:LFSA_ERGAED(1.0),14/04/25 23:00:00,Annual,Percentage,Females,From 15 to 64 years,All ISCED 2011 levels,Lithuania,2018,71.6,,
ESTAT:LFSA_ERGAED(1.0),14/04/25 23:00:00,Annual,Percentage,Females,From 15 to 64 years,All ISCED 2011 levels,Lithuania,2019,72.5,,
ESTAT:LFSA_ERGAED(1.0),14/04/25 23:00:00,Annual,Percentage,Females,From 15 to 64 years,All ISCED 2011 levels,Lithuania,2020,71.0,,
ESTAT:LFSA_ERGAED(1.0),14/04/25 23:00:00,Annual,Percentage,Females,From 15 to 64 years,All ISCED 2011 levels,Lithuania,2021,71.9,b,
ESTAT:LFSA_ERGAED(1.0),14/04/25 23:00:00,Annual,Percentage,Females,From 15 to 64 years,All ISCED 2011 levels,Lithuania,2022,73.6,,
ESTAT:LFSA_ERGAED(1.0),14/04/25 23:00:00,Annual,Percentage,Females,From 15 to 64 years,All ISCED 2011 levels,Lithuania,2023,72.6,,
ESTAT:LFSA_ERGAED(1.0),14/04/25 23:00:00,Annual,Percentage,Females,From 15 to 64 years,All ISCED 2011 levels,Lithuania,2024,73.0,,
ESTAT:LFSA_ERGAED(1.0),14/04/25 23:00:00,Annual,Percentage,Females,From 15 to 64 years,All ISCED 2011 levels,Luxembourg,2015,60.8,b,
ESTAT:LFSA_ERGAED(1.0),14/04/25 23:00:00,Annual,Percentage,Females,From 15 to 64 years,All ISCED 2011 levels,Luxembourg,2016,60.4,,
ESTAT:LFSA_ERGAED(1.0),14/04/25 23:00:00,Annual,Percentage,Females,From 15 to 64 years,All ISCED 2011 levels,Luxembourg,2017,62.5,,
ESTAT:LFSA_ERGAED(1.0),14/04/25 23:00:00,Annual,Percentage,Females,From 15 to 64 years,All ISCED 2011 levels,Luxembourg,2018,63.4,,
ESTAT:LFSA_ERGAED(1.0),14/04/25 23:00:00,Annual,Percentage,Females,From 15 to 64 years,All ISCED 2011 levels,Luxembourg,2019,63.6,,
ESTAT:LFSA_ERGAED(1.0),14/04/25 23:00:00,Annual,Percentage,Females,From 15 to 64 years,All ISCED 2011 levels,Luxembourg,2020,63.9,,
ESTAT:LFSA_ERGAED(1.0),14/04/25 23:00:00,Annual,Percentage,Females,From 15 to 64 years,All ISCED 2011 levels,Luxembourg,2021,66.0,b,
ESTAT:LFSA_ERGAED(1.0),14/04/25 23:00:00,Annual,Percentage,Females,From 15 to 64 years,All ISCED 2011 levels,Luxembourg,2022,67.1,,
ESTAT:LFSA_ERGAED(1.0),14/04/25 23:00:00,Annual,Percentage,Females,From 15 to 64 years,All ISCED 2011 levels,Luxembourg,2023,66.8,,
ESTAT:LFSA_ERGAED(1.0),14/04/25 23:00:00,Annual,Percentage,Females,From 15 to 64 years,All ISCED 2011 levels,Luxembourg,2024,67.2,,
ESTAT:LFSA_ERGAED(1.0),14/04/25 23:00:00,Annual,Percentage,Females,From 15 to 64 years,All ISCED 2011 levels,Latvia,2015,66.4,,
ESTAT:LFSA_ERGAED(1.0),14/04/25 23:00:00,Annual,Percentage,Females,From 15 to 64 years,All ISCED 2011 levels,Latvia,2016,67.6,,
ESTAT:LFSA_ERGAED(1.0),14/04/25 23:00:00,Annual,Percentage,Females,From 15 to 64 years,All ISCED 2011 levels,Latvia,2017,68.4,,
ESTAT:LFSA_ERGAED(1.0),14/04/25 23:00:00,Annual,Percentage,Females,From 15 to 64 years,All ISCED 2011 levels,Latvia,2018,70.1,,
ESTAT:LFSA_ERGAED(1.0),14/04/25 23:00:00,Annual,Percentage,Females,From 15 to 64 years,All ISCED 2011 levels,Latvia,2019,70.7,,
ESTAT:LFSA_ERGAED(1.0),14/04/25 23:00:00,Annual,Percentage,Females,From 15 to 64 years,All ISCED 2011 levels,Latvia,2020,70.2,,
ESTAT:LFSA_ERGAED(1.0),14/04/25 23:00:00,Annual,Percentage,Females,From 15 to 64 years,All ISCED 2011 levels,Latvia,2021,68.0,b,
ESTAT:LFSA_ERGAED(1.0),14/04/25 23:00:00,Annual,Percentage,Females,From 15 to 64 years,All ISCED 2011 levels,Latvia,2022,70.2,,
ESTAT:LFSA_ERGAED(1.0),14/04/25 23:00:00,Annual,Percentage,Females,From 15 to 64 years,All ISCED 2011 levels,Latvia,2023,70.2,,
ESTAT:LFSA_ERGAED(1.0),14/04/25 23:00:00,Annual,Percentage,Females,From 15 to 64 years,All ISCED 2011 levels,Latvia,2024,70.0,,
ESTAT:LFSA_ERGAED(1.0),14/04/25 23:00:00,Annual,Percentage,Females,From 15 to 64 years,All ISCED 2011 levels,Montenegro,2015,46.9,,
ESTAT:LFSA_ERGAED(1.0),14/04/25 23:00:00,Annual,Percentage,Females,From 15 to 64 years,All ISCED 2011 levels,Montenegro,2016,46.8,,
ESTAT:LFSA_ERGAED(1.0),14/04/25 23:00:00,Annual,Percentage,Females,From 15 to 64 years,All ISCED 2011 levels,Montenegro,2017,46.8,,
ESTAT:LFSA_ERGAED(1.0),14/04/25 23:00:00,Annual,Percentage,Females,From 15 to 64 years,All ISCED 2011 levels,Montenegro,2018,48.4,,
ESTAT:LFSA_ERGAED(1.0),14/04/25 23:00:00,Annual,Percentage,Females,From 15 to 64 years,All ISCED 2011 levels,Montenegro,2019,49.7,,
ESTAT:LFSA_ERGAED(1.0),14/04/25 23:00:00,Annual,Percentage,Females,From 15 to 64 years,All ISCED 2011 levels,Montenegro,2020,44.4,,
ESTAT:LFSA_ERGAED(1.0),14/04/25 23:00:00,Annual,Percentage,Females,From 15 to 64 years,All ISCED 2011 levels,North Macedonia,2015,38.8,,
ESTAT:LFSA_ERGAED(1.0),14/04/25 23:00:00,Annual,Percentage,Females,From 15 to 64 years,All ISCED 2011 levels,North Macedonia,2016,39.2,,
ESTAT:LFSA_ERGAED(1.0),14/04/25 23:00:00,Annual,Percentage,Females,From 15 to 64 years,All ISCED 2011 levels,North Macedonia,2017,40.3,,
ESTAT:LFSA_ERGAED(1.0),14/04/25 23:00:00,Annual,Percentage,Females,From 15 to 64 years,All ISCED 2011 levels,North Macedonia,2018,41.7,,
ESTAT:LFSA_ERGAED(1.0),14/04/25 23:00:00,Annual,Percentage,Females,From 15 to 64 years,All ISCED 2011 levels,North Macedonia,2019,44.7,,
ESTAT:LFSA_ERGAED(1.0),14/04/25 23:00:00,Annual,Percentage,Females,From 15 to 64 years,All ISCED 2011 levels,North Macedonia,2020,45.3,,
ESTAT:LFSA_ERGAED(1.0),14/04/25 23:00:00,Annual,Percentage,Females,From 15 to 64 years,All ISCED 2011 levels,Malta,2015,52.5,,
ESTAT:LFSA_ERGAED(1.0),14/04/25 23:00:00,Annual,Percentage,Females,From 15 to 64 years,All ISCED 2011 levels,Malta,2016,55.0,,
ESTAT:LFSA_ERGAED(1.0),14/04/25 23:00:00,Annual,Percentage,Females,From 15 to 64 years,All ISCED 2011 levels,Malta,2017,57.6,,
ESTAT:LFSA_ERGAED(1.0),14/04/25 23:00:00,Annual,Percentage,Females,From 15 to 64 years,All ISCED 2011 levels,Malta,2018,60.7,,
ESTAT:LFSA_ERGAED(1.0),14/04/25 23:00:00,Annual,Percentage,Females,From 15 to 64 years,All ISCED 2011 levels,Malta,2019,61.0,,
ESTAT:LFSA_ERGAED(1.0),14/04/25 23:00:00,Annual,Percentage,Females,From 15 to 64 years,All ISCED 2011 levels,Malta,2020,62.7,,
ESTAT:LFSA_ERGAED(1.0),14/04/25 23:00:00,Annual,Percentage,Females,From 15 to 64 years,All ISCED 2011 levels,Malta,2021,65.4,b,
ESTAT:LFSA_ERGAED(1.0),14/04/25 23:00:00,Annual,Percentage,Females,From 15 to 64 years,All ISCED 2011 levels,Malta,2022,69.7,,
ESTAT:LFSA_ERGAED(1.0),14/04/25 23:00:00,Annual,Percentage,Females,From 15 to 64 years,All ISCED 2011 levels,Malta,2023,70.3,,
ESTAT:LFSA_ERGAED(1.0),14/04/25 23:00:00,Annual,Percentage,Females,From 15 to 64 years,All ISCED 2011 levels,Malta,2024,72.3,,
ESTAT:LFSA_ERGAED(1.0),14/04/25 23:00:00,Annual,Percentage,Females,From 15 to 64 years,All ISCED 2011 levels,Netherlands,2015,69.2,,
ESTAT:LFSA_ERGAED(1.0),14/04/25 23:00:00,Annual,Percentage,Females,From 15 to 64 years,All ISCED 2011 levels,Netherlands,2016,70.1,,
ESTAT:LFSA_ERGAED(1.0),14/04/25 23:00:00,Annual,Percentage,Females,From 15 to 64 years,All ISCED 2011 levels,Netherlands,2017,71.3,,
ESTAT:LFSA_ERGAED(1.0),14/04/25 23:00:00,Annual,Percentage,Females,From 15 to 64 years,All ISCED 2011 levels,Netherlands,2018,72.8,,
ESTAT:LFSA_ERGAED(1.0),14/04/25 23:00:00,Annual,Percentage,Females,From 15 to 64 years,All ISCED 2011 levels,Netherlands,2019,74.1,b,
ESTAT:LFSA_ERGAED(1.0),14/04/25 23:00:00,Annual,Percentage,Females,From 15 to 64 years,All ISCED 2011 levels,Netherlands,2020,73.9,,
ESTAT:LFSA_ERGAED(1.0),14/04/25 23:00:00,Annual,Percentage,Females,From 15 to 64 years,All ISCED 2011 levels,Netherlands,2021,76.6,b,
ESTAT:LFSA_ERGAED(1.0),14/04/25 23:00:00,Annual,Percentage,Females,From 15 to 64 years,All ISCED 2011 levels,Netherlands,2022,78.1,,
ESTAT:LFSA_ERGAED(1.0),14/04/25 23:00:00,Annual,Percentage,Females,From 15 to 64 years,All ISCED 2011 levels,Netherlands,2023,78.9,,
ESTAT:LFSA_ERGAED(1.0),14/04/25 23:00:00,Annual,Percentage,Females,From 15 to 64 years,All ISCED 2011 levels,Netherlands,2024,78.9,,
ESTAT:LFSA_ERGAED(1.0),14/04/25 23:00:00,Annual,Percentage,Females,From 15 to 64 years,All ISCED 2011 levels,Norway,2015,73.0,,
ESTAT:LFSA_ERGAED(1.0),14/04/25 23:00:00,Annual,Percentage,Females,From 15 to 64 years,All ISCED 2011 levels,Norway,2016,72.8,,
ESTAT:LFSA_ERGAED(1.0),14/04/25 23:00:00,Annual,Percentage,Females,From 15 to 64 years,All ISCED 2011 levels,Norway,2017,72.4,,
ESTAT:LFSA_ERGAED(1.0),14/04/25 23:00:00,Annual,Percentage,Females,From 15 to 64 years,All ISCED 2011 levels,Norway,2018,72.6,,
ESTAT:LFSA_ERGAED(1.0),14/04/25 23:00:00,Annual,Percentage,Females,From 15 to 64 years,All ISCED 2011 levels,Norway,2019,73.1,,
ESTAT:LFSA_ERGAED(1.0),14/04/25 23:00:00,Annual,Percentage,Females,From 15 to 64 years,All ISCED 2011 levels,Norway,2020,72.7,,
ESTAT:LFSA_ERGAED(1.0),14/04/25 23:00:00,Annual,Percentage,Females,From 15 to 64 years,All ISCED 2011 levels,Norway,2021,74.3,b,
ESTAT:LFSA_ERGAED(1.0),14/04/25 23:00:00,Annual,Percentage,Females,From 15 to 64 years,All ISCED 2011 levels,Norway,2022,75.4,,
ESTAT:LFSA_ERGAED(1.0),14/04/25 23:00:00,Annual,Percentage,Females,From 15 to 64 years,All ISCED 2011 levels,Norway,2023,75.3,,
ESTAT:LFSA_ERGAED(1.0),14/04/25 23:00:00,Annual,Percentage,Females,From 15 to 64 years,All ISCED 2011 levels,Norway,2024,75.0,,
ESTAT:LFSA_ERGAED(1.0),14/04/25 23:00:00,Annual,Percentage,Females,From 15 to 64 years,All ISCED 2011 levels,Poland,2015,56.6,,
ESTAT:LFSA_ERGAED(1.0),14/04/25 23:00:00,Annual,Percentage,Females,From 15 to 64 years,All ISCED 2011 levels,Poland,2016,58.1,,
ESTAT:LFSA_ERGAED(1.0),14/04/25 23:00:00,Annual,Percentage,Females,From 15 to 64 years,All ISCED 2011 levels,Poland,2017,59.5,,
ESTAT:LFSA_ERGAED(1.0),14/04/25 23:00:00,Annual,Percentage,Females,From 15 to 64 years,All ISCED 2011 levels,Poland,2018,60.8,,
ESTAT:LFSA_ERGAED(1.0),14/04/25 23:00:00,Annual,Percentage,Females,From 15 to 64 years,All ISCED 2011 levels,Poland,2019,61.4,b,
ESTAT:LFSA_ERGAED(1.0),14/04/25 23:00:00,Annual,Percentage,Females,From 15 to 64 years,All ISCED 2011 levels,Poland,2020,61.6,,
ESTAT:LFSA_ERGAED(1.0),14/04/25 23:00:00,Annual,Percentage,Females,From 15 to 64 years,All ISCED 2011 levels,Poland,2021,64.0,b,
ESTAT:LFSA_ERGAED(1.0),14/04/25 23:00:00,Annual,Percentage,Females,From 15 to 64 years,All ISCED 2011 levels,Poland,2022,65.5,,
ESTAT:LFSA_ERGAED(1.0),14/04/25 23:00:00,Annual,Percentage,Females,From 15 to 64 years,All ISCED 2011 levels,Poland,2023,66.9,,
ESTAT:LFSA_ERGAED(1.0),14/04/25 23:00:00,Annual,Percentage,Females,From 15 to 64 years,All ISCED 2011 levels,Poland,2024,67.2,,
ESTAT:LFSA_ERGAED(1.0),14/04/25 23:00:00,Annual,Percentage,Females,From 15 to 64 years,All ISCED 2011 levels,Portugal,2015,61.1,,
ESTAT:LFSA_ERGAED(1.0),14/04/25 23:00:00,Annual,Percentage,Females,From 15 to 64 years,All ISCED 2011 levels,Portugal,2016,62.5,,
ESTAT:LFSA_ERGAED(1.0),14/04/25 23:00:00,Annual,Percentage,Females,From 15 to 64 years,All ISCED 2011 levels,Portugal,2017,64.8,,
ESTAT:LFSA_ERGAED(1.0),14/04/25 23:00:00,Annual,Percentage,Females,From 15 to 64 years,All ISCED 2011 levels,Portugal,2018,66.9,,
ESTAT:LFSA_ERGAED(1.0),14/04/25 23:00:00,Annual,Percentage,Females,From 15 to 64 years,All ISCED 2011 levels,Portugal,2019,67.5,,
ESTAT:LFSA_ERGAED(1.0),14/04/25 23:00:00,Annual,Percentage,Females,From 15 to 64 years,All ISCED 2011 levels,Portugal,2020,66.4,,
ESTAT:LFSA_ERGAED(1.0),14/04/25 23:00:00,Annual,Percentage,Females,From 15 to 64 years,All ISCED 2011 levels,Portugal,2021,67.2,b,
ESTAT:LFSA_ERGAED(1.0),14/04/25 23:00:00,Annual,Percentage,Females,From 15 to 64 years,All ISCED 2011 levels,Portugal,2022,68.9,,
ESTAT:LFSA_ERGAED(1.0),14/04/25 23:00:00,Annual,Percentage,Females,From 15 to 64 years,All ISCED 2011 levels,Portugal,2023,70.2,,
ESTAT:LFSA_ERGAED(1.0),14/04/25 23:00:00,Annual,Percentage,Females,From 15 to 64 years,All ISCED 2011 levels,Portugal,2024,70.4,,
ESTAT:LFSA_ERGAED(1.0),14/04/25 23:00:00,Annual,Percentage,Females,From 15 to 64 years,All ISCED 2011 levels,Romania,2015,53.2,,
ESTAT:LFSA_ERGAED(1.0),14/04/25 23:00:00,Annual,Percentage,Females,From 15 to 64 years,All ISCED 2011 levels,Romania,2016,53.3,,
ESTAT:LFSA_ERGAED(1.0),14/04/25 23:00:00,Annual,Percentage,Females,From 15 to 64 years,All ISCED 2011 levels,Romania,2017,55.8,,
ESTAT:LFSA_ERGAED(1.0),14/04/25 23:00:00,Annual,Percentage,Females,From 15 to 64 years,All ISCED 2011 levels,Romania,2018,56.2,,
ESTAT:LFSA_ERGAED(1.0),14/04/25 23:00:00,Annual,Percentage,Females,From 15 to 64 years,All ISCED 2011 levels,Romania,2019,56.8,,
ESTAT:LFSA_ERGAED(1.0),14/04/25 23:00:00,Annual,Percentage,Females,From 15 to 64 years,All ISCED 2011 levels,Romania,2020,56.5,,
ESTAT:LFSA_ERGAED(1.0),14/04/25 23:00:00,Annual,Percentage,Females,From 15 to 64 years,All ISCED 2011 levels,Romania,2021,52.5,b,
ESTAT:LFSA_ERGAED(1.0),14/04/25 23:00:00,Annual,Percentage,Females,From 15 to 64 years,All ISCED 2011 levels,Romania,2022,54.4,,
ESTAT:LFSA_ERGAED(1.0),14/04/25 23:00:00,Annual,Percentage,Females,From 15 to 64 years,All ISCED 2011 levels,Romania,2023,54.3,,
ESTAT:LFSA_ERGAED(1.0),14/04/25 23:00:00,Annual,Percentage,Females,From 15 to 64 years,All ISCED 2011 levels,Romania,2024,55.3,,
ESTAT:LFSA_ERGAED(1.0),14/04/25 23:00:00,Annual,Percentage,Females,From 15 to 64 years,All ISCED 2011 levels,Serbia,2015,45.0,,
ESTAT:LFSA_ERGAED(1.0),14/04/25 23:00:00,Annual,Percentage,Females,From 15 to 64 years,All ISCED 2011 levels,Serbia,2016,48.5,,
ESTAT:LFSA_ERGAED(1.0),14/04/25 23:00:00,Annual,Percentage,Females,From 15 to 64 years,All ISCED 2011 levels,Serbia,2017,50.8,,
ESTAT:LFSA_ERGAED(1.0),14/04/25 23:00:00,Annual,Percentage,Females,From 15 to 64 years,All ISCED 2011 levels,Serbia,2018,52.0,,
ESTAT:LFSA_ERGAED(1.0),14/04/25 23:00:00,Annual,Percentage,Females,From 15 to 64 years,All ISCED 2011 levels,Serbia,2019,54.3,,
ESTAT:LFSA_ERGAED(1.0),14/04/25 23:00:00,Annual,Percentage,Females,From 15 to 64 years,All ISCED 2011 levels,Serbia,2020,54.8,,
ESTAT:LFSA_ERGAED(1.0),14/04/25 23:00:00,Annual,Percentage,Females,From 15 to 64 years,All ISCED 2011 levels,Serbia,2021,54.8,b,
ESTAT:LFSA_ERGAED(1.0),14/04/25 23:00:00,Annual,Percentage,Females,From 15 to 64 years,All ISCED 2011 levels,Serbia,2022,57.4,,
ESTAT:LFSA_ERGAED(1.0),14/04/25 23:00:00,Annual,Percentage,Females,From 15 to 64 years,All ISCED 2011 levels,Serbia,2023,58.9,,
ESTAT:LFSA_ERGAED(1.0),14/04/25 23:00:00,Annual,Percentage,Females,From 15 to 64 years,All ISCED 2011 levels,Serbia,2024,60.8,,
ESTAT:LFSA_ERGAED(1.0),14/04/25 23:00:00,Annual,Percentage,Females,From 15 to 64 years,All ISCED 2011 levels,Sweden,2015,74.0,,
ESTAT:LFSA_ERGAED(1.0),14/04/25 23:00:00,Annual,Percentage,Females,From 15 to 64 years,All ISCED 2011 levels,Sweden,2016,74.8,,
ESTAT:LFSA_ERGAED(1.0),14/04/25 23:00:00,Annual,Percentage,Females,From 15 to 64 years,All ISCED 2011 levels,Sweden,2017,75.4,,
ESTAT:LFSA_ERGAED(1.0),14/04/25 23:00:00,Annual,Percentage,Females,From 15 to 64 years,All ISCED 2011 levels,Sweden,2018,75.9,b,
ESTAT:LFSA_ERGAED(1.0),14/04/25 23:00:00,Annual,Percentage,Females,From 15 to 64 years,All ISCED 2011 levels,Sweden,2019,75.4,,
ESTAT:LFSA_ERGAED(1.0),14/04/25 23:00:00,Annual,Percentage,Females,From 15 to 64 years,All ISCED 2011 levels,Sweden,2020,73.5,,
ESTAT:LFSA_ERGAED(1.0),14/04/25 23:00:00,Annual,Percentage,Females,From 15 to 64 years,All ISCED 2011 levels,Sweden,2021,73.0,b,
ESTAT:LFSA_ERGAED(1.0),14/04/25 23:00:00,Annual,Percentage,Females,From 15 to 64 years,All ISCED 2011 levels,Sweden,2022,74.6,,
ESTAT:LFSA_ERGAED(1.0),14/04/25 23:00:00,Annual,Percentage,Females,From 15 to 64 years,All ISCED 2011 levels,Sweden,2023,75.6,,
ESTAT:LFSA_ERGAED(1.0),14/04/25 23:00:00,Annual,Percentage,Females,From 15 to 64 years,All ISCED 2011 levels,Sweden,2024,75.2,,
ESTAT:LFSA_ERGAED(1.0),14/04/25 23:00:00,Annual,Percentage,Females,From 15 to 64 years,All ISCED 2011 levels,Slovenia,2015,61.0,,
ESTAT:LFSA_ERGAED(1.0),14/04/25 23:00:00,Annual,Percentage,Females,From 15 to 64 years,All ISCED 2011 levels,Slovenia,2016,62.6,,
ESTAT:LFSA_ERGAED(1.0),14/04/25 23:00:00,Annual,Percentage,Females,From 15 to 64 years,All ISCED 2011 levels,Slovenia,2017,65.8,,
ESTAT:LFSA_ERGAED(1.0),14/04/25 23:00:00,Annual,Percentage,Females,From 15 to 64 years,All ISCED 2011 levels,Slovenia,2018,67.5,,
ESTAT:LFSA_ERGAED(1.0),14/04/25 23:00:00,Annual,Percentage,Females,From 15 to 64 years,All ISCED 2011 levels,Slovenia,2019,68.6,,
ESTAT:LFSA_ERGAED(1.0),14/04/25 23:00:00,Annual,Percentage,Females,From 15 to 64 years,All ISCED 2011 levels,Slovenia,2020,67.8,,
ESTAT:LFSA_ERGAED(1.0),14/04/25 23:00:00,Annual,Percentage,Females,From 15 to 64 years,All ISCED 2011 levels,Slovenia,2021,68.1,b,
ESTAT:LFSA_ERGAED(1.0),14/04/25 23:00:00,Annual,Percentage,Females,From 15 to 64 years,All ISCED 2011 levels,Slovenia,2022,69.8,,
ESTAT:LFSA_ERGAED(1.0),14/04/25 23:00:00,Annual,Percentage,Females,From 15 to 64 years,All ISCED 2011 levels,Slovenia,2023,69.4,b,
ESTAT:LFSA_ERGAED(1.0),14/04/25 23:00:00,Annual,Percentage,Females,From 15 to 64 years,All ISCED 2011 levels,Slovenia,2024,70.0,,
ESTAT:LFSA_ERGAED(1.0),14/04/25 23:00:00,Annual,Percentage,Females,From 15 to 64 years,All ISCED 2011 levels,Slovakia,2015,55.9,,
ESTAT:LFSA_ERGAED(1.0),14/04/25 23:00:00,Annual,Percentage,Females,From 15 to 64 years,All ISCED 2011 levels,Slovakia,2016,58.3,,
ESTAT:LFSA_ERGAED(1.0),14/04/25 23:00:00,Annual,Percentage,Females,From 15 to 64 years,All ISCED 2011 levels,Slovakia,2017,60.3,,
ESTAT:LFSA_ERGAED(1.0),14/04/25 23:00:00,Annual,Percentage,Females,From 15 to 64 years,All ISCED 2011 levels,Slovakia,2018,61.2,,
ESTAT:LFSA_ERGAED(1.0),14/04/25 23:00:00,Annual,Percentage,Females,From 15 to 64 years,All ISCED 2011 levels,Slovakia,2019,62.4,,
ESTAT:LFSA_ERGAED(1.0),14/04/25 23:00:00,Annual,Percentage,Females,From 15 to 64 years,All ISCED 2011 levels,Slovakia,2020,61.7,,
ESTAT:LFSA_ERGAED(1.0),14/04/25 23:00:00,Annual,Percentage,Females,From 15 to 64 years,All ISCED 2011 levels,Slovakia,2021,65.6,b,
ESTAT:LFSA_ERGAED(1.0),14/04/25 23:00:00,Annual,Percentage,Females,From 15 to 64 years,All ISCED 2011 levels,Slovakia,2022,67.6,,
ESTAT:LFSA_ERGAED(1.0),14/04/25 23:00:00,Annual,Percentage,Females,From 15 to 64 years,All ISCED 2011 levels,Slovakia,2023,68.4,,
ESTAT:LFSA_ERGAED(1.0),14/04/25 23:00:00,Annual,Percentage,Females,From 15 to 64 years,All ISCED 2011 levels,Slovakia,2024,68.3,,
ESTAT:LFSA_ERGAED(1.0),14/04/25 23:00:00,Annual,Percentage,Females,From 15 to 64 years,All ISCED 2011 levels,Türkiye,2015,30.4,,
ESTAT:LFSA_ERGAED(1.0),14/04/25 23:00:00,Annual,Percentage,Females,From 15 to 64 years,All ISCED 2011 levels,Türkiye,2016,31.2,,
ESTAT:LFSA_ERGAED(1.0),14/04/25 23:00:00,Annual,Percentage,Females,From 15 to 64 years,All ISCED 2011 levels,Türkiye,2017,32.2,,
ESTAT:LFSA_ERGAED(1.0),14/04/25 23:00:00,Annual,Percentage,Females,From 15 to 64 years,All ISCED 2011 levels,Türkiye,2018,32.9,,
ESTAT:LFSA_ERGAED(1.0),14/04/25 23:00:00,Annual,Percentage,Females,From 15 to 64 years,All ISCED 2011 levels,Türkiye,2019,32.2,,
ESTAT:LFSA_ERGAED(1.0),14/04/25 23:00:00,Annual,Percentage,Females,From 15 to 64 years,All ISCED 2011 levels,Türkiye,2020,29.7,,
ESTAT:LFSA_ERGAED(1.0),14/04/25 23:00:00,Annual,Percentage,Females,From 15 to 64 years,All ISCED 2011 levels,Türkiye,2021,31.8,b,
ESTAT:LFSA_ERGAED(1.0),14/04/25 23:00:00,Annual,Percentage,Females,From 15 to 64 years,All ISCED 2011 levels,Türkiye,2022,34.4,,
ESTAT:LFSA_ERGAED(1.0),14/04/25 23:00:00,Annual,Percentage,Females,From 15 to 64 years,All ISCED 2011 levels,Türkiye,2023,35.5,,
ESTAT:LFSA_ERGAED(1.0),14/04/25 23:00:00,Annual,Percentage,Females,From 15 to 64 years,All ISCED 2011 levels,Türkiye,2024,36.9,,
ESTAT:LFSA_ERGAED(1.0),14/04/25 23:00:00,Annual,Percentage,Females,From 15 to 64 years,All ISCED 2011 levels,United Kingdom,2015,67.9,,
ESTAT:LFSA_ERGAED(1.0),14/04/25 23:00:00,Annual,Percentage,Females,From 15 to 64 years,All ISCED 2011 levels,United Kingdom,2016,68.8,,
ESTAT:LFSA_ERGAED(1.0),14/04/25 23:00:00,Annual,Percentage,Females,From 15 to 64 years,All ISCED 2011 levels,United Kingdom,2017,69.7,,
ESTAT:LFSA_ERGAED(1.0),14/04/25 23:00:00,Annual,Percentage,Females,From 15 to 64 years,All ISCED 2011 levels,United Kingdom,2018,70.3,,
ESTAT:LFSA_ERGAED(1.0),14/04/25 23:00:00,Annual,Percentage,Females,From 15 to 64 years,All ISCED 2011 levels,United Kingdom,2019,71.1,,
