DATAFLOW,LAST UPDATE,freq,tax,unit,geo,TIME_PERIOD,OBS_VALUE,OBS_FLAG,CONF_STATUS
ESTAT:ENV_AC_TAX(1.0),28/01/25 11:00:00,Annual,Total environmental taxes,Percentage of gross domestic product (GDP),Austria,2014,2.62,,
ESTAT:ENV_AC_TAX(1.0),28/01/25 11:00:00,Annual,Total environmental taxes,Percentage of gross domestic product (GDP),Austria,2015,2.64,,
ESTAT:ENV_AC_TAX(1.0),28/01/25 11:00:00,Annual,Total environmental taxes,Percentage of gross domestic product (GDP),Austria,2016,2.65,,
ESTAT:ENV_AC_TAX(1.0),28/01/25 11:00:00,Annual,Total environmental taxes,Percentage of gross domestic product (GDP),Austria,2017,2.64,,
ESTAT:ENV_AC_TAX(1.0),28/01/25 11:00:00,Annual,Total environmental taxes,Percentage of gross domestic product (GDP),Austria,2018,2.5,,
ESTAT:ENV_AC_TAX(1.0),28/01/25 11:00:00,Annual,Total environmental taxes,Percentage of gross domestic product (GDP),Austria,2019,2.45,,
ESTAT:ENV_AC_TAX(1.0),28/01/25 11:00:00,Annual,Total environmental taxes,Percentage of gross domestic product (GDP),Austria,2020,2.32,,
ESTAT:ENV_AC_TAX(1.0),28/01/25 11:00:00,Annual,Total environmental taxes,Percentage of gross domestic product (GDP),Austria,2021,2.41,,
ESTAT:ENV_AC_TAX(1.0),28/01/25 11:00:00,Annual,Total environmental taxes,Percentage of gross domestic product (GDP),Austria,2022,1.9,,
ESTAT:ENV_AC_TAX(1.0),28/01/25 11:00:00,Annual,Total environmental taxes,Percentage of gross domestic product (GDP),Austria,2023,2.01,,
ESTAT:ENV_AC_TAX(1.0),28/01/25 11:00:00,Annual,Total environmental taxes,Percentage of gross domestic product (GDP),Belgium,2014,2.51,,
ESTAT:ENV_AC_TAX(1.0),28/01/25 11:00:00,Annual,Total environmental taxes,Percentage of gross domestic product (GDP),Belgium,2015,2.55,,
ESTAT:ENV_AC_TAX(1.0),28/01/25 11:00:00,Annual,Total environmental taxes,Percentage of gross domestic product (GDP),Belgium,2016,2.68,,
ESTAT:ENV_AC_TAX(1.0),28/01/25 11:00:00,Annual,Total environmental taxes,Percentage of gross domestic product (GDP),Belgium,2017,2.7,,
ESTAT:ENV_AC_TAX(1.0),28/01/25 11:00:00,Annual,Total environmental taxes,Percentage of gross domestic product (GDP),Belgium,2018,2.69,,
ESTAT:ENV_AC_TAX(1.0),28/01/25 11:00:00,Annual,Total environmental taxes,Percentage of gross domestic product (GDP),Belgium,2019,2.63,,
ESTAT:ENV_AC_TAX(1.0),28/01/25 11:00:00,Annual,Total environmental taxes,Percentage of gross domestic product (GDP),Belgium,2020,2.5,,
ESTAT:ENV_AC_TAX(1.0),28/01/25 11:00:00,Annual,Total environmental taxes,Percentage of gross domestic product (GDP),Belgium,2021,2.48,,
ESTAT:ENV_AC_TAX(1.0),28/01/25 11:00:00,Annual,Total environmental taxes,Percentage of gross domestic product (GDP),Belgium,2022,2.2,,
ESTAT:ENV_AC_TAX(1.0),28/01/25 11:00:00,Annual,Total environmental taxes,Percentage of gross domestic product (GDP),Belgium,2023,2.32,,
ESTAT:ENV_AC_TAX(1.0),28/01/25 11:00:00,Annual,Total environmental taxes,Percentage of gross domestic product (GDP),Bulgaria,2014,2.84,,
ESTAT:ENV_AC_TAX(1.0),28/01/25 11:00:00,Annual,Total environmental taxes,Percentage of gross domestic product (GDP),Bulgaria,2015,2.95,,
ESTAT:ENV_AC_TAX(1.0),28/01/25 11:00:00,Annual,Total environmental taxes,Percentage of gross domestic product (GDP),Bulgaria,2016,2.98,,
ESTAT:ENV_AC_TAX(1.0),28/01/25 11:00:00,Annual,Total environmental taxes,Percentage of gross domestic product (GDP),Bulgaria,2017,2.8,,
ESTAT:ENV_AC_TAX(1.0),28/01/25 11:00:00,Annual,Total environmental taxes,Percentage of gross domestic product (GDP),Bulgaria,2018,2.62,,
ESTAT:ENV_AC_TAX(1.0),28/01/25 11:00:00,Annual,Total environmental taxes,Percentage of gross domestic product (GDP),Bulgaria,2019,3,,
ESTAT:ENV_AC_TAX(1.0),28/01/25 11:00:00,Annual,Total environmental taxes,Percentage of gross domestic product (GDP),Bulgaria,2020,3,,
ESTAT:ENV_AC_TAX(1.0),28/01/25 11:00:00,Annual,Total environmental taxes,Percentage of gross domestic product (GDP),Bulgaria,2021,2.77,,
ESTAT:ENV_AC_TAX(1.0),28/01/25 11:00:00,Annual,Total environmental taxes,Percentage of gross domestic product (GDP),Bulgaria,2022,4.76,,
ESTAT:ENV_AC_TAX(1.0),28/01/25 11:00:00,Annual,Total environmental taxes,Percentage of gross domestic product (GDP),Bulgaria,2023,3.35,,
ESTAT:ENV_AC_TAX(1.0),28/01/25 11:00:00,Annual,Total environmental taxes,Percentage of gross domestic product (GDP),Switzerland,2014,1.33,,
ESTAT:ENV_AC_TAX(1.0),28/01/25 11:00:00,Annual,Total environmental taxes,Percentage of gross domestic product (GDP),Switzerland,2015,1.36,,
ESTAT:ENV_AC_TAX(1.0),28/01/25 11:00:00,Annual,Total environmental taxes,Percentage of gross domestic product (GDP),Switzerland,2016,1.38,,
ESTAT:ENV_AC_TAX(1.0),28/01/25 11:00:00,Annual,Total environmental taxes,Percentage of gross domestic product (GDP),Switzerland,2017,1.38,,
ESTAT:ENV_AC_TAX(1.0),28/01/25 11:00:00,Annual,Total environmental taxes,Percentage of gross domestic product (GDP),Switzerland,2018,1.4,,
ESTAT:ENV_AC_TAX(1.0),28/01/25 11:00:00,Annual,Total environmental taxes,Percentage of gross domestic product (GDP),Switzerland,2019,1.4,,
ESTAT:ENV_AC_TAX(1.0),28/01/25 11:00:00,Annual,Total environmental taxes,Percentage of gross domestic product (GDP),Switzerland,2020,1.39,,
ESTAT:ENV_AC_TAX(1.0),28/01/25 11:00:00,Annual,Total environmental taxes,Percentage of gross domestic product (GDP),Switzerland,2021,1.33,,
ESTAT:ENV_AC_TAX(1.0),28/01/25 11:00:00,Annual,Total environmental taxes,Percentage of gross domestic product (GDP),Switzerland,2022,1.26,,
ESTAT:ENV_AC_TAX(1.0),28/01/25 11:00:00,Annual,Total environmental taxes,Percentage of gross domestic product (GDP),Switzerland,2023,1.19,,
ESTAT:ENV_AC_TAX(1.0),28/01/25 11:00:00,Annual,Total environmental taxes,Percentage of gross domestic product (GDP),Cyprus,2014,3.39,,
ESTAT:ENV_AC_TAX(1.0),28/01/25 11:00:00,Annual,Total environmental taxes,Percentage of gross domestic product (GDP),Cyprus,2015,3.36,,
ESTAT:ENV_AC_TAX(1.0),28/01/25 11:00:00,Annual,Total environmental taxes,Percentage of gross domestic product (GDP),Cyprus,2016,3.23,,
ESTAT:ENV_AC_TAX(1.0),28/01/25 11:00:00,Annual,Total environmental taxes,Percentage of gross domestic product (GDP),Cyprus,2017,3.26,,
ESTAT:ENV_AC_TAX(1.0),28/01/25 11:00:00,Annual,Total environmental taxes,Percentage of gross domestic product (GDP),Cyprus,2018,3.09,,
ESTAT:ENV_AC_TAX(1.0),28/01/25 11:00:00,Annual,Total environmental taxes,Percentage of gross domestic product (GDP),Cyprus,2019,2.75,,
ESTAT:ENV_AC_TAX(1.0),28/01/25 11:00:00,Annual,Total environmental taxes,Percentage of gross domestic product (GDP),Cyprus,2020,2.59,,
ESTAT:ENV_AC_TAX(1.0),28/01/25 11:00:00,Annual,Total environmental taxes,Percentage of gross domestic product (GDP),Cyprus,2021,2.49,,
ESTAT:ENV_AC_TAX(1.0),28/01/25 11:00:00,Annual,Total environmental taxes,Percentage of gross domestic product (GDP),Cyprus,2022,2.07,,
ESTAT:ENV_AC_TAX(1.0),28/01/25 11:00:00,Annual,Total environmental taxes,Percentage of gross domestic product (GDP),Cyprus,2023,2.11,,
ESTAT:ENV_AC_TAX(1.0),28/01/25 11:00:00,Annual,Total environmental taxes,Percentage of gross domestic product (GDP),Czechia,2014,2.11,,
ESTAT:ENV_AC_TAX(1.0),28/01/25 11:00:00,Annual,Total environmental taxes,Percentage of gross domestic product (GDP),Czechia,2015,2.04,,
ESTAT:ENV_AC_TAX(1.0),28/01/25 11:00:00,Annual,Total environmental taxes,Percentage of gross domestic product (GDP),Czechia,2016,2.08,,
ESTAT:ENV_AC_TAX(1.0),28/01/25 11:00:00,Annual,Total environmental taxes,Percentage of gross domestic product (GDP),Czechia,2017,1.98,,
ESTAT:ENV_AC_TAX(1.0),28/01/25 11:00:00,Annual,Total environmental taxes,Percentage of gross domestic product (GDP),Czechia,2018,1.93,,
ESTAT:ENV_AC_TAX(1.0),28/01/25 11:00:00,Annual,Total environmental taxes,Percentage of gross domestic product (GDP),Czechia,2019,2,,
ESTAT:ENV_AC_TAX(1.0),28/01/25 11:00:00,Annual,Total environmental taxes,Percentage of gross domestic product (GDP),Czechia,2020,1.88,,
ESTAT:ENV_AC_TAX(1.0),28/01/25 11:00:00,Annual,Total environmental taxes,Percentage of gross domestic product (GDP),Czechia,2021,1.78,,
ESTAT:ENV_AC_TAX(1.0),28/01/25 11:00:00,Annual,Total environmental taxes,Percentage of gross domestic product (GDP),Czechia,2022,1.42,,
ESTAT:ENV_AC_TAX(1.0),28/01/25 11:00:00,Annual,Total environmental taxes,Percentage of gross domestic product (GDP),Czechia,2023,1.56,,
ESTAT:ENV_AC_TAX(1.0),28/01/25 11:00:00,Annual,Total environmental taxes,Percentage of gross domestic product (GDP),Germany,2014,2.74,,
ESTAT:ENV_AC_TAX(1.0),28/01/25 11:00:00,Annual,Total environmental taxes,Percentage of gross domestic product (GDP),Germany,2015,2.62,,
ESTAT:ENV_AC_TAX(1.0),28/01/25 11:00:00,Annual,Total environmental taxes,Percentage of gross domestic product (GDP),Germany,2016,2.58,,
ESTAT:ENV_AC_TAX(1.0),28/01/25 11:00:00,Annual,Total environmental taxes,Percentage of gross domestic product (GDP),Germany,2017,2.56,,
ESTAT:ENV_AC_TAX(1.0),28/01/25 11:00:00,Annual,Total environmental taxes,Percentage of gross domestic product (GDP),Germany,2018,2.46,,
ESTAT:ENV_AC_TAX(1.0),28/01/25 11:00:00,Annual,Total environmental taxes,Percentage of gross domestic product (GDP),Germany,2019,2.43,,
ESTAT:ENV_AC_TAX(1.0),28/01/25 11:00:00,Annual,Total environmental taxes,Percentage of gross domestic product (GDP),Germany,2020,2.4,,
ESTAT:ENV_AC_TAX(1.0),28/01/25 11:00:00,Annual,Total environmental taxes,Percentage of gross domestic product (GDP),Germany,2021,2.23,,
ESTAT:ENV_AC_TAX(1.0),28/01/25 11:00:00,Annual,Total environmental taxes,Percentage of gross domestic product (GDP),Germany,2022,1.85,,
ESTAT:ENV_AC_TAX(1.0),28/01/25 11:00:00,Annual,Total environmental taxes,Percentage of gross domestic product (GDP),Germany,2023,1.71,,
ESTAT:ENV_AC_TAX(1.0),28/01/25 11:00:00,Annual,Total environmental taxes,Percentage of gross domestic product (GDP),Denmark,2014,4.01,,
ESTAT:ENV_AC_TAX(1.0),28/01/25 11:00:00,Annual,Total environmental taxes,Percentage of gross domestic product (GDP),Denmark,2015,3.98,,
ESTAT:ENV_AC_TAX(1.0),28/01/25 11:00:00,Annual,Total environmental taxes,Percentage of gross domestic product (GDP),Denmark,2016,3.93,,
ESTAT:ENV_AC_TAX(1.0),28/01/25 11:00:00,Annual,Total environmental taxes,Percentage of gross domestic product (GDP),Denmark,2017,3.67,,
ESTAT:ENV_AC_TAX(1.0),28/01/25 11:00:00,Annual,Total environmental taxes,Percentage of gross domestic product (GDP),Denmark,2018,3.59,,
ESTAT:ENV_AC_TAX(1.0),28/01/25 11:00:00,Annual,Total environmental taxes,Percentage of gross domestic product (GDP),Denmark,2019,3.32,,
ESTAT:ENV_AC_TAX(1.0),28/01/25 11:00:00,Annual,Total environmental taxes,Percentage of gross domestic product (GDP),Denmark,2020,3.17,,
ESTAT:ENV_AC_TAX(1.0),28/01/25 11:00:00,Annual,Total environmental taxes,Percentage of gross domestic product (GDP),Denmark,2021,2.81,,
ESTAT:ENV_AC_TAX(1.0),28/01/25 11:00:00,Annual,Total environmental taxes,Percentage of gross domestic product (GDP),Denmark,2022,2.36,,
ESTAT:ENV_AC_TAX(1.0),28/01/25 11:00:00,Annual,Total environmental taxes,Percentage of gross domestic product (GDP),Denmark,2023,2.05,,
ESTAT:ENV_AC_TAX(1.0),28/01/25 11:00:00,Annual,Total environmental taxes,Percentage of gross domestic product (GDP),Estonia,2014,2.9,,
ESTAT:ENV_AC_TAX(1.0),28/01/25 11:00:00,Annual,Total environmental taxes,Percentage of gross domestic product (GDP),Estonia,2015,3,,
ESTAT:ENV_AC_TAX(1.0),28/01/25 11:00:00,Annual,Total environmental taxes,Percentage of gross domestic product (GDP),Estonia,2016,3.24,,
ESTAT:ENV_AC_TAX(1.0),28/01/25 11:00:00,Annual,Total environmental taxes,Percentage of gross domestic product (GDP),Estonia,2017,3.14,,
ESTAT:ENV_AC_TAX(1.0),28/01/25 11:00:00,Annual,Total environmental taxes,Percentage of gross domestic product (GDP),Estonia,2018,2.96,,
ESTAT:ENV_AC_TAX(1.0),28/01/25 11:00:00,Annual,Total environmental taxes,Percentage of gross domestic product (GDP),Estonia,2019,3.42,,
ESTAT:ENV_AC_TAX(1.0),28/01/25 11:00:00,Annual,Total environmental taxes,Percentage of gross domestic product (GDP),Estonia,2020,2.68,,
ESTAT:ENV_AC_TAX(1.0),28/01/25 11:00:00,Annual,Total environmental taxes,Percentage of gross domestic product (GDP),Estonia,2021,2.6,,
ESTAT:ENV_AC_TAX(1.0),28/01/25 11:00:00,Annual,Total environmental taxes,Percentage of gross domestic product (GDP),Estonia,2022,2.54,,
ESTAT:ENV_AC_TAX(1.0),28/01/25 11:00:00,Annual,Total environmental taxes,Percentage of gross domestic product (GDP),Estonia,2023,2.61,,
ESTAT:ENV_AC_TAX(1.0),28/01/25 11:00:00,Annual,Total environmental taxes,Percentage of gross domestic product (GDP),Greece,2014,4.13,,
ESTAT:ENV_AC_TAX(1.0),28/01/25 11:00:00,Annual,Total environmental taxes,Percentage of gross domestic product (GDP),Greece,2015,4.22,,
ESTAT:ENV_AC_TAX(1.0),28/01/25 11:00:00,Annual,Total environmental taxes,Percentage of gross domestic product (GDP),Greece,2016,4.17,,
ESTAT:ENV_AC_TAX(1.0),28/01/25 11:00:00,Annual,Total environmental taxes,Percentage of gross domestic product (GDP),Greece,2017,4.37,,
ESTAT:ENV_AC_TAX(1.0),28/01/25 11:00:00,Annual,Total environmental taxes,Percentage of gross domestic product (GDP),Greece,2018,4.1,,
ESTAT:ENV_AC_TAX(1.0),28/01/25 11:00:00,Annual,Total environmental taxes,Percentage of gross domestic product (GDP),Greece,2019,4.16,,
ESTAT:ENV_AC_TAX(1.0),28/01/25 11:00:00,Annual,Total environmental taxes,Percentage of gross domestic product (GDP),Greece,2020,4.07,,
ESTAT:ENV_AC_TAX(1.0),28/01/25 11:00:00,Annual,Total environmental taxes,Percentage of gross domestic product (GDP),Greece,2021,4.17,,
ESTAT:ENV_AC_TAX(1.0),28/01/25 11:00:00,Annual,Total environmental taxes,Percentage of gross domestic product (GDP),Greece,2022,5.6,,
ESTAT:ENV_AC_TAX(1.0),28/01/25 11:00:00,Annual,Total environmental taxes,Percentage of gross domestic product (GDP),Greece,2023,4.11,,
ESTAT:ENV_AC_TAX(1.0),28/01/25 11:00:00,Annual,Total environmental taxes,Percentage of gross domestic product (GDP),Spain,2014,1.86,,
ESTAT:ENV_AC_TAX(1.0),28/01/25 11:00:00,Annual,Total environmental taxes,Percentage of gross domestic product (GDP),Spain,2015,1.92,,
ESTAT:ENV_AC_TAX(1.0),28/01/25 11:00:00,Annual,Total environmental taxes,Percentage of gross domestic product (GDP),Spain,2016,1.86,,
ESTAT:ENV_AC_TAX(1.0),28/01/25 11:00:00,Annual,Total environmental taxes,Percentage of gross domestic product (GDP),Spain,2017,1.83,,
ESTAT:ENV_AC_TAX(1.0),28/01/25 11:00:00,Annual,Total environmental taxes,Percentage of gross domestic product (GDP),Spain,2018,1.83,,
ESTAT:ENV_AC_TAX(1.0),28/01/25 11:00:00,Annual,Total environmental taxes,Percentage of gross domestic product (GDP),Spain,2019,1.76,,
ESTAT:ENV_AC_TAX(1.0),28/01/25 11:00:00,Annual,Total environmental taxes,Percentage of gross domestic product (GDP),Spain,2020,1.74,,
ESTAT:ENV_AC_TAX(1.0),28/01/25 11:00:00,Annual,Total environmental taxes,Percentage of gross domestic product (GDP),Spain,2021,1.72,,
ESTAT:ENV_AC_TAX(1.0),28/01/25 11:00:00,Annual,Total environmental taxes,Percentage of gross domestic product (GDP),Spain,2022,1.5,,
ESTAT:ENV_AC_TAX(1.0),28/01/25 11:00:00,Annual,Total environmental taxes,Percentage of gross domestic product (GDP),Spain,2023,1.64,,
ESTAT:ENV_AC_TAX(1.0),28/01/25 11:00:00,Annual,Total environmental taxes,Percentage of gross domestic product (GDP),European Union - 27 countries (from 2020),2014,2.72,,
ESTAT:ENV_AC_TAX(1.0),28/01/25 11:00:00,Annual,Total environmental taxes,Percentage of gross domestic product (GDP),European Union - 27 countries (from 2020),2015,2.68,,
ESTAT:ENV_AC_TAX(1.0),28/01/25 11:00:00,Annual,Total environmental taxes,Percentage of gross domestic product (GDP),European Union - 27 countries (from 2020),2016,2.7,,
ESTAT:ENV_AC_TAX(1.0),28/01/25 11:00:00,Annual,Total environmental taxes,Percentage of gross domestic product (GDP),European Union - 27 countries (from 2020),2017,2.65,,
ESTAT:ENV_AC_TAX(1.0),28/01/25 11:00:00,Annual,Total environmental taxes,Percentage of gross domestic product (GDP),European Union - 27 countries (from 2020),2018,2.61,,
ESTAT:ENV_AC_TAX(1.0),28/01/25 11:00:00,Annual,Total environmental taxes,Percentage of gross domestic product (GDP),European Union - 27 countries (from 2020),2019,2.57,,
ESTAT:ENV_AC_TAX(1.0),28/01/25 11:00:00,Annual,Total environmental taxes,Percentage of gross domestic product (GDP),European Union - 27 countries (from 2020),2020,2.47,,
ESTAT:ENV_AC_TAX(1.0),28/01/25 11:00:00,Annual,Total environmental taxes,Percentage of gross domestic product (GDP),European Union - 27 countries (from 2020),2021,2.39,,
ESTAT:ENV_AC_TAX(1.0),28/01/25 11:00:00,Annual,Total environmental taxes,Percentage of gross domestic product (GDP),European Union - 27 countries (from 2020),2022,2.11,,
ESTAT:ENV_AC_TAX(1.0),28/01/25 11:00:00,Annual,Total environmental taxes,Percentage of gross domestic product (GDP),European Union - 27 countries (from 2020),2023,2.03,,
ESTAT:ENV_AC_TAX(1.0),28/01/25 11:00:00,Annual,Total environmental taxes,Percentage of gross domestic product (GDP),Finland,2014,2.89,,
ESTAT:ENV_AC_TAX(1.0),28/01/25 11:00:00,Annual,Total environmental taxes,Percentage of gross domestic product (GDP),Finland,2015,2.91,,
ESTAT:ENV_AC_TAX(1.0),28/01/25 11:00:00,Annual,Total environmental taxes,Percentage of gross domestic product (GDP),Finland,2016,3.11,,
ESTAT:ENV_AC_TAX(1.0),28/01/25 11:00:00,Annual,Total environmental taxes,Percentage of gross domestic product (GDP),Finland,2017,2.98,,
ESTAT:ENV_AC_TAX(1.0),28/01/25 11:00:00,Annual,Total environmental taxes,Percentage of gross domestic product (GDP),Finland,2018,2.95,,
ESTAT:ENV_AC_TAX(1.0),28/01/25 11:00:00,Annual,Total environmental taxes,Percentage of gross domestic product (GDP),Finland,2019,2.82,,
ESTAT:ENV_AC_TAX(1.0),28/01/25 11:00:00,Annual,Total environmental taxes,Percentage of gross domestic product (GDP),Finland,2020,2.74,,
ESTAT:ENV_AC_TAX(1.0),28/01/25 11:00:00,Annual,Total environmental taxes,Percentage of gross domestic product (GDP),Finland,2021,2.53,,
ESTAT:ENV_AC_TAX(1.0),28/01/25 11:00:00,Annual,Total environmental taxes,Percentage of gross domestic product (GDP),Finland,2022,2.45,,
ESTAT:ENV_AC_TAX(1.0),28/01/25 11:00:00,Annual,Total environmental taxes,Percentage of gross domestic product (GDP),Finland,2023,2.26,,
ESTAT:ENV_AC_TAX(1.0),28/01/25 11:00:00,Annual,Total environmental taxes,Percentage of gross domestic product (GDP),France,2014,2.01,,
ESTAT:ENV_AC_TAX(1.0),28/01/25 11:00:00,Annual,Total environmental taxes,Percentage of gross domestic product (GDP),France,2015,2.14,,
ESTAT:ENV_AC_TAX(1.0),28/01/25 11:00:00,Annual,Total environmental taxes,Percentage of gross domestic product (GDP),France,2016,2.23,,
ESTAT:ENV_AC_TAX(1.0),28/01/25 11:00:00,Annual,Total environmental taxes,Percentage of gross domestic product (GDP),France,2017,2.3,,
ESTAT:ENV_AC_TAX(1.0),28/01/25 11:00:00,Annual,Total environmental taxes,Percentage of gross domestic product (GDP),France,2018,2.37,,
ESTAT:ENV_AC_TAX(1.0),28/01/25 11:00:00,Annual,Total environmental taxes,Percentage of gross domestic product (GDP),France,2019,2.31,,
ESTAT:ENV_AC_TAX(1.0),28/01/25 11:00:00,Annual,Total environmental taxes,Percentage of gross domestic product (GDP),France,2020,2.13,,
ESTAT:ENV_AC_TAX(1.0),28/01/25 11:00:00,Annual,Total environmental taxes,Percentage of gross domestic product (GDP),France,2021,2.16,,
ESTAT:ENV_AC_TAX(1.0),28/01/25 11:00:00,Annual,Total environmental taxes,Percentage of gross domestic product (GDP),France,2022,2.01,,
ESTAT:ENV_AC_TAX(1.0),28/01/25 11:00:00,Annual,Total environmental taxes,Percentage of gross domestic product (GDP),France,2023,1.77,,
ESTAT:ENV_AC_TAX(1.0),28/01/25 11:00:00,Annual,Total environmental taxes,Percentage of gross domestic product (GDP),Croatia,2014,3.94,,
ESTAT:ENV_AC_TAX(1.0),28/01/25 11:00:00,Annual,Total environmental taxes,Percentage of gross domestic product (GDP),Croatia,2015,4.2,,
ESTAT:ENV_AC_TAX(1.0),28/01/25 11:00:00,Annual,Total environmental taxes,Percentage of gross domestic product (GDP),Croatia,2016,4.3,,
ESTAT:ENV_AC_TAX(1.0),28/01/25 11:00:00,Annual,Total environmental taxes,Percentage of gross domestic product (GDP),Croatia,2017,4.28,,
ESTAT:ENV_AC_TAX(1.0),28/01/25 11:00:00,Annual,Total environmental taxes,Percentage of gross domestic product (GDP),Croatia,2018,4.33,,
ESTAT:ENV_AC_TAX(1.0),28/01/25 11:00:00,Annual,Total environmental taxes,Percentage of gross domestic product (GDP),Croatia,2019,4.24,,
ESTAT:ENV_AC_TAX(1.0),28/01/25 11:00:00,Annual,Total environmental taxes,Percentage of gross domestic product (GDP),Croatia,2020,4.06,,
ESTAT:ENV_AC_TAX(1.0),28/01/25 11:00:00,Annual,Total environmental taxes,Percentage of gross domestic product (GDP),Croatia,2021,3.87,,
ESTAT:ENV_AC_TAX(1.0),28/01/25 11:00:00,Annual,Total environmental taxes,Percentage of gross domestic product (GDP),Croatia,2022,3.36,,
ESTAT:ENV_AC_TAX(1.0),28/01/25 11:00:00,Annual,Total environmental taxes,Percentage of gross domestic product (GDP),Croatia,2023,3.3,,
ESTAT:ENV_AC_TAX(1.0),28/01/25 11:00:00,Annual,Total environmental taxes,Percentage of gross domestic product (GDP),Hungary,2014,2.41,,
ESTAT:ENV_AC_TAX(1.0),28/01/25 11:00:00,Annual,Total environmental taxes,Percentage of gross domestic product (GDP),Hungary,2015,2.47,,
ESTAT:ENV_AC_TAX(1.0),28/01/25 11:00:00,Annual,Total environmental taxes,Percentage of gross domestic product (GDP),Hungary,2016,2.53,,
ESTAT:ENV_AC_TAX(1.0),28/01/25 11:00:00,Annual,Total environmental taxes,Percentage of gross domestic product (GDP),Hungary,2017,2.44,,
ESTAT:ENV_AC_TAX(1.0),28/01/25 11:00:00,Annual,Total environmental taxes,Percentage of gross domestic product (GDP),Hungary,2018,2.27,,
ESTAT:ENV_AC_TAX(1.0),28/01/25 11:00:00,Annual,Total environmental taxes,Percentage of gross domestic product (GDP),Hungary,2019,2.24,,
ESTAT:ENV_AC_TAX(1.0),28/01/25 11:00:00,Annual,Total environmental taxes,Percentage of gross domestic product (GDP),Hungary,2020,2.15,,
ESTAT:ENV_AC_TAX(1.0),28/01/25 11:00:00,Annual,Total environmental taxes,Percentage of gross domestic product (GDP),Hungary,2021,2,,
ESTAT:ENV_AC_TAX(1.0),28/01/25 11:00:00,Annual,Total environmental taxes,Percentage of gross domestic product (GDP),Hungary,2022,1.84,,
ESTAT:ENV_AC_TAX(1.0),28/01/25 11:00:00,Annual,Total environmental taxes,Percentage of gross domestic product (GDP),Hungary,2023,2.16,,
ESTAT:ENV_AC_TAX(1.0),28/01/25 11:00:00,Annual,Total environmental taxes,Percentage of gross domestic product (GDP),Ireland,2014,2.33,,
ESTAT:ENV_AC_TAX(1.0),28/01/25 11:00:00,Annual,Total environmental taxes,Percentage of gross domestic product (GDP),Ireland,2015,1.83,,
ESTAT:ENV_AC_TAX(1.0),28/01/25 11:00:00,Annual,Total environmental taxes,Percentage of gross domestic product (GDP),Ireland,2016,1.85,,
ESTAT:ENV_AC_TAX(1.0),28/01/25 11:00:00,Annual,Total environmental taxes,Percentage of gross domestic product (GDP),Ireland,2017,1.7,,
ESTAT:ENV_AC_TAX(1.0),28/01/25 11:00:00,Annual,Total environmental taxes,Percentage of gross domestic product (GDP),Ireland,2018,1.53,,
ESTAT:ENV_AC_TAX(1.0),28/01/25 11:00:00,Annual,Total environmental taxes,Percentage of gross domestic product (GDP),Ireland,2019,1.39,,
ESTAT:ENV_AC_TAX(1.0),28/01/25 11:00:00,Annual,Total environmental taxes,Percentage of gross domestic product (GDP),Ireland,2020,1.18,,
ESTAT:ENV_AC_TAX(1.0),28/01/25 11:00:00,Annual,Total environmental taxes,Percentage of gross domestic product (GDP),Ireland,2021,1.11,,
ESTAT:ENV_AC_TAX(1.0),28/01/25 11:00:00,Annual,Total environmental taxes,Percentage of gross domestic product (GDP),Ireland,2022,0.85,,
ESTAT:ENV_AC_TAX(1.0),28/01/25 11:00:00,Annual,Total environmental taxes,Percentage of gross domestic product (GDP),Ireland,2023,0.96,,
ESTAT:ENV_AC_TAX(1.0),28/01/25 11:00:00,Annual,Total environmental taxes,Percentage of gross domestic product (GDP),Iceland,2014,2.14,,
ESTAT:ENV_AC_TAX(1.0),28/01/25 11:00:00,Annual,Total environmental taxes,Percentage of gross domestic product (GDP),Iceland,2015,2.13,,
ESTAT:ENV_AC_TAX(1.0),28/01/25 11:00:00,Annual,Total environmental taxes,Percentage of gross domestic product (GDP),Iceland,2016,2.06,,
ESTAT:ENV_AC_TAX(1.0),28/01/25 11:00:00,Annual,Total environmental taxes,Percentage of gross domestic product (GDP),Iceland,2017,2.2,,
ESTAT:ENV_AC_TAX(1.0),28/01/25 11:00:00,Annual,Total environmental taxes,Percentage of gross domestic product (GDP),Iceland,2018,2.12,,
ESTAT:ENV_AC_TAX(1.0),28/01/25 11:00:00,Annual,Total environmental taxes,Percentage of gross domestic product (GDP),Iceland,2019,2.01,,
ESTAT:ENV_AC_TAX(1.0),28/01/25 11:00:00,Annual,Total environmental taxes,Percentage of gross domestic product (GDP),Iceland,2020,2.01,,
ESTAT:ENV_AC_TAX(1.0),28/01/25 11:00:00,Annual,Total environmental taxes,Percentage of gross domestic product (GDP),Iceland,2021,1.68,,
ESTAT:ENV_AC_TAX(1.0),28/01/25 11:00:00,Annual,Total environmental taxes,Percentage of gross domestic product (GDP),Iceland,2022,1.79,,
ESTAT:ENV_AC_TAX(1.0),28/01/25 11:00:00,Annual,Total environmental taxes,Percentage of gross domestic product (GDP),Iceland,2023,1.81,,
ESTAT:ENV_AC_TAX(1.0),28/01/25 11:00:00,Annual,Total environmental taxes,Percentage of gross domestic product (GDP),Italy,2014,3.8,,
ESTAT:ENV_AC_TAX(1.0),28/01/25 11:00:00,Annual,Total environmental taxes,Percentage of gross domestic product (GDP),Italy,2015,3.58,,
ESTAT:ENV_AC_TAX(1.0),28/01/25 11:00:00,Annual,Total environmental taxes,Percentage of gross domestic product (GDP),Italy,2016,3.63,,
ESTAT:ENV_AC_TAX(1.0),28/01/25 11:00:00,Annual,Total environmental taxes,Percentage of gross domestic product (GDP),Italy,2017,3.44,,
ESTAT:ENV_AC_TAX(1.0),28/01/25 11:00:00,Annual,Total environmental taxes,Percentage of gross domestic product (GDP),Italy,2018,3.38,,
ESTAT:ENV_AC_TAX(1.0),28/01/25 11:00:00,Annual,Total environmental taxes,Percentage of gross domestic product (GDP),Italy,2019,3.45,,
ESTAT:ENV_AC_TAX(1.0),28/01/25 11:00:00,Annual,Total environmental taxes,Percentage of gross domestic product (GDP),Italy,2020,3.25,,
ESTAT:ENV_AC_TAX(1.0),28/01/25 11:00:00,Annual,Total environmental taxes,Percentage of gross domestic product (GDP),Italy,2021,3.04,,
ESTAT:ENV_AC_TAX(1.0),28/01/25 11:00:00,Annual,Total environmental taxes,Percentage of gross domestic product (GDP),Italy,2022,2.27,,
ESTAT:ENV_AC_TAX(1.0),28/01/25 11:00:00,Annual,Total environmental taxes,Percentage of gross domestic product (GDP),Italy,2023,2.55,,
ESTAT:ENV_AC_TAX(1.0),28/01/25 11:00:00,Annual,Total environmental taxes,Percentage of gross domestic product (GDP),Liechtenstein,2014,0.65,,
ESTAT:ENV_AC_TAX(1.0),28/01/25 11:00:00,Annual,Total environmental taxes,Percentage of gross domestic product (GDP),Liechtenstein,2015,0.65,,
ESTAT:ENV_AC_TAX(1.0),28/01/25 11:00:00,Annual,Total environmental taxes,Percentage of gross domestic product (GDP),Liechtenstein,2016,0.64,,
ESTAT:ENV_AC_TAX(1.0),28/01/25 11:00:00,Annual,Total environmental taxes,Percentage of gross domestic product (GDP),Liechtenstein,2017,0.63,,
ESTAT:ENV_AC_TAX(1.0),28/01/25 11:00:00,Annual,Total environmental taxes,Percentage of gross domestic product (GDP),Liechtenstein,2018,0.58,,
ESTAT:ENV_AC_TAX(1.0),28/01/25 11:00:00,Annual,Total environmental taxes,Percentage of gross domestic product (GDP),Liechtenstein,2019,0.65,,
ESTAT:ENV_AC_TAX(1.0),28/01/25 11:00:00,Annual,Total environmental taxes,Percentage of gross domestic product (GDP),Liechtenstein,2020,0.64,,
ESTAT:ENV_AC_TAX(1.0),28/01/25 11:00:00,Annual,Total environmental taxes,Percentage of gross domestic product (GDP),Liechtenstein,2021,0.56,,
ESTAT:ENV_AC_TAX(1.0),28/01/25 11:00:00,Annual,Total environmental taxes,Percentage of gross domestic product (GDP),Lithuania,2014,1.81,,
ESTAT:ENV_AC_TAX(1.0),28/01/25 11:00:00,Annual,Total environmental taxes,Percentage of gross domestic product (GDP),Lithuania,2015,1.89,,
ESTAT:ENV_AC_TAX(1.0),28/01/25 11:00:00,Annual,Total environmental taxes,Percentage of gross domestic product (GDP),Lithuania,2016,2,,
ESTAT:ENV_AC_TAX(1.0),28/01/25 11:00:00,Annual,Total environmental taxes,Percentage of gross domestic product (GDP),Lithuania,2017,1.96,,
ESTAT:ENV_AC_TAX(1.0),28/01/25 11:00:00,Annual,Total environmental taxes,Percentage of gross domestic product (GDP),Lithuania,2018,2.03,,
ESTAT:ENV_AC_TAX(1.0),28/01/25 11:00:00,Annual,Total environmental taxes,Percentage of gross domestic product (GDP),Lithuania,2019,2.03,,
ESTAT:ENV_AC_TAX(1.0),28/01/25 11:00:00,Annual,Total environmental taxes,Percentage of gross domestic product (GDP),Lithuania,2020,2.09,,
ESTAT:ENV_AC_TAX(1.0),28/01/25 11:00:00,Annual,Total environmental taxes,Percentage of gross domestic product (GDP),Lithuania,2021,1.99,,
ESTAT:ENV_AC_TAX(1.0),28/01/25 11:00:00,Annual,Total environmental taxes,Percentage of gross domestic product (GDP),Lithuania,2022,1.65,,
ESTAT:ENV_AC_TAX(1.0),28/01/25 11:00:00,Annual,Total environmental taxes,Percentage of gross domestic product (GDP),Lithuania,2023,1.61,,
ESTAT:ENV_AC_TAX(1.0),28/01/25 11:00:00,Annual,Total environmental taxes,Percentage of gross domestic product (GDP),Luxembourg,2014,1.89,,
ESTAT:ENV_AC_TAX(1.0),28/01/25 11:00:00,Annual,Total environmental taxes,Percentage of gross domestic product (GDP),Luxembourg,2015,1.76,,
ESTAT:ENV_AC_TAX(1.0),28/01/25 11:00:00,Annual,Total environmental taxes,Percentage of gross domestic product (GDP),Luxembourg,2016,1.66,,
ESTAT:ENV_AC_TAX(1.0),28/01/25 11:00:00,Annual,Total environmental taxes,Percentage of gross domestic product (GDP),Luxembourg,2017,1.64,,
ESTAT:ENV_AC_TAX(1.0),28/01/25 11:00:00,Annual,Total environmental taxes,Percentage of gross domestic product (GDP),Luxembourg,2018,1.69,,
ESTAT:ENV_AC_TAX(1.0),28/01/25 11:00:00,Annual,Total environmental taxes,Percentage of gross domestic product (GDP),Luxembourg,2019,1.74,,
ESTAT:ENV_AC_TAX(1.0),28/01/25 11:00:00,Annual,Total environmental taxes,Percentage of gross domestic product (GDP),Luxembourg,2020,1.38,,
ESTAT:ENV_AC_TAX(1.0),28/01/25 11:00:00,Annual,Total environmental taxes,Percentage of gross domestic product (GDP),Luxembourg,2021,1.46,,
ESTAT:ENV_AC_TAX(1.0),28/01/25 11:00:00,Annual,Total environmental taxes,Percentage of gross domestic product (GDP),Luxembourg,2022,1.23,,
ESTAT:ENV_AC_TAX(1.0),28/01/25 11:00:00,Annual,Total environmental taxes,Percentage of gross domestic product (GDP),Luxembourg,2023,1.28,,
ESTAT:ENV_AC_TAX(1.0),28/01/25 11:00:00,Annual,Total environmental taxes,Percentage of gross domestic product (GDP),Latvia,2014,3.5,,
ESTAT:ENV_AC_TAX(1.0),28/01/25 11:00:00,Annual,Total environmental taxes,Percentage of gross domestic product (GDP),Latvia,2015,3.64,,
ESTAT:ENV_AC_TAX(1.0),28/01/25 11:00:00,Annual,Total environmental taxes,Percentage of gross domestic product (GDP),Latvia,2016,3.75,,
ESTAT:ENV_AC_TAX(1.0),28/01/25 11:00:00,Annual,Total environmental taxes,Percentage of gross domestic product (GDP),Latvia,2017,3.64,,
ESTAT:ENV_AC_TAX(1.0),28/01/25 11:00:00,Annual,Total environmental taxes,Percentage of gross domestic product (GDP),Latvia,2018,3.52,,
ESTAT:ENV_AC_TAX(1.0),28/01/25 11:00:00,Annual,Total environmental taxes,Percentage of gross domestic product (GDP),Latvia,2019,3.2,,
ESTAT:ENV_AC_TAX(1.0),28/01/25 11:00:00,Annual,Total environmental taxes,Percentage of gross domestic product (GDP),Latvia,2020,3.31,,
ESTAT:ENV_AC_TAX(1.0),28/01/25 11:00:00,Annual,Total environmental taxes,Percentage of gross domestic product (GDP),Latvia,2021,2.99,,
ESTAT:ENV_AC_TAX(1.0),28/01/25 11:00:00,Annual,Total environmental taxes,Percentage of gross domestic product (GDP),Latvia,2022,2.4,,
ESTAT:ENV_AC_TAX(1.0),28/01/25 11:00:00,Annual,Total environmental taxes,Percentage of gross domestic product (GDP),Latvia,2023,2.43,,
ESTAT:ENV_AC_TAX(1.0),28/01/25 11:00:00,Annual,Total environmental taxes,Percentage of gross domestic product (GDP),Malta,2014,2.69,,
ESTAT:ENV_AC_TAX(1.0),28/01/25 11:00:00,Annual,Total environmental taxes,Percentage of gross domestic product (GDP),Malta,2015,2.61,,
ESTAT:ENV_AC_TAX(1.0),28/01/25 11:00:00,Annual,Total environmental taxes,Percentage of gross domestic product (GDP),Malta,2016,2.57,,
ESTAT:ENV_AC_TAX(1.0),28/01/25 11:00:00,Annual,Total environmental taxes,Percentage of gross domestic product (GDP),Malta,2017,2.42,,
ESTAT:ENV_AC_TAX(1.0),28/01/25 11:00:00,Annual,Total environmental taxes,Percentage of gross domestic product (GDP),Malta,2018,2.33,,
ESTAT:ENV_AC_TAX(1.0),28/01/25 11:00:00,Annual,Total environmental taxes,Percentage of gross domestic product (GDP),Malta,2019,2.38,,
ESTAT:ENV_AC_TAX(1.0),28/01/25 11:00:00,Annual,Total environmental taxes,Percentage of gross domestic product (GDP),Malta,2020,2.05,,
ESTAT:ENV_AC_TAX(1.0),28/01/25 11:00:00,Annual,Total environmental taxes,Percentage of gross domestic product (GDP),Malta,2021,1.66,,
ESTAT:ENV_AC_TAX(1.0),28/01/25 11:00:00,Annual,Total environmental taxes,Percentage of gross domestic product (GDP),Malta,2022,1.57,,
ESTAT:ENV_AC_TAX(1.0),28/01/25 11:00:00,Annual,Total environmental taxes,Percentage of gross domestic product (GDP),Malta,2023,1.54,,
ESTAT:ENV_AC_TAX(1.0),28/01/25 11:00:00,Annual,Total environmental taxes,Percentage of gross domestic product (GDP),Netherlands,2014,3.66,,
ESTAT:ENV_AC_TAX(1.0),28/01/25 11:00:00,Annual,Total environmental taxes,Percentage of gross domestic product (GDP),Netherlands,2015,3.66,,
ESTAT:ENV_AC_TAX(1.0),28/01/25 11:00:00,Annual,Total environmental taxes,Percentage of gross domestic product (GDP),Netherlands,2016,3.68,,
ESTAT:ENV_AC_TAX(1.0),28/01/25 11:00:00,Annual,Total environmental taxes,Percentage of gross domestic product (GDP),Netherlands,2017,3.64,,
ESTAT:ENV_AC_TAX(1.0),28/01/25 11:00:00,Annual,Total environmental taxes,Percentage of gross domestic product (GDP),Netherlands,2018,3.63,,
ESTAT:ENV_AC_TAX(1.0),28/01/25 11:00:00,Annual,Total environmental taxes,Percentage of gross domestic product (GDP),Netherlands,2019,3.61,,
ESTAT:ENV_AC_TAX(1.0),28/01/25 11:00:00,Annual,Total environmental taxes,Percentage of gross domestic product (GDP),Netherlands,2020,3.57,,
ESTAT:ENV_AC_TAX(1.0),28/01/25 11:00:00,Annual,Total environmental taxes,Percentage of gross domestic product (GDP),Netherlands,2021,3.43,,
ESTAT:ENV_AC_TAX(1.0),28/01/25 11:00:00,Annual,Total environmental taxes,Percentage of gross domestic product (GDP),Netherlands,2022,2.9,,
ESTAT:ENV_AC_TAX(1.0),28/01/25 11:00:00,Annual,Total environmental taxes,Percentage of gross domestic product (GDP),Netherlands,2023,2.81,,
ESTAT:ENV_AC_TAX(1.0),28/01/25 11:00:00,Annual,Total environmental taxes,Percentage of gross domestic product (GDP),Norway,2014,2.31,,
ESTAT:ENV_AC_TAX(1.0),28/01/25 11:00:00,Annual,Total environmental taxes,Percentage of gross domestic product (GDP),Norway,2015,2.34,,
ESTAT:ENV_AC_TAX(1.0),28/01/25 11:00:00,Annual,Total environmental taxes,Percentage of gross domestic product (GDP),Norway,2016,2.4,,
ESTAT:ENV_AC_TAX(1.0),28/01/25 11:00:00,Annual,Total environmental taxes,Percentage of gross domestic product (GDP),Norway,2017,2.28,,
ESTAT:ENV_AC_TAX(1.0),28/01/25 11:00:00,Annual,Total environmental taxes,Percentage of gross domestic product (GDP),Norway,2018,2.18,,
ESTAT:ENV_AC_TAX(1.0),28/01/25 11:00:00,Annual,Total environmental taxes,Percentage of gross domestic product (GDP),Norway,2019,2.09,,
ESTAT:ENV_AC_TAX(1.0),28/01/25 11:00:00,Annual,Total environmental taxes,Percentage of gross domestic product (GDP),Norway,2020,2,,
ESTAT:ENV_AC_TAX(1.0),28/01/25 11:00:00,Annual,Total environmental taxes,Percentage of gross domestic product (GDP),Norway,2021,1.74,,
ESTAT:ENV_AC_TAX(1.0),28/01/25 11:00:00,Annual,Total environmental taxes,Percentage of gross domestic product (GDP),Norway,2022,1.31,,
ESTAT:ENV_AC_TAX(1.0),28/01/25 11:00:00,Annual,Total environmental taxes,Percentage of gross domestic product (GDP),Norway,2023,1.45,,
ESTAT:ENV_AC_TAX(1.0),28/01/25 11:00:00,Annual,Total environmental taxes,Percentage of gross domestic product (GDP),Poland,2014,2.58,,
ESTAT:ENV_AC_TAX(1.0),28/01/25 11:00:00,Annual,Total environmental taxes,Percentage of gross domestic product (GDP),Poland,2015,2.64,,
ESTAT:ENV_AC_TAX(1.0),28/01/25 11:00:00,Annual,Total environmental taxes,Percentage of gross domestic product (GDP),Poland,2016,2.7,,
ESTAT:ENV_AC_TAX(1.0),28/01/25 11:00:00,Annual,Total environmental taxes,Percentage of gross domestic product (GDP),Poland,2017,2.67,,
ESTAT:ENV_AC_TAX(1.0),28/01/25 11:00:00,Annual,Total environmental taxes,Percentage of gross domestic product (GDP),Poland,2018,2.67,,
ESTAT:ENV_AC_TAX(1.0),28/01/25 11:00:00,Annual,Total environmental taxes,Percentage of gross domestic product (GDP),Poland,2019,2.52,,
ESTAT:ENV_AC_TAX(1.0),28/01/25 11:00:00,Annual,Total environmental taxes,Percentage of gross domestic product (GDP),Poland,2020,2.51,,
ESTAT:ENV_AC_TAX(1.0),28/01/25 11:00:00,Annual,Total environmental taxes,Percentage of gross domestic product (GDP),Poland,2021,2.87,,
ESTAT:ENV_AC_TAX(1.0),28/01/25 11:00:00,Annual,Total environmental taxes,Percentage of gross domestic product (GDP),Poland,2022,2.77,,
ESTAT:ENV_AC_TAX(1.0),28/01/25 11:00:00,Annual,Total environmental taxes,Percentage of gross domestic product (GDP),Poland,2023,2.56,,
ESTAT:ENV_AC_TAX(1.0),28/01/25 11:00:00,Annual,Total environmental taxes,Percentage of gross domestic product (GDP),Portugal,2014,2.28,,
ESTAT:ENV_AC_TAX(1.0),28/01/25 11:00:00,Annual,Total environmental taxes,Percentage of gross domestic product (GDP),Portugal,2015,2.41,,
ESTAT:ENV_AC_TAX(1.0),28/01/25 11:00:00,Annual,Total environmental taxes,Percentage of gross domestic product (GDP),Portugal,2016,2.6,,
ESTAT:ENV_AC_TAX(1.0),28/01/25 11:00:00,Annual,Total environmental taxes,Percentage of gross domestic product (GDP),Portugal,2017,2.57,,
ESTAT:ENV_AC_TAX(1.0),28/01/25 11:00:00,Annual,Total environmental taxes,Percentage of gross domestic product (GDP),Portugal,2018,2.51,,
ESTAT:ENV_AC_TAX(1.0),28/01/25 11:00:00,Annual,Total environmental taxes,Percentage of gross domestic product (GDP),Portugal,2019,2.54,,
ESTAT:ENV_AC_TAX(1.0),28/01/25 11:00:00,Annual,Total environmental taxes,Percentage of gross domestic product (GDP),Portugal,2020,2.37,,
ESTAT:ENV_AC_TAX(1.0),28/01/25 11:00:00,Annual,Total environmental taxes,Percentage of gross domestic product (GDP),Portugal,2021,2.32,,
ESTAT:ENV_AC_TAX(1.0),28/01/25 11:00:00,Annual,Total environmental taxes,Percentage of gross domestic product (GDP),Portugal,2022,1.91,,
ESTAT:ENV_AC_TAX(1.0),28/01/25 11:00:00,Annual,Total environmental taxes,Percentage of gross domestic product (GDP),Portugal,2023,2.01,,
ESTAT:ENV_AC_TAX(1.0),28/01/25 11:00:00,Annual,Total environmental taxes,Percentage of gross domestic product (GDP),Romania,2014,2.38,,
ESTAT:ENV_AC_TAX(1.0),28/01/25 11:00:00,Annual,Total environmental taxes,Percentage of gross domestic product (GDP),Romania,2015,2.45,,
ESTAT:ENV_AC_TAX(1.0),28/01/25 11:00:00,Annual,Total environmental taxes,Percentage of gross domestic product (GDP),Romania,2016,2.44,,
ESTAT:ENV_AC_TAX(1.0),28/01/25 11:00:00,Annual,Total environmental taxes,Percentage of gross domestic product (GDP),Romania,2017,1.95,,
ESTAT:ENV_AC_TAX(1.0),28/01/25 11:00:00,Annual,Total environmental taxes,Percentage of gross domestic product (GDP),Romania,2018,1.96,,
ESTAT:ENV_AC_TAX(1.0),28/01/25 11:00:00,Annual,Total environmental taxes,Percentage of gross domestic product (GDP),Romania,2019,2.11,,
ESTAT:ENV_AC_TAX(1.0),28/01/25 11:00:00,Annual,Total environmental taxes,Percentage of gross domestic product (GDP),Romania,2020,1.9,,
ESTAT:ENV_AC_TAX(1.0),28/01/25 11:00:00,Annual,Total environmental taxes,Percentage of gross domestic product (GDP),Romania,2021,2.42,,
ESTAT:ENV_AC_TAX(1.0),28/01/25 11:00:00,Annual,Total environmental taxes,Percentage of gross domestic product (GDP),Romania,2022,3.49,,
ESTAT:ENV_AC_TAX(1.0),28/01/25 11:00:00,Annual,Total environmental taxes,Percentage of gross domestic product (GDP),Romania,2023,2.25,,
ESTAT:ENV_AC_TAX(1.0),28/01/25 11:00:00,Annual,Total environmental taxes,Percentage of gross domestic product (GDP),Sweden,2014,2.19,,
ESTAT:ENV_AC_TAX(1.0),28/01/25 11:00:00,Annual,Total environmental taxes,Percentage of gross domestic product (GDP),Sweden,2015,2.17,,
ESTAT:ENV_AC_TAX(1.0),28/01/25 11:00:00,Annual,Total environmental taxes,Percentage of gross domestic product (GDP),Sweden,2016,2.23,,
ESTAT:ENV_AC_TAX(1.0),28/01/25 11:00:00,Annual,Total environmental taxes,Percentage of gross domestic product (GDP),Sweden,2017,2.14,,
ESTAT:ENV_AC_TAX(1.0),28/01/25 11:00:00,Annual,Total environmental taxes,Percentage of gross domestic product (GDP),Sweden,2018,2.1,,
ESTAT:ENV_AC_TAX(1.0),28/01/25 11:00:00,Annual,Total environmental taxes,Percentage of gross domestic product (GDP),Sweden,2019,2.06,,
ESTAT:ENV_AC_TAX(1.0),28/01/25 11:00:00,Annual,Total environmental taxes,Percentage of gross domestic product (GDP),Sweden,2020,2,,
ESTAT:ENV_AC_TAX(1.0),28/01/25 11:00:00,Annual,Total environmental taxes,Percentage of gross domestic product (GDP),Sweden,2021,1.9,,
ESTAT:ENV_AC_TAX(1.0),28/01/25 11:00:00,Annual,Total environmental taxes,Percentage of gross domestic product (GDP),Sweden,2022,1.93,,
ESTAT:ENV_AC_TAX(1.0),28/01/25 11:00:00,Annual,Total environmental taxes,Percentage of gross domestic product (GDP),Sweden,2023,2.01,,
ESTAT:ENV_AC_TAX(1.0),28/01/25 11:00:00,Annual,Total environmental taxes,Percentage of gross domestic product (GDP),Slovenia,2014,4.24,,
ESTAT:ENV_AC_TAX(1.0),28/01/25 11:00:00,Annual,Total environmental taxes,Percentage of gross domestic product (GDP),Slovenia,2015,4.4,,
ESTAT:ENV_AC_TAX(1.0),28/01/25 11:00:00,Annual,Total environmental taxes,Percentage of gross domestic product (GDP),Slovenia,2016,4.43,,
ESTAT:ENV_AC_TAX(1.0),28/01/25 11:00:00,Annual,Total environmental taxes,Percentage of gross domestic product (GDP),Slovenia,2017,4.22,,
ESTAT:ENV_AC_TAX(1.0),28/01/25 11:00:00,Annual,Total environmental taxes,Percentage of gross domestic product (GDP),Slovenia,2018,3.94,,
ESTAT:ENV_AC_TAX(1.0),28/01/25 11:00:00,Annual,Total environmental taxes,Percentage of gross domestic product (GDP),Slovenia,2019,3.78,,
ESTAT:ENV_AC_TAX(1.0),28/01/25 11:00:00,Annual,Total environmental taxes,Percentage of gross domestic product (GDP),Slovenia,2020,3.37,,
ESTAT:ENV_AC_TAX(1.0),28/01/25 11:00:00,Annual,Total environmental taxes,Percentage of gross domestic product (GDP),Slovenia,2021,3.26,,
ESTAT:ENV_AC_TAX(1.0),28/01/25 11:00:00,Annual,Total environmental taxes,Percentage of gross domestic product (GDP),Slovenia,2022,2.92,,
ESTAT:ENV_AC_TAX(1.0),28/01/25 11:00:00,Annual,Total environmental taxes,Percentage of gross domestic product (GDP),Slovenia,2023,2.8,,
ESTAT:ENV_AC_TAX(1.0),28/01/25 11:00:00,Annual,Total environmental taxes,Percentage of gross domestic product (GDP),Slovakia,2014,2.52,,
ESTAT:ENV_AC_TAX(1.0),28/01/25 11:00:00,Annual,Total environmental taxes,Percentage of gross domestic product (GDP),Slovakia,2015,2.49,,
ESTAT:ENV_AC_TAX(1.0),28/01/25 11:00:00,Annual,Total environmental taxes,Percentage of gross domestic product (GDP),Slovakia,2016,2.47,,
ESTAT:ENV_AC_TAX(1.0),28/01/25 11:00:00,Annual,Total environmental taxes,Percentage of gross domestic product (GDP),Slovakia,2017,2.53,,
ESTAT:ENV_AC_TAX(1.0),28/01/25 11:00:00,Annual,Total environmental taxes,Percentage of gross domestic product (GDP),Slovakia,2018,2.47,,
ESTAT:ENV_AC_TAX(1.0),28/01/25 11:00:00,Annual,Total environmental taxes,Percentage of gross domestic product (GDP),Slovakia,2019,2.5,,
ESTAT:ENV_AC_TAX(1.0),28/01/25 11:00:00,Annual,Total environmental taxes,Percentage of gross domestic product (GDP),Slovakia,2020,2.43,,
ESTAT:ENV_AC_TAX(1.0),28/01/25 11:00:00,Annual,Total environmental taxes,Percentage of gross domestic product (GDP),Slovakia,2021,2.34,,
ESTAT:ENV_AC_TAX(1.0),28/01/25 11:00:00,Annual,Total environmental taxes,Percentage of gross domestic product (GDP),Slovakia,2022,2.45,,
ESTAT:ENV_AC_TAX(1.0),28/01/25 11:00:00,Annual,Total environmental taxes,Percentage of gross domestic product (GDP),Slovakia,2023,2,,
