DATAFLOW,LAST UPDATE,freq,unit,na_item,geo,TIME_PERIOD,OBS_VALUE,OBS_FLAG,CONF_STATUS
ESTAT:NAMA_10_PC(1.0),02/05/25 23:00:00,Annual,"Current prices, units of national currency per capita",Gross domestic product at market prices,Albania,2015,501540,,
ESTAT:NAMA_10_PC(1.0),02/05/25 23:00:00,Annual,"Current prices, units of national currency per capita",Gross domestic product at market prices,Albania,2016,517470,,
ESTAT:NAMA_10_PC(1.0),02/05/25 23:00:00,Annual,"Current prices, units of national currency per capita",Gross domestic product at market prices,Albania,2017,549530,,
ESTAT:NAMA_10_PC(1.0),02/05/25 23:00:00,Annual,"Current prices, units of national currency per capita",Gross domestic product at market prices,Albania,2018,579410,,
ESTAT:NAMA_10_PC(1.0),02/05/25 23:00:00,Annual,"Current prices, units of national currency per capita",Gross domestic product at market prices,Albania,2019,599830,,
ESTAT:NAMA_10_PC(1.0),02/05/25 23:00:00,Annual,"Current prices, units of national currency per capita",Gross domestic product at market prices,Albania,2020,583540,,
ESTAT:NAMA_10_PC(1.0),02/05/25 23:00:00,Annual,"Current prices, units of national currency per capita",Gross domestic product at market prices,Albania,2021,663900,,
ESTAT:NAMA_10_PC(1.0),02/05/25 23:00:00,Annual,"Current prices, units of national currency per capita",Gross domestic product at market prices,Albania,2022,773930,,
ESTAT:NAMA_10_PC(1.0),02/05/25 23:00:00,Annual,"Current prices, units of national currency per capita",Gross domestic product at market prices,Austria,2015,39640,,
ESTAT:NAMA_10_PC(1.0),02/05/25 23:00:00,Annual,"Current prices, units of national currency per capita",Gross domestic product at market prices,Austria,2016,40690,,
ESTAT:NAMA_10_PC(1.0),02/05/25 23:00:00,Annual,"Current prices, units of national currency per capita",Gross domestic product at market prices,Austria,2017,41760,,
ESTAT:NAMA_10_PC(1.0),02/05/25 23:00:00,Annual,"Current prices, units of national currency per capita",Gross domestic product at market prices,Austria,2018,43360,,
ESTAT:NAMA_10_PC(1.0),02/05/25 23:00:00,Annual,"Current prices, units of national currency per capita",Gross domestic product at market prices,Austria,2019,44570,,
ESTAT:NAMA_10_PC(1.0),02/05/25 23:00:00,Annual,"Current prices, units of national currency per capita",Gross domestic product at market prices,Austria,2020,42650,,
ESTAT:NAMA_10_PC(1.0),02/05/25 23:00:00,Annual,"Current prices, units of national currency per capita",Gross domestic product at market prices,Austria,2021,45380,,
ESTAT:NAMA_10_PC(1.0),02/05/25 23:00:00,Annual,"Current prices, units of national currency per capita",Gross domestic product at market prices,Austria,2022,49490,,
ESTAT:NAMA_10_PC(1.0),02/05/25 23:00:00,Annual,"Current prices, units of national currency per capita",Gross domestic product at market prices,Austria,2023,51830,,
ESTAT:NAMA_10_PC(1.0),02/05/25 23:00:00,Annual,"Current prices, units of national currency per capita",Gross domestic product at market prices,Austria,2024,52490,,
ESTAT:NAMA_10_PC(1.0),02/05/25 23:00:00,Annual,"Current prices, units of national currency per capita",Gross domestic product at market prices,Belgium,2015,36860,,
ESTAT:NAMA_10_PC(1.0),02/05/25 23:00:00,Annual,"Current prices, units of national currency per capita",Gross domestic product at market prices,Belgium,2016,37810,,
ESTAT:NAMA_10_PC(1.0),02/05/25 23:00:00,Annual,"Current prices, units of national currency per capita",Gross domestic product at market prices,Belgium,2017,38980,,
ESTAT:NAMA_10_PC(1.0),02/05/25 23:00:00,Annual,"Current prices, units of national currency per capita",Gross domestic product at market prices,Belgium,2018,40210,,
ESTAT:NAMA_10_PC(1.0),02/05/25 23:00:00,Annual,"Current prices, units of national currency per capita",Gross domestic product at market prices,Belgium,2019,41730,,
ESTAT:NAMA_10_PC(1.0),02/05/25 23:00:00,Annual,"Current prices, units of national currency per capita",Gross domestic product at market prices,Belgium,2020,40190,,
ESTAT:NAMA_10_PC(1.0),02/05/25 23:00:00,Annual,"Current prices, units of national currency per capita",Gross domestic product at market prices,Belgium,2021,43680,,
ESTAT:NAMA_10_PC(1.0),02/05/25 23:00:00,Annual,"Current prices, units of national currency per capita",Gross domestic product at market prices,Belgium,2022,48260,,
ESTAT:NAMA_10_PC(1.0),02/05/25 23:00:00,Annual,"Current prices, units of national currency per capita",Gross domestic product at market prices,Belgium,2023,50610,p,
ESTAT:NAMA_10_PC(1.0),02/05/25 23:00:00,Annual,"Current prices, units of national currency per capita",Gross domestic product at market prices,Belgium,2024,51810,p,
ESTAT:NAMA_10_PC(1.0),02/05/25 23:00:00,Annual,"Current prices, units of national currency per capita",Gross domestic product at market prices,Bulgaria,2015,12820,,
ESTAT:NAMA_10_PC(1.0),02/05/25 23:00:00,Annual,"Current prices, units of national currency per capita",Gross domestic product at market prices,Bulgaria,2016,13830,,
ESTAT:NAMA_10_PC(1.0),02/05/25 23:00:00,Annual,"Current prices, units of national currency per capita",Gross domestic product at market prices,Bulgaria,2017,15090,,
ESTAT:NAMA_10_PC(1.0),02/05/25 23:00:00,Annual,"Current prices, units of national currency per capita",Gross domestic product at market prices,Bulgaria,2018,16360,,
ESTAT:NAMA_10_PC(1.0),02/05/25 23:00:00,Annual,"Current prices, units of national currency per capita",Gross domestic product at market prices,Bulgaria,2019,18120,,
ESTAT:NAMA_10_PC(1.0),02/05/25 23:00:00,Annual,"Current prices, units of national currency per capita",Gross domestic product at market prices,Bulgaria,2020,18480,,
ESTAT:NAMA_10_PC(1.0),02/05/25 23:00:00,Annual,"Current prices, units of national currency per capita",Gross domestic product at market prices,Bulgaria,2021,21450,,
ESTAT:NAMA_10_PC(1.0),02/05/25 23:00:00,Annual,"Current prices, units of national currency per capita",Gross domestic product at market prices,Bulgaria,2022,26040,,
ESTAT:NAMA_10_PC(1.0),02/05/25 23:00:00,Annual,"Current prices, units of national currency per capita",Gross domestic product at market prices,Bulgaria,2023,28730,,
ESTAT:NAMA_10_PC(1.0),02/05/25 23:00:00,Annual,"Current prices, units of national currency per capita",Gross domestic product at market prices,Bulgaria,2024,31520,p,
ESTAT:NAMA_10_PC(1.0),02/05/25 23:00:00,Annual,"Current prices, units of national currency per capita",Gross domestic product at market prices,Switzerland,2015,80580,,
ESTAT:NAMA_10_PC(1.0),02/05/25 23:00:00,Annual,"Current prices, units of national currency per capita",Gross domestic product at market prices,Switzerland,2016,80900,,
ESTAT:NAMA_10_PC(1.0),02/05/25 23:00:00,Annual,"Current prices, units of national currency per capita",Gross domestic product at market prices,Switzerland,2017,80940,,
ESTAT:NAMA_10_PC(1.0),02/05/25 23:00:00,Annual,"Current prices, units of national currency per capita",Gross domestic product at market prices,Switzerland,2018,83290,,
ESTAT:NAMA_10_PC(1.0),02/05/25 23:00:00,Annual,"Current prices, units of national currency per capita",Gross domestic product at market prices,Switzerland,2019,83560,,
ESTAT:NAMA_10_PC(1.0),02/05/25 23:00:00,Annual,"Current prices, units of national currency per capita",Gross domestic product at market prices,Switzerland,2020,80590,,
ESTAT:NAMA_10_PC(1.0),02/05/25 23:00:00,Annual,"Current prices, units of national currency per capita",Gross domestic product at market prices,Switzerland,2021,85560,,
ESTAT:NAMA_10_PC(1.0),02/05/25 23:00:00,Annual,"Current prices, units of national currency per capita",Gross domestic product at market prices,Switzerland,2022,90080,,
ESTAT:NAMA_10_PC(1.0),02/05/25 23:00:00,Annual,"Current prices, units of national currency per capita",Gross domestic product at market prices,Switzerland,2023,90140,,
ESTAT:NAMA_10_PC(1.0),02/05/25 23:00:00,Annual,"Current prices, units of national currency per capita",Gross domestic product at market prices,Switzerland,2024,91470,,
ESTAT:NAMA_10_PC(1.0),02/05/25 23:00:00,Annual,"Current prices, units of national currency per capita",Gross domestic product at market prices,Cyprus,2015,20810,,
ESTAT:NAMA_10_PC(1.0),02/05/25 23:00:00,Annual,"Current prices, units of national currency per capita",Gross domestic product at market prices,Cyprus,2016,21930,,
ESTAT:NAMA_10_PC(1.0),02/05/25 23:00:00,Annual,"Current prices, units of national currency per capita",Gross domestic product at market prices,Cyprus,2017,23230,,
ESTAT:NAMA_10_PC(1.0),02/05/25 23:00:00,Annual,"Current prices, units of national currency per capita",Gross domestic product at market prices,Cyprus,2018,24660,,
ESTAT:NAMA_10_PC(1.0),02/05/25 23:00:00,Annual,"Current prices, units of national currency per capita",Gross domestic product at market prices,Cyprus,2019,26110,,
ESTAT:NAMA_10_PC(1.0),02/05/25 23:00:00,Annual,"Current prices, units of national currency per capita",Gross domestic product at market prices,Cyprus,2020,24630,,
ESTAT:NAMA_10_PC(1.0),02/05/25 23:00:00,Annual,"Current prices, units of national currency per capita",Gross domestic product at market prices,Cyprus,2021,27850,,
ESTAT:NAMA_10_PC(1.0),02/05/25 23:00:00,Annual,"Current prices, units of national currency per capita",Gross domestic product at market prices,Cyprus,2022,31270,,
ESTAT:NAMA_10_PC(1.0),02/05/25 23:00:00,Annual,"Current prices, units of national currency per capita",Gross domestic product at market prices,Cyprus,2023,32720,p,
ESTAT:NAMA_10_PC(1.0),02/05/25 23:00:00,Annual,"Current prices, units of national currency per capita",Gross domestic product at market prices,Cyprus,2024,34490,p,
ESTAT:NAMA_10_PC(1.0),02/05/25 23:00:00,Annual,"Current prices, units of national currency per capita",Gross domestic product at market prices,Czechia,2015,442710,,
ESTAT:NAMA_10_PC(1.0),02/05/25 23:00:00,Annual,"Current prices, units of national currency per capita",Gross domestic product at market prices,Czechia,2016,460640,,
ESTAT:NAMA_10_PC(1.0),02/05/25 23:00:00,Annual,"Current prices, units of national currency per capita",Gross domestic product at market prices,Czechia,2017,492290,,
ESTAT:NAMA_10_PC(1.0),02/05/25 23:00:00,Annual,"Current prices, units of national currency per capita",Gross domestic product at market prices,Czechia,2018,519810,,
ESTAT:NAMA_10_PC(1.0),02/05/25 23:00:00,Annual,"Current prices, units of national currency per capita",Gross domestic product at market prices,Czechia,2019,558170,,
ESTAT:NAMA_10_PC(1.0),02/05/25 23:00:00,Annual,"Current prices, units of national currency per capita",Gross domestic product at market prices,Czechia,2020,554960,,
ESTAT:NAMA_10_PC(1.0),02/05/25 23:00:00,Annual,"Current prices, units of national currency per capita",Gross domestic product at market prices,Czechia,2021,600690,,
ESTAT:NAMA_10_PC(1.0),02/05/25 23:00:00,Annual,"Current prices, units of national currency per capita",Gross domestic product at market prices,Czechia,2022,655220,,
ESTAT:NAMA_10_PC(1.0),02/05/25 23:00:00,Annual,"Current prices, units of national currency per capita",Gross domestic product at market prices,Czechia,2023,700360,,
ESTAT:NAMA_10_PC(1.0),02/05/25 23:00:00,Annual,"Current prices, units of national currency per capita",Gross domestic product at market prices,Czechia,2024,735590,,
ESTAT:NAMA_10_PC(1.0),02/05/25 23:00:00,Annual,"Current prices, units of national currency per capita",Gross domestic product at market prices,Germany,2015,37770,,
ESTAT:NAMA_10_PC(1.0),02/05/25 23:00:00,Annual,"Current prices, units of national currency per capita",Gross domestic product at market prices,Germany,2016,38810,,
ESTAT:NAMA_10_PC(1.0),02/05/25 23:00:00,Annual,"Current prices, units of national currency per capita",Gross domestic product at market prices,Germany,2017,40300,,
ESTAT:NAMA_10_PC(1.0),02/05/25 23:00:00,Annual,"Current prices, units of national currency per capita",Gross domestic product at market prices,Germany,2018,41390,,
ESTAT:NAMA_10_PC(1.0),02/05/25 23:00:00,Annual,"Current prices, units of national currency per capita",Gross domestic product at market prices,Germany,2019,42540,,
ESTAT:NAMA_10_PC(1.0),02/05/25 23:00:00,Annual,"Current prices, units of national currency per capita",Gross domestic product at market prices,Germany,2020,41480,,
ESTAT:NAMA_10_PC(1.0),02/05/25 23:00:00,Annual,"Current prices, units of national currency per capita",Gross domestic product at market prices,Germany,2021,44190,p,
ESTAT:NAMA_10_PC(1.0),02/05/25 23:00:00,Annual,"Current prices, units of national currency per capita",Gross domestic product at market prices,Germany,2022,47180,p,
ESTAT:NAMA_10_PC(1.0),02/05/25 23:00:00,Annual,"Current prices, units of national currency per capita",Gross domestic product at market prices,Germany,2023,49520,p,
ESTAT:NAMA_10_PC(1.0),02/05/25 23:00:00,Annual,"Current prices, units of national currency per capita",Gross domestic product at market prices,Germany,2024,50820,p,
ESTAT:NAMA_10_PC(1.0),02/05/25 23:00:00,Annual,"Current prices, units of national currency per capita",Gross domestic product at market prices,Denmark,2015,357280,,
ESTAT:NAMA_10_PC(1.0),02/05/25 23:00:00,Annual,"Current prices, units of national currency per capita",Gross domestic product at market prices,Denmark,2016,366840,,
ESTAT:NAMA_10_PC(1.0),02/05/25 23:00:00,Annual,"Current prices, units of national currency per capita",Gross domestic product at market prices,Denmark,2017,379800,,
ESTAT:NAMA_10_PC(1.0),02/05/25 23:00:00,Annual,"Current prices, units of national currency per capita",Gross domestic product at market prices,Denmark,2018,387230,,
ESTAT:NAMA_10_PC(1.0),02/05/25 23:00:00,Annual,"Current prices, units of national currency per capita",Gross domestic product at market prices,Denmark,2019,396020,,
ESTAT:NAMA_10_PC(1.0),02/05/25 23:00:00,Annual,"Current prices, units of national currency per capita",Gross domestic product at market prices,Denmark,2020,399090,,
ESTAT:NAMA_10_PC(1.0),02/05/25 23:00:00,Annual,"Current prices, units of national currency per capita",Gross domestic product at market prices,Denmark,2021,438560,,
ESTAT:NAMA_10_PC(1.0),02/05/25 23:00:00,Annual,"Current prices, units of national currency per capita",Gross domestic product at market prices,Denmark,2022,481550,,
ESTAT:NAMA_10_PC(1.0),02/05/25 23:00:00,Annual,"Current prices, units of national currency per capita",Gross domestic product at market prices,Denmark,2023,471540,,
ESTAT:NAMA_10_PC(1.0),02/05/25 23:00:00,Annual,"Current prices, units of national currency per capita",Gross domestic product at market prices,Denmark,2024,495400,,
ESTAT:NAMA_10_PC(1.0),02/05/25 23:00:00,Annual,"Current prices, units of national currency per capita",Gross domestic product at market prices,"Euro area (EA11-1999, EA12-2001, EA13-2007, EA15-2008, EA16-2009, EA17-2011, EA18-2014, EA19-2015, EA20-2023)",2015,31370,,
ESTAT:NAMA_10_PC(1.0),02/05/25 23:00:00,Annual,"Current prices, units of national currency per capita",Gross domestic product at market prices,"Euro area (EA11-1999, EA12-2001, EA13-2007, EA15-2008, EA16-2009, EA17-2011, EA18-2014, EA19-2015, EA20-2023)",2016,32120,,
ESTAT:NAMA_10_PC(1.0),02/05/25 23:00:00,Annual,"Current prices, units of national currency per capita",Gross domestic product at market prices,"Euro area (EA11-1999, EA12-2001, EA13-2007, EA15-2008, EA16-2009, EA17-2011, EA18-2014, EA19-2015, EA20-2023)",2017,33260,,
ESTAT:NAMA_10_PC(1.0),02/05/25 23:00:00,Annual,"Current prices, units of national currency per capita",Gross domestic product at market prices,"Euro area (EA11-1999, EA12-2001, EA13-2007, EA15-2008, EA16-2009, EA17-2011, EA18-2014, EA19-2015, EA20-2023)",2018,34270,,
ESTAT:NAMA_10_PC(1.0),02/05/25 23:00:00,Annual,"Current prices, units of national currency per capita",Gross domestic product at market prices,"Euro area (EA11-1999, EA12-2001, EA13-2007, EA15-2008, EA16-2009, EA17-2011, EA18-2014, EA19-2015, EA20-2023)",2019,35310,,
ESTAT:NAMA_10_PC(1.0),02/05/25 23:00:00,Annual,"Current prices, units of national currency per capita",Gross domestic product at market prices,"Euro area (EA11-1999, EA12-2001, EA13-2007, EA15-2008, EA16-2009, EA17-2011, EA18-2014, EA19-2015, EA20-2023)",2020,33740,,
ESTAT:NAMA_10_PC(1.0),02/05/25 23:00:00,Annual,"Current prices, units of national currency per capita",Gross domestic product at market prices,"Euro area (EA11-1999, EA12-2001, EA13-2007, EA15-2008, EA16-2009, EA17-2011, EA18-2014, EA19-2015, EA20-2023)",2021,36610,,
ESTAT:NAMA_10_PC(1.0),02/05/25 23:00:00,Annual,"Current prices, units of national currency per capita",Gross domestic product at market prices,"Euro area (EA11-1999, EA12-2001, EA13-2007, EA15-2008, EA16-2009, EA17-2011, EA18-2014, EA19-2015, EA20-2023)",2022,39620,,
ESTAT:NAMA_10_PC(1.0),02/05/25 23:00:00,Annual,"Current prices, units of national currency per capita",Gross domestic product at market prices,"Euro area (EA11-1999, EA12-2001, EA13-2007, EA15-2008, EA16-2009, EA17-2011, EA18-2014, EA19-2015, EA20-2023)",2023,41620,,
ESTAT:NAMA_10_PC(1.0),02/05/25 23:00:00,Annual,"Current prices, units of national currency per capita",Gross domestic product at market prices,"Euro area (EA11-1999, EA12-2001, EA13-2007, EA15-2008, EA16-2009, EA17-2011, EA18-2014, EA19-2015, EA20-2023)",2024,43040,,
ESTAT:NAMA_10_PC(1.0),02/05/25 23:00:00,Annual,"Current prices, units of national currency per capita",Gross domestic product at market prices,Euro area - 12 countries (2001-2006),2015,32110,,
ESTAT:NAMA_10_PC(1.0),02/05/25 23:00:00,Annual,"Current prices, units of national currency per capita",Gross domestic product at market prices,Euro area - 12 countries (2001-2006),2016,32880,,
ESTAT:NAMA_10_PC(1.0),02/05/25 23:00:00,Annual,"Current prices, units of national currency per capita",Gross domestic product at market prices,Euro area - 12 countries (2001-2006),2017,34010,,
ESTAT:NAMA_10_PC(1.0),02/05/25 23:00:00,Annual,"Current prices, units of national currency per capita",Gross domestic product at market prices,Euro area - 12 countries (2001-2006),2018,35000,,
ESTAT:NAMA_10_PC(1.0),02/05/25 23:00:00,Annual,"Current prices, units of national currency per capita",Gross domestic product at market prices,Euro area - 12 countries (2001-2006),2019,36040,,
ESTAT:NAMA_10_PC(1.0),02/05/25 23:00:00,Annual,"Current prices, units of national currency per capita",Gross domestic product at market prices,Euro area - 12 countries (2001-2006),2020,34410,,
ESTAT:NAMA_10_PC(1.0),02/05/25 23:00:00,Annual,"Current prices, units of national currency per capita",Gross domestic product at market prices,Euro area - 12 countries (2001-2006),2021,37320,,
ESTAT:NAMA_10_PC(1.0),02/05/25 23:00:00,Annual,"Current prices, units of national currency per capita",Gross domestic product at market prices,Euro area - 12 countries (2001-2006),2022,40360,,
ESTAT:NAMA_10_PC(1.0),02/05/25 23:00:00,Annual,"Current prices, units of national currency per capita",Gross domestic product at market prices,Euro area - 12 countries (2001-2006),2023,42610,,
ESTAT:NAMA_10_PC(1.0),02/05/25 23:00:00,Annual,"Current prices, units of national currency per capita",Gross domestic product at market prices,Euro area - 12 countries (2001-2006),2024,44030,,
ESTAT:NAMA_10_PC(1.0),02/05/25 23:00:00,Annual,"Current prices, units of national currency per capita",Gross domestic product at market prices,Euro area - 19 countries  (2015-2022),2015,31370,,
ESTAT:NAMA_10_PC(1.0),02/05/25 23:00:00,Annual,"Current prices, units of national currency per capita",Gross domestic product at market prices,Euro area - 19 countries  (2015-2022),2016,32120,,
ESTAT:NAMA_10_PC(1.0),02/05/25 23:00:00,Annual,"Current prices, units of national currency per capita",Gross domestic product at market prices,Euro area - 19 countries  (2015-2022),2017,33260,,
ESTAT:NAMA_10_PC(1.0),02/05/25 23:00:00,Annual,"Current prices, units of national currency per capita",Gross domestic product at market prices,Euro area - 19 countries  (2015-2022),2018,34270,,
ESTAT:NAMA_10_PC(1.0),02/05/25 23:00:00,Annual,"Current prices, units of national currency per capita",Gross domestic product at market prices,Euro area - 19 countries  (2015-2022),2019,35310,,
ESTAT:NAMA_10_PC(1.0),02/05/25 23:00:00,Annual,"Current prices, units of national currency per capita",Gross domestic product at market prices,Euro area - 19 countries  (2015-2022),2020,33740,,
ESTAT:NAMA_10_PC(1.0),02/05/25 23:00:00,Annual,"Current prices, units of national currency per capita",Gross domestic product at market prices,Euro area - 19 countries  (2015-2022),2021,36610,,
ESTAT:NAMA_10_PC(1.0),02/05/25 23:00:00,Annual,"Current prices, units of national currency per capita",Gross domestic product at market prices,Euro area - 19 countries  (2015-2022),2022,39620,,
ESTAT:NAMA_10_PC(1.0),02/05/25 23:00:00,Annual,"Current prices, units of national currency per capita",Gross domestic product at market prices,Euro area - 19 countries  (2015-2022),2023,41870,,
ESTAT:NAMA_10_PC(1.0),02/05/25 23:00:00,Annual,"Current prices, units of national currency per capita",Gross domestic product at market prices,Euro area - 19 countries  (2015-2022),2024,43280,,
ESTAT:NAMA_10_PC(1.0),02/05/25 23:00:00,Annual,"Current prices, units of national currency per capita",Gross domestic product at market prices,Euro area – 20 countries (from 2023),2015,31120,,
ESTAT:NAMA_10_PC(1.0),02/05/25 23:00:00,Annual,"Current prices, units of national currency per capita",Gross domestic product at market prices,Euro area – 20 countries (from 2023),2016,31870,,
ESTAT:NAMA_10_PC(1.0),02/05/25 23:00:00,Annual,"Current prices, units of national currency per capita",Gross domestic product at market prices,Euro area – 20 countries (from 2023),2017,33000,,
ESTAT:NAMA_10_PC(1.0),02/05/25 23:00:00,Annual,"Current prices, units of national currency per capita",Gross domestic product at market prices,Euro area – 20 countries (from 2023),2018,34020,,
ESTAT:NAMA_10_PC(1.0),02/05/25 23:00:00,Annual,"Current prices, units of national currency per capita",Gross domestic product at market prices,Euro area – 20 countries (from 2023),2019,35060,,
ESTAT:NAMA_10_PC(1.0),02/05/25 23:00:00,Annual,"Current prices, units of national currency per capita",Gross domestic product at market prices,Euro area – 20 countries (from 2023),2020,33500,,
ESTAT:NAMA_10_PC(1.0),02/05/25 23:00:00,Annual,"Current prices, units of national currency per capita",Gross domestic product at market prices,Euro area – 20 countries (from 2023),2021,36360,,
ESTAT:NAMA_10_PC(1.0),02/05/25 23:00:00,Annual,"Current prices, units of national currency per capita",Gross domestic product at market prices,Euro area – 20 countries (from 2023),2022,39370,,
ESTAT:NAMA_10_PC(1.0),02/05/25 23:00:00,Annual,"Current prices, units of national currency per capita",Gross domestic product at market prices,Euro area – 20 countries (from 2023),2023,41620,,
ESTAT:NAMA_10_PC(1.0),02/05/25 23:00:00,Annual,"Current prices, units of national currency per capita",Gross domestic product at market prices,Euro area – 20 countries (from 2023),2024,43040,,
ESTAT:NAMA_10_PC(1.0),02/05/25 23:00:00,Annual,"Current prices, units of national currency per capita",Gross domestic product at market prices,Estonia,2015,16000,,
ESTAT:NAMA_10_PC(1.0),02/05/25 23:00:00,Annual,"Current prices, units of national currency per capita",Gross domestic product at market prices,Estonia,2016,16860,,
ESTAT:NAMA_10_PC(1.0),02/05/25 23:00:00,Annual,"Current prices, units of national currency per capita",Gross domestic product at market prices,Estonia,2017,18480,,
ESTAT:NAMA_10_PC(1.0),02/05/25 23:00:00,Annual,"Current prices, units of national currency per capita",Gross domestic product at market prices,Estonia,2018,20040,,
ESTAT:NAMA_10_PC(1.0),02/05/25 23:00:00,Annual,"Current prices, units of national currency per capita",Gross domestic product at market prices,Estonia,2019,21490,,
ESTAT:NAMA_10_PC(1.0),02/05/25 23:00:00,Annual,"Current prices, units of national currency per capita",Gross domestic product at market prices,Estonia,2020,20960,,
ESTAT:NAMA_10_PC(1.0),02/05/25 23:00:00,Annual,"Current prices, units of national currency per capita",Gross domestic product at market prices,Estonia,2021,23650,,
ESTAT:NAMA_10_PC(1.0),02/05/25 23:00:00,Annual,"Current prices, units of national currency per capita",Gross domestic product at market prices,Estonia,2022,27360,,
ESTAT:NAMA_10_PC(1.0),02/05/25 23:00:00,Annual,"Current prices, units of national currency per capita",Gross domestic product at market prices,Estonia,2023,27960,,
ESTAT:NAMA_10_PC(1.0),02/05/25 23:00:00,Annual,"Current prices, units of national currency per capita",Gross domestic product at market prices,Estonia,2024,28740,,
ESTAT:NAMA_10_PC(1.0),02/05/25 23:00:00,Annual,"Current prices, units of national currency per capita",Gross domestic product at market prices,Greece,2015,16210,,
ESTAT:NAMA_10_PC(1.0),02/05/25 23:00:00,Annual,"Current prices, units of national currency per capita",Gross domestic product at market prices,Greece,2016,16190,,
ESTAT:NAMA_10_PC(1.0),02/05/25 23:00:00,Annual,"Current prices, units of national currency per capita",Gross domestic product at market prices,Greece,2017,16490,,
ESTAT:NAMA_10_PC(1.0),02/05/25 23:00:00,Annual,"Current prices, units of national currency per capita",Gross domestic product at market prices,Greece,2018,16830,,
ESTAT:NAMA_10_PC(1.0),02/05/25 23:00:00,Annual,"Current prices, units of national currency per capita",Gross domestic product at market prices,Greece,2019,17270,,
ESTAT:NAMA_10_PC(1.0),02/05/25 23:00:00,Annual,"Current prices, units of national currency per capita",Gross domestic product at market prices,Greece,2020,15660,,
ESTAT:NAMA_10_PC(1.0),02/05/25 23:00:00,Annual,"Current prices, units of national currency per capita",Gross domestic product at market prices,Greece,2021,17350,,
ESTAT:NAMA_10_PC(1.0),02/05/25 23:00:00,Annual,"Current prices, units of national currency per capita",Gross domestic product at market prices,Greece,2022,19650,p,
ESTAT:NAMA_10_PC(1.0),02/05/25 23:00:00,Annual,"Current prices, units of national currency per capita",Gross domestic product at market prices,Greece,2023,21350,p,
ESTAT:NAMA_10_PC(1.0),02/05/25 23:00:00,Annual,"Current prices, units of national currency per capita",Gross domestic product at market prices,Greece,2024,22560,p,
ESTAT:NAMA_10_PC(1.0),02/05/25 23:00:00,Annual,"Current prices, units of national currency per capita",Gross domestic product at market prices,Spain,2015,23440,,
ESTAT:NAMA_10_PC(1.0),02/05/25 23:00:00,Annual,"Current prices, units of national currency per capita",Gross domestic product at market prices,Spain,2016,24190,,
ESTAT:NAMA_10_PC(1.0),02/05/25 23:00:00,Annual,"Current prices, units of national currency per capita",Gross domestic product at market prices,Spain,2017,25160,,
ESTAT:NAMA_10_PC(1.0),02/05/25 23:00:00,Annual,"Current prices, units of national currency per capita",Gross domestic product at market prices,Spain,2018,25950,,
ESTAT:NAMA_10_PC(1.0),02/05/25 23:00:00,Annual,"Current prices, units of national currency per capita",Gross domestic product at market prices,Spain,2019,26620,,
ESTAT:NAMA_10_PC(1.0),02/05/25 23:00:00,Annual,"Current prices, units of national currency per capita",Gross domestic product at market prices,Spain,2020,23850,,
ESTAT:NAMA_10_PC(1.0),02/05/25 23:00:00,Annual,"Current prices, units of national currency per capita",Gross domestic product at market prices,Spain,2021,26090,,
ESTAT:NAMA_10_PC(1.0),02/05/25 23:00:00,Annual,"Current prices, units of national currency per capita",Gross domestic product at market prices,Spain,2022,28750,p,
ESTAT:NAMA_10_PC(1.0),02/05/25 23:00:00,Annual,"Current prices, units of national currency per capita",Gross domestic product at market prices,Spain,2023,30970,p,
ESTAT:NAMA_10_PC(1.0),02/05/25 23:00:00,Annual,"Current prices, units of national currency per capita",Gross domestic product at market prices,Spain,2024,32590,p,
ESTAT:NAMA_10_PC(1.0),02/05/25 23:00:00,Annual,"Current prices, units of national currency per capita",Gross domestic product at market prices,European Union - 27 countries (from 2020),2015,27770,,
ESTAT:NAMA_10_PC(1.0),02/05/25 23:00:00,Annual,"Current prices, units of national currency per capita",Gross domestic product at market prices,European Union - 27 countries (from 2020),2016,28460,,
ESTAT:NAMA_10_PC(1.0),02/05/25 23:00:00,Annual,"Current prices, units of national currency per capita",Gross domestic product at market prices,European Union - 27 countries (from 2020),2017,29600,,
ESTAT:NAMA_10_PC(1.0),02/05/25 23:00:00,Annual,"Current prices, units of national currency per capita",Gross domestic product at market prices,European Union - 27 countries (from 2020),2018,30580,,
ESTAT:NAMA_10_PC(1.0),02/05/25 23:00:00,Annual,"Current prices, units of national currency per capita",Gross domestic product at market prices,European Union - 27 countries (from 2020),2019,31630,,
ESTAT:NAMA_10_PC(1.0),02/05/25 23:00:00,Annual,"Current prices, units of national currency per capita",Gross domestic product at market prices,European Union - 27 countries (from 2020),2020,30440,b,
ESTAT:NAMA_10_PC(1.0),02/05/25 23:00:00,Annual,"Current prices, units of national currency per capita",Gross domestic product at market prices,European Union - 27 countries (from 2020),2021,33180,,
ESTAT:NAMA_10_PC(1.0),02/05/25 23:00:00,Annual,"Current prices, units of national currency per capita",Gross domestic product at market prices,European Union - 27 countries (from 2020),2022,35980,,
ESTAT:NAMA_10_PC(1.0),02/05/25 23:00:00,Annual,"Current prices, units of national currency per capita",Gross domestic product at market prices,European Union - 27 countries (from 2020),2023,38150,,
ESTAT:NAMA_10_PC(1.0),02/05/25 23:00:00,Annual,"Current prices, units of national currency per capita",Gross domestic product at market prices,European Union - 27 countries (from 2020),2024,39680,,
ESTAT:NAMA_10_PC(1.0),02/05/25 23:00:00,Annual,"Current prices, units of national currency per capita",Gross domestic product at market prices,Finland,2015,38350,,
ESTAT:NAMA_10_PC(1.0),02/05/25 23:00:00,Annual,"Current prices, units of national currency per capita",Gross domestic product at market prices,Finland,2016,39250,,
ESTAT:NAMA_10_PC(1.0),02/05/25 23:00:00,Annual,"Current prices, units of national currency per capita",Gross domestic product at market prices,Finland,2017,40790,,
ESTAT:NAMA_10_PC(1.0),02/05/25 23:00:00,Annual,"Current prices, units of national currency per capita",Gross domestic product at market prices,Finland,2018,42040,,
ESTAT:NAMA_10_PC(1.0),02/05/25 23:00:00,Annual,"Current prices, units of national currency per capita",Gross domestic product at market prices,Finland,2019,43200,,
ESTAT:NAMA_10_PC(1.0),02/05/25 23:00:00,Annual,"Current prices, units of national currency per capita",Gross domestic product at market prices,Finland,2020,42740,,
ESTAT:NAMA_10_PC(1.0),02/05/25 23:00:00,Annual,"Current prices, units of national currency per capita",Gross domestic product at market prices,Finland,2021,44890,,
ESTAT:NAMA_10_PC(1.0),02/05/25 23:00:00,Annual,"Current prices, units of national currency per capita",Gross domestic product at market prices,Finland,2022,47890,,
ESTAT:NAMA_10_PC(1.0),02/05/25 23:00:00,Annual,"Current prices, units of national currency per capita",Gross domestic product at market prices,Finland,2023,48910,,
ESTAT:NAMA_10_PC(1.0),02/05/25 23:00:00,Annual,"Current prices, units of national currency per capita",Gross domestic product at market prices,Finland,2024,49170,,
ESTAT:NAMA_10_PC(1.0),02/05/25 23:00:00,Annual,"Current prices, units of national currency per capita",Gross domestic product at market prices,France,2015,33200,,
ESTAT:NAMA_10_PC(1.0),02/05/25 23:00:00,Annual,"Current prices, units of national currency per capita",Gross domestic product at market prices,France,2016,33530,,
ESTAT:NAMA_10_PC(1.0),02/05/25 23:00:00,Annual,"Current prices, units of national currency per capita",Gross domestic product at market prices,France,2017,34290,,
ESTAT:NAMA_10_PC(1.0),02/05/25 23:00:00,Annual,"Current prices, units of national currency per capita",Gross domestic product at market prices,France,2018,35080,,
ESTAT:NAMA_10_PC(1.0),02/05/25 23:00:00,Annual,"Current prices, units of national currency per capita",Gross domestic product at market prices,France,2019,36090,,
ESTAT:NAMA_10_PC(1.0),02/05/25 23:00:00,Annual,"Current prices, units of national currency per capita",Gross domestic product at market prices,France,2020,34280,,
ESTAT:NAMA_10_PC(1.0),02/05/25 23:00:00,Annual,"Current prices, units of national currency per capita",Gross domestic product at market prices,France,2021,36950,,
ESTAT:NAMA_10_PC(1.0),02/05/25 23:00:00,Annual,"Current prices, units of national currency per capita",Gross domestic product at market prices,France,2022,39010,p,
ESTAT:NAMA_10_PC(1.0),02/05/25 23:00:00,Annual,"Current prices, units of national currency per capita",Gross domestic product at market prices,France,2023,41330,p,
ESTAT:NAMA_10_PC(1.0),02/05/25 23:00:00,Annual,"Current prices, units of national currency per capita",Gross domestic product at market prices,France,2024,42630,p,
ESTAT:NAMA_10_PC(1.0),02/05/25 23:00:00,Annual,"Current prices, units of national currency per capita",Gross domestic product at market prices,Croatia,2015,10920,,
ESTAT:NAMA_10_PC(1.0),02/05/25 23:00:00,Annual,"Current prices, units of national currency per capita",Gross domestic product at market prices,Croatia,2016,11400,,
ESTAT:NAMA_10_PC(1.0),02/05/25 23:00:00,Annual,"Current prices, units of national currency per capita",Gross domestic product at market prices,Croatia,2017,12040,,
ESTAT:NAMA_10_PC(1.0),02/05/25 23:00:00,Annual,"Current prices, units of national currency per capita",Gross domestic product at market prices,Croatia,2018,12760,,
ESTAT:NAMA_10_PC(1.0),02/05/25 23:00:00,Annual,"Current prices, units of national currency per capita",Gross domestic product at market prices,Croatia,2019,13770,b,
ESTAT:NAMA_10_PC(1.0),02/05/25 23:00:00,Annual,"Current prices, units of national currency per capita",Gross domestic product at market prices,Croatia,2020,12850,,
ESTAT:NAMA_10_PC(1.0),02/05/25 23:00:00,Annual,"Current prices, units of national currency per capita",Gross domestic product at market prices,Croatia,2021,14870,,
ESTAT:NAMA_10_PC(1.0),02/05/25 23:00:00,Annual,"Current prices, units of national currency per capita",Gross domestic product at market prices,Croatia,2022,17260,,
ESTAT:NAMA_10_PC(1.0),02/05/25 23:00:00,Annual,"Current prices, units of national currency per capita",Gross domestic product at market prices,Croatia,2023,19800,p,
ESTAT:NAMA_10_PC(1.0),02/05/25 23:00:00,Annual,"Current prices, units of national currency per capita",Gross domestic product at market prices,Croatia,2024,21740,p,
ESTAT:NAMA_10_PC(1.0),02/05/25 23:00:00,Annual,"Current prices, units of national currency per capita",Gross domestic product at market prices,Hungary,2015,3570690,,
ESTAT:NAMA_10_PC(1.0),02/05/25 23:00:00,Annual,"Current prices, units of national currency per capita",Gross domestic product at market prices,Hungary,2016,3720570,,
ESTAT:NAMA_10_PC(1.0),02/05/25 23:00:00,Annual,"Current prices, units of national currency per capita",Gross domestic product at market prices,Hungary,2017,4044100,,
ESTAT:NAMA_10_PC(1.0),02/05/25 23:00:00,Annual,"Current prices, units of national currency per capita",Gross domestic product at market prices,Hungary,2018,4486880,,
ESTAT:NAMA_10_PC(1.0),02/05/25 23:00:00,Annual,"Current prices, units of national currency per capita",Gross domestic product at market prices,Hungary,2019,4944960,,
ESTAT:NAMA_10_PC(1.0),02/05/25 23:00:00,Annual,"Current prices, units of national currency per capita",Gross domestic product at market prices,Hungary,2020,5047120,,
ESTAT:NAMA_10_PC(1.0),02/05/25 23:00:00,Annual,"Current prices, units of national currency per capita",Gross domestic product at market prices,Hungary,2021,5768960,,
ESTAT:NAMA_10_PC(1.0),02/05/25 23:00:00,Annual,"Current prices, units of national currency per capita",Gross domestic product at market prices,Hungary,2022,6886930,,
ESTAT:NAMA_10_PC(1.0),02/05/25 23:00:00,Annual,"Current prices, units of national currency per capita",Gross domestic product at market prices,Hungary,2023,7878170,,
ESTAT:NAMA_10_PC(1.0),02/05/25 23:00:00,Annual,"Current prices, units of national currency per capita",Gross domestic product at market prices,Hungary,2024,8524570,p,
ESTAT:NAMA_10_PC(1.0),02/05/25 23:00:00,Annual,"Current prices, units of national currency per capita",Gross domestic product at market prices,Ireland,2015,58040,,
ESTAT:NAMA_10_PC(1.0),02/05/25 23:00:00,Annual,"Current prices, units of national currency per capita",Gross domestic product at market prices,Ireland,2016,58120,,
ESTAT:NAMA_10_PC(1.0),02/05/25 23:00:00,Annual,"Current prices, units of national currency per capita",Gross domestic product at market prices,Ireland,2017,63990,,
ESTAT:NAMA_10_PC(1.0),02/05/25 23:00:00,Annual,"Current prices, units of national currency per capita",Gross domestic product at market prices,Ireland,2018,68470,,
ESTAT:NAMA_10_PC(1.0),02/05/25 23:00:00,Annual,"Current prices, units of national currency per capita",Gross domestic product at market prices,Ireland,2019,73210,,
ESTAT:NAMA_10_PC(1.0),02/05/25 23:00:00,Annual,"Current prices, units of national currency per capita",Gross domestic product at market prices,Ireland,2020,75920,,
ESTAT:NAMA_10_PC(1.0),02/05/25 23:00:00,Annual,"Current prices, units of national currency per capita",Gross domestic product at market prices,Ireland,2021,88220,,
ESTAT:NAMA_10_PC(1.0),02/05/25 23:00:00,Annual,"Current prices, units of national currency per capita",Gross domestic product at market prices,Ireland,2022,100180,,
ESTAT:NAMA_10_PC(1.0),02/05/25 23:00:00,Annual,"Current prices, units of national currency per capita",Gross domestic product at market prices,Ireland,2023,96290,,
ESTAT:NAMA_10_PC(1.0),02/05/25 23:00:00,Annual,"Current prices, units of national currency per capita",Gross domestic product at market prices,Ireland,2024,99060,,
ESTAT:NAMA_10_PC(1.0),02/05/25 23:00:00,Annual,"Current prices, units of national currency per capita",Gross domestic product at market prices,Iceland,2015,7121260,,
ESTAT:NAMA_10_PC(1.0),02/05/25 23:00:00,Annual,"Current prices, units of national currency per capita",Gross domestic product at market prices,Iceland,2016,7628470,,
ESTAT:NAMA_10_PC(1.0),02/05/25 23:00:00,Annual,"Current prices, units of national currency per capita",Gross domestic product at market prices,Iceland,2017,7832670,,
ESTAT:NAMA_10_PC(1.0),02/05/25 23:00:00,Annual,"Current prices, units of national currency per capita",Gross domestic product at market prices,Iceland,2018,8224570,,
ESTAT:NAMA_10_PC(1.0),02/05/25 23:00:00,Annual,"Current prices, units of national currency per capita",Gross domestic product at market prices,Iceland,2019,8601760,,
ESTAT:NAMA_10_PC(1.0),02/05/25 23:00:00,Annual,"Current prices, units of national currency per capita",Gross domestic product at market prices,Iceland,2020,8223370,,
ESTAT:NAMA_10_PC(1.0),02/05/25 23:00:00,Annual,"Current prices, units of national currency per capita",Gross domestic product at market prices,Iceland,2021,9050180,,
ESTAT:NAMA_10_PC(1.0),02/05/25 23:00:00,Annual,"Current prices, units of national currency per capita",Gross domestic product at market prices,Iceland,2022,10489200,,
ESTAT:NAMA_10_PC(1.0),02/05/25 23:00:00,Annual,"Current prices, units of national currency per capita",Gross domestic product at market prices,Iceland,2023,11432440,,
ESTAT:NAMA_10_PC(1.0),02/05/25 23:00:00,Annual,"Current prices, units of national currency per capita",Gross domestic product at market prices,Iceland,2024,11941190,e,
ESTAT:NAMA_10_PC(1.0),02/05/25 23:00:00,Annual,"Current prices, units of national currency per capita",Gross domestic product at market prices,Italy,2015,27620,,
ESTAT:NAMA_10_PC(1.0),02/05/25 23:00:00,Annual,"Current prices, units of national currency per capita",Gross domestic product at market prices,Italy,2016,28360,,
ESTAT:NAMA_10_PC(1.0),02/05/25 23:00:00,Annual,"Current prices, units of national currency per capita",Gross domestic product at market prices,Italy,2017,29070,,
ESTAT:NAMA_10_PC(1.0),02/05/25 23:00:00,Annual,"Current prices, units of national currency per capita",Gross domestic product at market prices,Italy,2018,29690,,
ESTAT:NAMA_10_PC(1.0),02/05/25 23:00:00,Annual,"Current prices, units of national currency per capita",Gross domestic product at market prices,Italy,2019,30200,,
ESTAT:NAMA_10_PC(1.0),02/05/25 23:00:00,Annual,"Current prices, units of national currency per capita",Gross domestic product at market prices,Italy,2020,28100,,
ESTAT:NAMA_10_PC(1.0),02/05/25 23:00:00,Annual,"Current prices, units of national currency per capita",Gross domestic product at market prices,Italy,2021,31160,,
ESTAT:NAMA_10_PC(1.0),02/05/25 23:00:00,Annual,"Current prices, units of national currency per capita",Gross domestic product at market prices,Italy,2022,33860,,
ESTAT:NAMA_10_PC(1.0),02/05/25 23:00:00,Annual,"Current prices, units of national currency per capita",Gross domestic product at market prices,Italy,2023,36130,,
ESTAT:NAMA_10_PC(1.0),02/05/25 23:00:00,Annual,"Current prices, units of national currency per capita",Gross domestic product at market prices,Italy,2024,37180,e,
ESTAT:NAMA_10_PC(1.0),02/05/25 23:00:00,Annual,"Current prices, units of national currency per capita",Gross domestic product at market prices,Liechtenstein,2015,158520,,
ESTAT:NAMA_10_PC(1.0),02/05/25 23:00:00,Annual,"Current prices, units of national currency per capita",Gross domestic product at market prices,Liechtenstein,2016,160550,,
ESTAT:NAMA_10_PC(1.0),02/05/25 23:00:00,Annual,"Current prices, units of national currency per capita",Gross domestic product at market prices,Liechtenstein,2017,165300,,
ESTAT:NAMA_10_PC(1.0),02/05/25 23:00:00,Annual,"Current prices, units of national currency per capita",Gross domestic product at market prices,Liechtenstein,2018,168740,,
ESTAT:NAMA_10_PC(1.0),02/05/25 23:00:00,Annual,"Current prices, units of national currency per capita",Gross domestic product at market prices,Liechtenstein,2019,163330,,
ESTAT:NAMA_10_PC(1.0),02/05/25 23:00:00,Annual,"Current prices, units of national currency per capita",Gross domestic product at market prices,Liechtenstein,2020,152510,,
ESTAT:NAMA_10_PC(1.0),02/05/25 23:00:00,Annual,"Current prices, units of national currency per capita",Gross domestic product at market prices,Liechtenstein,2021,182120,,
ESTAT:NAMA_10_PC(1.0),02/05/25 23:00:00,Annual,"Current prices, units of national currency per capita",Gross domestic product at market prices,Liechtenstein,2022,174110,p,
ESTAT:NAMA_10_PC(1.0),02/05/25 23:00:00,Annual,"Current prices, units of national currency per capita",Gross domestic product at market prices,Lithuania,2015,12860,,
ESTAT:NAMA_10_PC(1.0),02/05/25 23:00:00,Annual,"Current prices, units of national currency per capita",Gross domestic product at market prices,Lithuania,2016,13490,,
ESTAT:NAMA_10_PC(1.0),02/05/25 23:00:00,Annual,"Current prices, units of national currency per capita",Gross domestic product at market prices,Lithuania,2017,14870,,
ESTAT:NAMA_10_PC(1.0),02/05/25 23:00:00,Annual,"Current prices, units of national currency per capita",Gross domestic product at market prices,Lithuania,2018,16300,,
ESTAT:NAMA_10_PC(1.0),02/05/25 23:00:00,Annual,"Current prices, units of national currency per capita",Gross domestic product at market prices,Lithuania,2019,17520,,
ESTAT:NAMA_10_PC(1.0),02/05/25 23:00:00,Annual,"Current prices, units of national currency per capita",Gross domestic product at market prices,Lithuania,2020,17890,,
ESTAT:NAMA_10_PC(1.0),02/05/25 23:00:00,Annual,"Current prices, units of national currency per capita",Gross domestic product at market prices,Lithuania,2021,20180,,
ESTAT:NAMA_10_PC(1.0),02/05/25 23:00:00,Annual,"Current prices, units of national currency per capita",Gross domestic product at market prices,Lithuania,2022,23820,,
ESTAT:NAMA_10_PC(1.0),02/05/25 23:00:00,Annual,"Current prices, units of national currency per capita",Gross domestic product at market prices,Lithuania,2023,25700,,
ESTAT:NAMA_10_PC(1.0),02/05/25 23:00:00,Annual,"Current prices, units of national currency per capita",Gross domestic product at market prices,Lithuania,2024,27150,,
ESTAT:NAMA_10_PC(1.0),02/05/25 23:00:00,Annual,"Current prices, units of national currency per capita",Gross domestic product at market prices,Luxembourg,2015,95090,,
ESTAT:NAMA_10_PC(1.0),02/05/25 23:00:00,Annual,"Current prices, units of national currency per capita",Gross domestic product at market prices,Luxembourg,2016,96230,,
ESTAT:NAMA_10_PC(1.0),02/05/25 23:00:00,Annual,"Current prices, units of national currency per capita",Gross domestic product at market prices,Luxembourg,2017,97440,,
ESTAT:NAMA_10_PC(1.0),02/05/25 23:00:00,Annual,"Current prices, units of national currency per capita",Gross domestic product at market prices,Luxembourg,2018,98870,,
ESTAT:NAMA_10_PC(1.0),02/05/25 23:00:00,Annual,"Current prices, units of national currency per capita",Gross domestic product at market prices,Luxembourg,2019,100420,,
ESTAT:NAMA_10_PC(1.0),02/05/25 23:00:00,Annual,"Current prices, units of national currency per capita",Gross domestic product at market prices,Luxembourg,2020,102190,,
ESTAT:NAMA_10_PC(1.0),02/05/25 23:00:00,Annual,"Current prices, units of national currency per capita",Gross domestic product at market prices,Luxembourg,2021,113920,,
ESTAT:NAMA_10_PC(1.0),02/05/25 23:00:00,Annual,"Current prices, units of national currency per capita",Gross domestic product at market prices,Luxembourg,2022,117100,,
ESTAT:NAMA_10_PC(1.0),02/05/25 23:00:00,Annual,"Current prices, units of national currency per capita",Gross domestic product at market prices,Luxembourg,2023,121290,,
ESTAT:NAMA_10_PC(1.0),02/05/25 23:00:00,Annual,"Current prices, units of national currency per capita",Gross domestic product at market prices,Luxembourg,2024,126910,p,
ESTAT:NAMA_10_PC(1.0),02/05/25 23:00:00,Annual,"Current prices, units of national currency per capita",Gross domestic product at market prices,Latvia,2015,12010,,
ESTAT:NAMA_10_PC(1.0),02/05/25 23:00:00,Annual,"Current prices, units of national currency per capita",Gross domestic product at market prices,Latvia,2016,12500,,
ESTAT:NAMA_10_PC(1.0),02/05/25 23:00:00,Annual,"Current prices, units of national currency per capita",Gross domestic product at market prices,Latvia,2017,13400,,
ESTAT:NAMA_10_PC(1.0),02/05/25 23:00:00,Annual,"Current prices, units of national currency per capita",Gross domestic product at market prices,Latvia,2018,14620,,
ESTAT:NAMA_10_PC(1.0),02/05/25 23:00:00,Annual,"Current prices, units of national currency per capita",Gross domestic product at market prices,Latvia,2019,15450,,
ESTAT:NAMA_10_PC(1.0),02/05/25 23:00:00,Annual,"Current prices, units of national currency per capita",Gross domestic product at market prices,Latvia,2020,15370,,
ESTAT:NAMA_10_PC(1.0),02/05/25 23:00:00,Annual,"Current prices, units of national currency per capita",Gross domestic product at market prices,Latvia,2021,17130,,
ESTAT:NAMA_10_PC(1.0),02/05/25 23:00:00,Annual,"Current prices, units of national currency per capita",Gross domestic product at market prices,Latvia,2022,19140,,
ESTAT:NAMA_10_PC(1.0),02/05/25 23:00:00,Annual,"Current prices, units of national currency per capita",Gross domestic product at market prices,Latvia,2023,20930,,
ESTAT:NAMA_10_PC(1.0),02/05/25 23:00:00,Annual,"Current prices, units of national currency per capita",Gross domestic product at market prices,Latvia,2024,21610,,
ESTAT:NAMA_10_PC(1.0),02/05/25 23:00:00,Annual,"Current prices, units of national currency per capita",Gross domestic product at market prices,Montenegro,2015,5870,,
ESTAT:NAMA_10_PC(1.0),02/05/25 23:00:00,Annual,"Current prices, units of national currency per capita",Gross domestic product at market prices,Montenegro,2016,6350,,
ESTAT:NAMA_10_PC(1.0),02/05/25 23:00:00,Annual,"Current prices, units of national currency per capita",Gross domestic product at market prices,Montenegro,2017,6910,,
ESTAT:NAMA_10_PC(1.0),02/05/25 23:00:00,Annual,"Current prices, units of national currency per capita",Gross domestic product at market prices,Montenegro,2018,7490,,
ESTAT:NAMA_10_PC(1.0),02/05/25 23:00:00,Annual,"Current prices, units of national currency per capita",Gross domestic product at market prices,Montenegro,2019,7960,,
ESTAT:NAMA_10_PC(1.0),02/05/25 23:00:00,Annual,"Current prices, units of national currency per capita",Gross domestic product at market prices,Montenegro,2020,6740,,
ESTAT:NAMA_10_PC(1.0),02/05/25 23:00:00,Annual,"Current prices, units of national currency per capita",Gross domestic product at market prices,Montenegro,2021,8000,,
ESTAT:NAMA_10_PC(1.0),02/05/25 23:00:00,Annual,"Current prices, units of national currency per capita",Gross domestic product at market prices,Montenegro,2022,9600,,
ESTAT:NAMA_10_PC(1.0),02/05/25 23:00:00,Annual,"Current prices, units of national currency per capita",Gross domestic product at market prices,Montenegro,2023,11000,p,
ESTAT:NAMA_10_PC(1.0),02/05/25 23:00:00,Annual,"Current prices, units of national currency per capita",Gross domestic product at market prices,North Macedonia,2015,292270,e,
ESTAT:NAMA_10_PC(1.0),02/05/25 23:00:00,Annual,"Current prices, units of national currency per capita",Gross domestic product at market prices,North Macedonia,2016,312010,e,
ESTAT:NAMA_10_PC(1.0),02/05/25 23:00:00,Annual,"Current prices, units of national currency per capita",Gross domestic product at market prices,North Macedonia,2017,325550,e,
ESTAT:NAMA_10_PC(1.0),02/05/25 23:00:00,Annual,"Current prices, units of national currency per capita",Gross domestic product at market prices,North Macedonia,2018,349850,e,
ESTAT:NAMA_10_PC(1.0),02/05/25 23:00:00,Annual,"Current prices, units of national currency per capita",Gross domestic product at market prices,North Macedonia,2019,369180,e,
ESTAT:NAMA_10_PC(1.0),02/05/25 23:00:00,Annual,"Current prices, units of national currency per capita",Gross domestic product at market prices,North Macedonia,2020,359970,e,
ESTAT:NAMA_10_PC(1.0),02/05/25 23:00:00,Annual,"Current prices, units of national currency per capita",Gross domestic product at market prices,North Macedonia,2021,397060,e,
ESTAT:NAMA_10_PC(1.0),02/05/25 23:00:00,Annual,"Current prices, units of national currency per capita",Gross domestic product at market prices,North Macedonia,2022,445530,e,
ESTAT:NAMA_10_PC(1.0),02/05/25 23:00:00,Annual,"Current prices, units of national currency per capita",Gross domestic product at market prices,North Macedonia,2023,491130,e,
ESTAT:NAMA_10_PC(1.0),02/05/25 23:00:00,Annual,"Current prices, units of national currency per capita",Gross domestic product at market prices,Malta,2015,23000,,
ESTAT:NAMA_10_PC(1.0),02/05/25 23:00:00,Annual,"Current prices, units of national currency per capita",Gross domestic product at market prices,Malta,2016,23900,,
ESTAT:NAMA_10_PC(1.0),02/05/25 23:00:00,Annual,"Current prices, units of national currency per capita",Gross domestic product at market prices,Malta,2017,26820,,
ESTAT:NAMA_10_PC(1.0),02/05/25 23:00:00,Annual,"Current prices, units of national currency per capita",Gross domestic product at market prices,Malta,2018,28240,,
ESTAT:NAMA_10_PC(1.0),02/05/25 23:00:00,Annual,"Current prices, units of national currency per capita",Gross domestic product at market prices,Malta,2019,28920,,
ESTAT:NAMA_10_PC(1.0),02/05/25 23:00:00,Annual,"Current prices, units of national currency per capita",Gross domestic product at market prices,Malta,2020,27880,,
ESTAT:NAMA_10_PC(1.0),02/05/25 23:00:00,Annual,"Current prices, units of national currency per capita",Gross domestic product at market prices,Malta,2021,32180,,
ESTAT:NAMA_10_PC(1.0),02/05/25 23:00:00,Annual,"Current prices, units of national currency per capita",Gross domestic product at market prices,Malta,2022,34340,,
ESTAT:NAMA_10_PC(1.0),02/05/25 23:00:00,Annual,"Current prices, units of national currency per capita",Gross domestic product at market prices,Malta,2023,37110,,
ESTAT:NAMA_10_PC(1.0),02/05/25 23:00:00,Annual,"Current prices, units of national currency per capita",Gross domestic product at market prices,Malta,2024,39350,,
ESTAT:NAMA_10_PC(1.0),02/05/25 23:00:00,Annual,"Current prices, units of national currency per capita",Gross domestic product at market prices,Netherlands,2015,41270,,
ESTAT:NAMA_10_PC(1.0),02/05/25 23:00:00,Annual,"Current prices, units of national currency per capita",Gross domestic product at market prices,Netherlands,2016,42290,,
ESTAT:NAMA_10_PC(1.0),02/05/25 23:00:00,Annual,"Current prices, units of national currency per capita",Gross domestic product at market prices,Netherlands,2017,43830,,
ESTAT:NAMA_10_PC(1.0),02/05/25 23:00:00,Annual,"Current prices, units of national currency per capita",Gross domestic product at market prices,Netherlands,2018,45690,,
ESTAT:NAMA_10_PC(1.0),02/05/25 23:00:00,Annual,"Current prices, units of national currency per capita",Gross domestic product at market prices,Netherlands,2019,47840,,
ESTAT:NAMA_10_PC(1.0),02/05/25 23:00:00,Annual,"Current prices, units of national currency per capita",Gross domestic product at market prices,Netherlands,2020,46810,,
ESTAT:NAMA_10_PC(1.0),02/05/25 23:00:00,Annual,"Current prices, units of national currency per capita",Gross domestic product at market prices,Netherlands,2021,50850,,
ESTAT:NAMA_10_PC(1.0),02/05/25 23:00:00,Annual,"Current prices, units of national currency per capita",Gross domestic product at market prices,Netherlands,2022,56140,p,
ESTAT:NAMA_10_PC(1.0),02/05/25 23:00:00,Annual,"Current prices, units of national currency per capita",Gross domestic product at market prices,Netherlands,2023,59720,p,
ESTAT:NAMA_10_PC(1.0),02/05/25 23:00:00,Annual,"Current prices, units of national currency per capita",Gross domestic product at market prices,Netherlands,2024,63030,p,
ESTAT:NAMA_10_PC(1.0),02/05/25 23:00:00,Annual,"Current prices, units of national currency per capita",Gross domestic product at market prices,Norway,2015,603120,,
ESTAT:NAMA_10_PC(1.0),02/05/25 23:00:00,Annual,"Current prices, units of national currency per capita",Gross domestic product at market prices,Norway,2016,595120,,
ESTAT:NAMA_10_PC(1.0),02/05/25 23:00:00,Annual,"Current prices, units of national currency per capita",Gross domestic product at market prices,Norway,2017,629730,,
ESTAT:NAMA_10_PC(1.0),02/05/25 23:00:00,Annual,"Current prices, units of national currency per capita",Gross domestic product at market prices,Norway,2018,673300,,
ESTAT:NAMA_10_PC(1.0),02/05/25 23:00:00,Annual,"Current prices, units of national currency per capita",Gross domestic product at market prices,Norway,2019,672580,,
ESTAT:NAMA_10_PC(1.0),02/05/25 23:00:00,Annual,"Current prices, units of national currency per capita",Gross domestic product at market prices,Norway,2020,643540,,
ESTAT:NAMA_10_PC(1.0),02/05/25 23:00:00,Annual,"Current prices, units of national currency per capita",Gross domestic product at market prices,Norway,2021,799540,,
ESTAT:NAMA_10_PC(1.0),02/05/25 23:00:00,Annual,"Current prices, units of national currency per capita",Gross domestic product at market prices,Norway,2022,1050560,,
ESTAT:NAMA_10_PC(1.0),02/05/25 23:00:00,Annual,"Current prices, units of national currency per capita",Gross domestic product at market prices,Norway,2023,924200,,
ESTAT:NAMA_10_PC(1.0),02/05/25 23:00:00,Annual,"Current prices, units of national currency per capita",Gross domestic product at market prices,Norway,2024,932890,,
ESTAT:NAMA_10_PC(1.0),02/05/25 23:00:00,Annual,"Current prices, units of national currency per capita",Gross domestic product at market prices,Poland,2015,47640,,
ESTAT:NAMA_10_PC(1.0),02/05/25 23:00:00,Annual,"Current prices, units of national currency per capita",Gross domestic product at market prices,Poland,2016,49160,,
ESTAT:NAMA_10_PC(1.0),02/05/25 23:00:00,Annual,"Current prices, units of national currency per capita",Gross domestic product at market prices,Poland,2017,52600,,
ESTAT:NAMA_10_PC(1.0),02/05/25 23:00:00,Annual,"Current prices, units of national currency per capita",Gross domestic product at market prices,Poland,2018,56580,,
ESTAT:NAMA_10_PC(1.0),02/05/25 23:00:00,Annual,"Current prices, units of national currency per capita",Gross domestic product at market prices,Poland,2019,60980,,
ESTAT:NAMA_10_PC(1.0),02/05/25 23:00:00,Annual,"Current prices, units of national currency per capita",Gross domestic product at market prices,Poland,2020,63580,b,
ESTAT:NAMA_10_PC(1.0),02/05/25 23:00:00,Annual,"Current prices, units of national currency per capita",Gross domestic product at market prices,Poland,2021,71990,,
ESTAT:NAMA_10_PC(1.0),02/05/25 23:00:00,Annual,"Current prices, units of national currency per capita",Gross domestic product at market prices,Poland,2022,82080,b,
ESTAT:NAMA_10_PC(1.0),02/05/25 23:00:00,Annual,"Current prices, units of national currency per capita",Gross domestic product at market prices,Poland,2023,90760,,
ESTAT:NAMA_10_PC(1.0),02/05/25 23:00:00,Annual,"Current prices, units of national currency per capita",Gross domestic product at market prices,Poland,2024,97120,p,
ESTAT:NAMA_10_PC(1.0),02/05/25 23:00:00,Annual,"Current prices, units of national currency per capita",Gross domestic product at market prices,Portugal,2015,17280,,
ESTAT:NAMA_10_PC(1.0),02/05/25 23:00:00,Annual,"Current prices, units of national currency per capita",Gross domestic product at market prices,Portugal,2016,18000,,
ESTAT:NAMA_10_PC(1.0),02/05/25 23:00:00,Annual,"Current prices, units of national currency per capita",Gross domestic product at market prices,Portugal,2017,18910,,
ESTAT:NAMA_10_PC(1.0),02/05/25 23:00:00,Annual,"Current prices, units of national currency per capita",Gross domestic product at market prices,Portugal,2018,19840,,
ESTAT:NAMA_10_PC(1.0),02/05/25 23:00:00,Annual,"Current prices, units of national currency per capita",Gross domestic product at market prices,Portugal,2019,20710,,
ESTAT:NAMA_10_PC(1.0),02/05/25 23:00:00,Annual,"Current prices, units of national currency per capita",Gross domestic product at market prices,Portugal,2020,19360,,
ESTAT:NAMA_10_PC(1.0),02/05/25 23:00:00,Annual,"Current prices, units of national currency per capita",Gross domestic product at market prices,Portugal,2021,20800,,
ESTAT:NAMA_10_PC(1.0),02/05/25 23:00:00,Annual,"Current prices, units of national currency per capita",Gross domestic product at market prices,Portugal,2022,23300,,
ESTAT:NAMA_10_PC(1.0),02/05/25 23:00:00,Annual,"Current prices, units of national currency per capita",Gross domestic product at market prices,Portugal,2023,25330,e,
ESTAT:NAMA_10_PC(1.0),02/05/25 23:00:00,Annual,"Current prices, units of national currency per capita",Gross domestic product at market prices,Portugal,2024,26700,e,
ESTAT:NAMA_10_PC(1.0),02/05/25 23:00:00,Annual,"Current prices, units of national currency per capita",Gross domestic product at market prices,Romania,2015,35950,,
ESTAT:NAMA_10_PC(1.0),02/05/25 23:00:00,Annual,"Current prices, units of national currency per capita",Gross domestic product at market prices,Romania,2016,38170,,
ESTAT:NAMA_10_PC(1.0),02/05/25 23:00:00,Annual,"Current prices, units of national currency per capita",Gross domestic product at market prices,Romania,2017,43470,,
ESTAT:NAMA_10_PC(1.0),02/05/25 23:00:00,Annual,"Current prices, units of national currency per capita",Gross domestic product at market prices,Romania,2018,49250,,
ESTAT:NAMA_10_PC(1.0),02/05/25 23:00:00,Annual,"Current prices, units of national currency per capita",Gross domestic product at market prices,Romania,2019,55000,,
ESTAT:NAMA_10_PC(1.0),02/05/25 23:00:00,Annual,"Current prices, units of national currency per capita",Gross domestic product at market prices,Romania,2020,55430,,
ESTAT:NAMA_10_PC(1.0),02/05/25 23:00:00,Annual,"Current prices, units of national currency per capita",Gross domestic product at market prices,Romania,2021,62290,,
ESTAT:NAMA_10_PC(1.0),02/05/25 23:00:00,Annual,"Current prices, units of national currency per capita",Gross domestic product at market prices,Romania,2022,72930,,
ESTAT:NAMA_10_PC(1.0),02/05/25 23:00:00,Annual,"Current prices, units of national currency per capita",Gross domestic product at market prices,Romania,2023,84160,p,
ESTAT:NAMA_10_PC(1.0),02/05/25 23:00:00,Annual,"Current prices, units of national currency per capita",Gross domestic product at market prices,Romania,2024,92310,p,
ESTAT:NAMA_10_PC(1.0),02/05/25 23:00:00,Annual,"Current prices, units of national currency per capita",Gross domestic product at market prices,Serbia,2015,633320,,
ESTAT:NAMA_10_PC(1.0),02/05/25 23:00:00,Annual,"Current prices, units of national currency per capita",Gross domestic product at market prices,Serbia,2016,665710,,
ESTAT:NAMA_10_PC(1.0),02/05/25 23:00:00,Annual,"Current prices, units of national currency per capita",Gross domestic product at market prices,Serbia,2017,705610,,
ESTAT:NAMA_10_PC(1.0),02/05/25 23:00:00,Annual,"Current prices, units of national currency per capita",Gross domestic product at market prices,Serbia,2018,757310,,
ESTAT:NAMA_10_PC(1.0),02/05/25 23:00:00,Annual,"Current prices, units of national currency per capita",Gross domestic product at market prices,Serbia,2019,816280,,
ESTAT:NAMA_10_PC(1.0),02/05/25 23:00:00,Annual,"Current prices, units of national currency per capita",Gross domestic product at market prices,Serbia,2020,835490,,
ESTAT:NAMA_10_PC(1.0),02/05/25 23:00:00,Annual,"Current prices, units of national currency per capita",Gross domestic product at market prices,Serbia,2021,962210,,
ESTAT:NAMA_10_PC(1.0),02/05/25 23:00:00,Annual,"Current prices, units of national currency per capita",Gross domestic product at market prices,Serbia,2022,1119190,p,
ESTAT:NAMA_10_PC(1.0),02/05/25 23:00:00,Annual,"Current prices, units of national currency per capita",Gross domestic product at market prices,Serbia,2023,1331350,p,
ESTAT:NAMA_10_PC(1.0),02/05/25 23:00:00,Annual,"Current prices, units of national currency per capita",Gross domestic product at market prices,Serbia,2024,1464510,p,
ESTAT:NAMA_10_PC(1.0),02/05/25 23:00:00,Annual,"Current prices, units of national currency per capita",Gross domestic product at market prices,Sweden,2015,431850,,
ESTAT:NAMA_10_PC(1.0),02/05/25 23:00:00,Annual,"Current prices, units of national currency per capita",Gross domestic product at market prices,Sweden,2016,444030,,
ESTAT:NAMA_10_PC(1.0),02/05/25 23:00:00,Annual,"Current prices, units of national currency per capita",Gross domestic product at market prices,Sweden,2017,455660,,
ESTAT:NAMA_10_PC(1.0),02/05/25 23:00:00,Annual,"Current prices, units of national currency per capita",Gross domestic product at market prices,Sweden,2018,470980,,
ESTAT:NAMA_10_PC(1.0),02/05/25 23:00:00,Annual,"Current prices, units of national currency per capita",Gross domestic product at market prices,Sweden,2019,489440,,
ESTAT:NAMA_10_PC(1.0),02/05/25 23:00:00,Annual,"Current prices, units of national currency per capita",Gross domestic product at market prices,Sweden,2020,484960,,
ESTAT:NAMA_10_PC(1.0),02/05/25 23:00:00,Annual,"Current prices, units of national currency per capita",Gross domestic product at market prices,Sweden,2021,524670,,
ESTAT:NAMA_10_PC(1.0),02/05/25 23:00:00,Annual,"Current prices, units of national currency per capita",Gross domestic product at market prices,Sweden,2022,557150,,
ESTAT:NAMA_10_PC(1.0),02/05/25 23:00:00,Annual,"Current prices, units of national currency per capita",Gross domestic product at market prices,Sweden,2023,586080,,
ESTAT:NAMA_10_PC(1.0),02/05/25 23:00:00,Annual,"Current prices, units of national currency per capita",Gross domestic product at market prices,Sweden,2024,606150,,
ESTAT:NAMA_10_PC(1.0),02/05/25 23:00:00,Annual,"Current prices, units of national currency per capita",Gross domestic product at market prices,Slovenia,2015,18660,,
ESTAT:NAMA_10_PC(1.0),02/05/25 23:00:00,Annual,"Current prices, units of national currency per capita",Gross domestic product at market prices,Slovenia,2016,19380,,
ESTAT:NAMA_10_PC(1.0),02/05/25 23:00:00,Annual,"Current prices, units of national currency per capita",Gross domestic product at market prices,Slovenia,2017,20630,,
ESTAT:NAMA_10_PC(1.0),02/05/25 23:00:00,Annual,"Current prices, units of national currency per capita",Gross domestic product at market prices,Slovenia,2018,21940,,
ESTAT:NAMA_10_PC(1.0),02/05/25 23:00:00,Annual,"Current prices, units of national currency per capita",Gross domestic product at market prices,Slovenia,2019,23050,,
ESTAT:NAMA_10_PC(1.0),02/05/25 23:00:00,Annual,"Current prices, units of national currency per capita",Gross domestic product at market prices,Slovenia,2020,22230,,
ESTAT:NAMA_10_PC(1.0),02/05/25 23:00:00,Annual,"Current prices, units of national currency per capita",Gross domestic product at market prices,Slovenia,2021,24680,,
ESTAT:NAMA_10_PC(1.0),02/05/25 23:00:00,Annual,"Current prices, units of national currency per capita",Gross domestic product at market prices,Slovenia,2022,26980,,
ESTAT:NAMA_10_PC(1.0),02/05/25 23:00:00,Annual,"Current prices, units of national currency per capita",Gross domestic product at market prices,Slovenia,2023,30160,,
ESTAT:NAMA_10_PC(1.0),02/05/25 23:00:00,Annual,"Current prices, units of national currency per capita",Gross domestic product at market prices,Slovenia,2024,31490,,
ESTAT:NAMA_10_PC(1.0),02/05/25 23:00:00,Annual,"Current prices, units of national currency per capita",Gross domestic product at market prices,Slovakia,2015,14820,,
ESTAT:NAMA_10_PC(1.0),02/05/25 23:00:00,Annual,"Current prices, units of national currency per capita",Gross domestic product at market prices,Slovakia,2016,15030,,
ESTAT:NAMA_10_PC(1.0),02/05/25 23:00:00,Annual,"Current prices, units of national currency per capita",Gross domestic product at market prices,Slovakia,2017,15620,,
ESTAT:NAMA_10_PC(1.0),02/05/25 23:00:00,Annual,"Current prices, units of national currency per capita",Gross domestic product at market prices,Slovakia,2018,16580,,
ESTAT:NAMA_10_PC(1.0),02/05/25 23:00:00,Annual,"Current prices, units of national currency per capita",Gross domestic product at market prices,Slovakia,2019,17340,,
ESTAT:NAMA_10_PC(1.0),02/05/25 23:00:00,Annual,"Current prices, units of national currency per capita",Gross domestic product at market prices,Slovakia,2020,17270,,
ESTAT:NAMA_10_PC(1.0),02/05/25 23:00:00,Annual,"Current prices, units of national currency per capita",Gross domestic product at market prices,Slovakia,2021,18740,b,
ESTAT:NAMA_10_PC(1.0),02/05/25 23:00:00,Annual,"Current prices, units of national currency per capita",Gross domestic product at market prices,Slovakia,2022,20170,,
ESTAT:NAMA_10_PC(1.0),02/05/25 23:00:00,Annual,"Current prices, units of national currency per capita",Gross domestic product at market prices,Slovakia,2023,22690,,
ESTAT:NAMA_10_PC(1.0),02/05/25 23:00:00,Annual,"Current prices, units of national currency per capita",Gross domestic product at market prices,Slovakia,2024,24000,,
ESTAT:NAMA_10_PC(1.0),02/05/25 23:00:00,Annual,"Current prices, units of national currency per capita",Gross domestic product at market prices,Türkiye,2015,30060,,
ESTAT:NAMA_10_PC(1.0),02/05/25 23:00:00,Annual,"Current prices, units of national currency per capita",Gross domestic product at market prices,Türkiye,2016,33130,,
ESTAT:NAMA_10_PC(1.0),02/05/25 23:00:00,Annual,"Current prices, units of national currency per capita",Gross domestic product at market prices,Türkiye,2017,39020,,
ESTAT:NAMA_10_PC(1.0),02/05/25 23:00:00,Annual,"Current prices, units of national currency per capita",Gross domestic product at market prices,Türkiye,2018,46200,,
ESTAT:NAMA_10_PC(1.0),02/05/25 23:00:00,Annual,"Current prices, units of national currency per capita",Gross domestic product at market prices,Türkiye,2019,52290,,
ESTAT:NAMA_10_PC(1.0),02/05/25 23:00:00,Annual,"Current prices, units of national currency per capita",Gross domestic product at market prices,Türkiye,2020,60550,,
ESTAT:NAMA_10_PC(1.0),02/05/25 23:00:00,Annual,"Current prices, units of national currency per capita",Gross domestic product at market prices,Türkiye,2021,86230,,
ESTAT:NAMA_10_PC(1.0),02/05/25 23:00:00,Annual,"Current prices, units of national currency per capita",Gross domestic product at market prices,Türkiye,2022,176650,,
ESTAT:NAMA_10_PC(1.0),02/05/25 23:00:00,Annual,"Current prices, units of national currency per capita",Gross domestic product at market prices,Türkiye,2023,311110,,
ESTAT:NAMA_10_PC(1.0),02/05/25 23:00:00,Annual,"Current prices, units of national currency per capita",Gross domestic product at market prices,United Kingdom,2015,29480,,
ESTAT:NAMA_10_PC(1.0),02/05/25 23:00:00,Annual,"Current prices, units of national currency per capita",Gross domestic product at market prices,United Kingdom,2016,30380,,
ESTAT:NAMA_10_PC(1.0),02/05/25 23:00:00,Annual,"Current prices, units of national currency per capita",Gross domestic product at market prices,United Kingdom,2017,31330,,
ESTAT:NAMA_10_PC(1.0),02/05/25 23:00:00,Annual,"Current prices, units of national currency per capita",Gross domestic product at market prices,United Kingdom,2018,32240,,
ESTAT:NAMA_10_PC(1.0),02/05/25 23:00:00,Annual,"Current prices, units of national currency per capita",Gross domestic product at market prices,United Kingdom,2019,33200,,
