DATAFLOW,LAST UPDATE,freq,sex,age,unit,isced11,geo,TIME_PERIOD,OBS_VALUE,OBS_FLAG,CONF_STATUS
ESTAT:EDAT_LFSE_03(1.0),14/04/25 23:00:00,Annual,Total,From 15 to 64 years,Percentage,"Less than primary, primary and lower secondary education (levels 0-2)",Austria,2015,19.6,,
ESTAT:EDAT_LFSE_03(1.0),14/04/25 23:00:00,Annual,Total,From 15 to 64 years,Percentage,"Less than primary, primary and lower secondary education (levels 0-2)",Austria,2016,19.6,,
ESTAT:EDAT_LFSE_03(1.0),14/04/25 23:00:00,Annual,Total,From 15 to 64 years,Percentage,"Less than primary, primary and lower secondary education (levels 0-2)",Austria,2017,19.3,,
ESTAT:EDAT_LFSE_03(1.0),14/04/25 23:00:00,Annual,Total,From 15 to 64 years,Percentage,"Less than primary, primary and lower secondary education (levels 0-2)",Austria,2018,18.9,,
ESTAT:EDAT_LFSE_03(1.0),14/04/25 23:00:00,Annual,Total,From 15 to 64 years,Percentage,"Less than primary, primary and lower secondary education (levels 0-2)",Austria,2019,18.7,,
ESTAT:EDAT_LFSE_03(1.0),14/04/25 23:00:00,Annual,Total,From 15 to 64 years,Percentage,"Less than primary, primary and lower secondary education (levels 0-2)",Austria,2020,18.7,,
ESTAT:EDAT_LFSE_03(1.0),14/04/25 23:00:00,Annual,Total,From 15 to 64 years,Percentage,"Less than primary, primary and lower secondary education (levels 0-2)",Austria,2021,18.5,b,
ESTAT:EDAT_LFSE_03(1.0),14/04/25 23:00:00,Annual,Total,From 15 to 64 years,Percentage,"Less than primary, primary and lower secondary education (levels 0-2)",Austria,2022,18.6,,
ESTAT:EDAT_LFSE_03(1.0),14/04/25 23:00:00,Annual,Total,From 15 to 64 years,Percentage,"Less than primary, primary and lower secondary education (levels 0-2)",Austria,2023,18.5,,
ESTAT:EDAT_LFSE_03(1.0),14/04/25 23:00:00,Annual,Total,From 15 to 64 years,Percentage,"Less than primary, primary and lower secondary education (levels 0-2)",Austria,2024,18.3,,
ESTAT:EDAT_LFSE_03(1.0),14/04/25 23:00:00,Annual,Total,From 15 to 64 years,Percentage,"Less than primary, primary and lower secondary education (levels 0-2)",Bosnia and Herzegovina,2021,23.0,,
ESTAT:EDAT_LFSE_03(1.0),14/04/25 23:00:00,Annual,Total,From 15 to 64 years,Percentage,"Less than primary, primary and lower secondary education (levels 0-2)",Bosnia and Herzegovina,2022,22.9,,
ESTAT:EDAT_LFSE_03(1.0),14/04/25 23:00:00,Annual,Total,From 15 to 64 years,Percentage,"Less than primary, primary and lower secondary education (levels 0-2)",Bosnia and Herzegovina,2023,22.9,,
ESTAT:EDAT_LFSE_03(1.0),14/04/25 23:00:00,Annual,Total,From 15 to 64 years,Percentage,"Less than primary, primary and lower secondary education (levels 0-2)",Belgium,2015,28.7,,
ESTAT:EDAT_LFSE_03(1.0),14/04/25 23:00:00,Annual,Total,From 15 to 64 years,Percentage,"Less than primary, primary and lower secondary education (levels 0-2)",Belgium,2016,28.2,,
ESTAT:EDAT_LFSE_03(1.0),14/04/25 23:00:00,Annual,Total,From 15 to 64 years,Percentage,"Less than primary, primary and lower secondary education (levels 0-2)",Belgium,2017,27.2,b,
ESTAT:EDAT_LFSE_03(1.0),14/04/25 23:00:00,Annual,Total,From 15 to 64 years,Percentage,"Less than primary, primary and lower secondary education (levels 0-2)",Belgium,2018,26.3,,
ESTAT:EDAT_LFSE_03(1.0),14/04/25 23:00:00,Annual,Total,From 15 to 64 years,Percentage,"Less than primary, primary and lower secondary education (levels 0-2)",Belgium,2019,25.9,,
ESTAT:EDAT_LFSE_03(1.0),14/04/25 23:00:00,Annual,Total,From 15 to 64 years,Percentage,"Less than primary, primary and lower secondary education (levels 0-2)",Belgium,2020,25.0,,
ESTAT:EDAT_LFSE_03(1.0),14/04/25 23:00:00,Annual,Total,From 15 to 64 years,Percentage,"Less than primary, primary and lower secondary education (levels 0-2)",Belgium,2021,22.7,b,
ESTAT:EDAT_LFSE_03(1.0),14/04/25 23:00:00,Annual,Total,From 15 to 64 years,Percentage,"Less than primary, primary and lower secondary education (levels 0-2)",Belgium,2022,21.7,,
ESTAT:EDAT_LFSE_03(1.0),14/04/25 23:00:00,Annual,Total,From 15 to 64 years,Percentage,"Less than primary, primary and lower secondary education (levels 0-2)",Belgium,2023,22.5,,
ESTAT:EDAT_LFSE_03(1.0),14/04/25 23:00:00,Annual,Total,From 15 to 64 years,Percentage,"Less than primary, primary and lower secondary education (levels 0-2)",Belgium,2024,22.5,,
ESTAT:EDAT_LFSE_03(1.0),14/04/25 23:00:00,Annual,Total,From 15 to 64 years,Percentage,"Less than primary, primary and lower secondary education (levels 0-2)",Bulgaria,2015,22.2,,
ESTAT:EDAT_LFSE_03(1.0),14/04/25 23:00:00,Annual,Total,From 15 to 64 years,Percentage,"Less than primary, primary and lower secondary education (levels 0-2)",Bulgaria,2016,21.9,,
ESTAT:EDAT_LFSE_03(1.0),14/04/25 23:00:00,Annual,Total,From 15 to 64 years,Percentage,"Less than primary, primary and lower secondary education (levels 0-2)",Bulgaria,2017,21.4,,
ESTAT:EDAT_LFSE_03(1.0),14/04/25 23:00:00,Annual,Total,From 15 to 64 years,Percentage,"Less than primary, primary and lower secondary education (levels 0-2)",Bulgaria,2018,21.5,,
ESTAT:EDAT_LFSE_03(1.0),14/04/25 23:00:00,Annual,Total,From 15 to 64 years,Percentage,"Less than primary, primary and lower secondary education (levels 0-2)",Bulgaria,2019,21.5,b,
ESTAT:EDAT_LFSE_03(1.0),14/04/25 23:00:00,Annual,Total,From 15 to 64 years,Percentage,"Less than primary, primary and lower secondary education (levels 0-2)",Bulgaria,2020,21.0,,
ESTAT:EDAT_LFSE_03(1.0),14/04/25 23:00:00,Annual,Total,From 15 to 64 years,Percentage,"Less than primary, primary and lower secondary education (levels 0-2)",Bulgaria,2021,20.5,b,
ESTAT:EDAT_LFSE_03(1.0),14/04/25 23:00:00,Annual,Total,From 15 to 64 years,Percentage,"Less than primary, primary and lower secondary education (levels 0-2)",Bulgaria,2022,19.6,,
ESTAT:EDAT_LFSE_03(1.0),14/04/25 23:00:00,Annual,Total,From 15 to 64 years,Percentage,"Less than primary, primary and lower secondary education (levels 0-2)",Bulgaria,2023,18.7,,
ESTAT:EDAT_LFSE_03(1.0),14/04/25 23:00:00,Annual,Total,From 15 to 64 years,Percentage,"Less than primary, primary and lower secondary education (levels 0-2)",Bulgaria,2024,17.2,,
ESTAT:EDAT_LFSE_03(1.0),14/04/25 23:00:00,Annual,Total,From 15 to 64 years,Percentage,"Less than primary, primary and lower secondary education (levels 0-2)",Switzerland,2015,18.5,,
ESTAT:EDAT_LFSE_03(1.0),14/04/25 23:00:00,Annual,Total,From 15 to 64 years,Percentage,"Less than primary, primary and lower secondary education (levels 0-2)",Switzerland,2016,18.2,,
ESTAT:EDAT_LFSE_03(1.0),14/04/25 23:00:00,Annual,Total,From 15 to 64 years,Percentage,"Less than primary, primary and lower secondary education (levels 0-2)",Switzerland,2017,17.8,,
ESTAT:EDAT_LFSE_03(1.0),14/04/25 23:00:00,Annual,Total,From 15 to 64 years,Percentage,"Less than primary, primary and lower secondary education (levels 0-2)",Switzerland,2018,17.2,,
ESTAT:EDAT_LFSE_03(1.0),14/04/25 23:00:00,Annual,Total,From 15 to 64 years,Percentage,"Less than primary, primary and lower secondary education (levels 0-2)",Switzerland,2019,16.5,,
ESTAT:EDAT_LFSE_03(1.0),14/04/25 23:00:00,Annual,Total,From 15 to 64 years,Percentage,"Less than primary, primary and lower secondary education (levels 0-2)",Switzerland,2020,16.2,,
ESTAT:EDAT_LFSE_03(1.0),14/04/25 23:00:00,Annual,Total,From 15 to 64 years,Percentage,"Less than primary, primary and lower secondary education (levels 0-2)",Switzerland,2021,17.5,b,
ESTAT:EDAT_LFSE_03(1.0),14/04/25 23:00:00,Annual,Total,From 15 to 64 years,Percentage,"Less than primary, primary and lower secondary education (levels 0-2)",Switzerland,2022,18.6,,
ESTAT:EDAT_LFSE_03(1.0),14/04/25 23:00:00,Annual,Total,From 15 to 64 years,Percentage,"Less than primary, primary and lower secondary education (levels 0-2)",Switzerland,2023,18.5,,
ESTAT:EDAT_LFSE_03(1.0),14/04/25 23:00:00,Annual,Total,From 15 to 64 years,Percentage,"Less than primary, primary and lower secondary education (levels 0-2)",Switzerland,2024,18.6,,
ESTAT:EDAT_LFSE_03(1.0),14/04/25 23:00:00,Annual,Total,From 15 to 64 years,Percentage,"Less than primary, primary and lower secondary education (levels 0-2)",Cyprus,2015,25.5,,
ESTAT:EDAT_LFSE_03(1.0),14/04/25 23:00:00,Annual,Total,From 15 to 64 years,Percentage,"Less than primary, primary and lower secondary education (levels 0-2)",Cyprus,2016,24.0,,
ESTAT:EDAT_LFSE_03(1.0),14/04/25 23:00:00,Annual,Total,From 15 to 64 years,Percentage,"Less than primary, primary and lower secondary education (levels 0-2)",Cyprus,2017,22.9,,
ESTAT:EDAT_LFSE_03(1.0),14/04/25 23:00:00,Annual,Total,From 15 to 64 years,Percentage,"Less than primary, primary and lower secondary education (levels 0-2)",Cyprus,2018,21.9,,
ESTAT:EDAT_LFSE_03(1.0),14/04/25 23:00:00,Annual,Total,From 15 to 64 years,Percentage,"Less than primary, primary and lower secondary education (levels 0-2)",Cyprus,2019,21.0,,
ESTAT:EDAT_LFSE_03(1.0),14/04/25 23:00:00,Annual,Total,From 15 to 64 years,Percentage,"Less than primary, primary and lower secondary education (levels 0-2)",Cyprus,2020,20.5,,
ESTAT:EDAT_LFSE_03(1.0),14/04/25 23:00:00,Annual,Total,From 15 to 64 years,Percentage,"Less than primary, primary and lower secondary education (levels 0-2)",Cyprus,2021,19.2,b,
ESTAT:EDAT_LFSE_03(1.0),14/04/25 23:00:00,Annual,Total,From 15 to 64 years,Percentage,"Less than primary, primary and lower secondary education (levels 0-2)",Cyprus,2022,18.4,,
ESTAT:EDAT_LFSE_03(1.0),14/04/25 23:00:00,Annual,Total,From 15 to 64 years,Percentage,"Less than primary, primary and lower secondary education (levels 0-2)",Cyprus,2023,17.7,,
ESTAT:EDAT_LFSE_03(1.0),14/04/25 23:00:00,Annual,Total,From 15 to 64 years,Percentage,"Less than primary, primary and lower secondary education (levels 0-2)",Cyprus,2024,17.9,,
ESTAT:EDAT_LFSE_03(1.0),14/04/25 23:00:00,Annual,Total,From 15 to 64 years,Percentage,"Less than primary, primary and lower secondary education (levels 0-2)",Czechia,2015,12.4,,
ESTAT:EDAT_LFSE_03(1.0),14/04/25 23:00:00,Annual,Total,From 15 to 64 years,Percentage,"Less than primary, primary and lower secondary education (levels 0-2)",Czechia,2016,12.4,,
ESTAT:EDAT_LFSE_03(1.0),14/04/25 23:00:00,Annual,Total,From 15 to 64 years,Percentage,"Less than primary, primary and lower secondary education (levels 0-2)",Czechia,2017,12.1,,
ESTAT:EDAT_LFSE_03(1.0),14/04/25 23:00:00,Annual,Total,From 15 to 64 years,Percentage,"Less than primary, primary and lower secondary education (levels 0-2)",Czechia,2018,12.1,,
ESTAT:EDAT_LFSE_03(1.0),14/04/25 23:00:00,Annual,Total,From 15 to 64 years,Percentage,"Less than primary, primary and lower secondary education (levels 0-2)",Czechia,2019,12.3,,
ESTAT:EDAT_LFSE_03(1.0),14/04/25 23:00:00,Annual,Total,From 15 to 64 years,Percentage,"Less than primary, primary and lower secondary education (levels 0-2)",Czechia,2020,12.3,,
ESTAT:EDAT_LFSE_03(1.0),14/04/25 23:00:00,Annual,Total,From 15 to 64 years,Percentage,"Less than primary, primary and lower secondary education (levels 0-2)",Czechia,2021,12.0,b,
ESTAT:EDAT_LFSE_03(1.0),14/04/25 23:00:00,Annual,Total,From 15 to 64 years,Percentage,"Less than primary, primary and lower secondary education (levels 0-2)",Czechia,2022,12.3,,
ESTAT:EDAT_LFSE_03(1.0),14/04/25 23:00:00,Annual,Total,From 15 to 64 years,Percentage,"Less than primary, primary and lower secondary education (levels 0-2)",Czechia,2023,13.4,,
ESTAT:EDAT_LFSE_03(1.0),14/04/25 23:00:00,Annual,Total,From 15 to 64 years,Percentage,"Less than primary, primary and lower secondary education (levels 0-2)",Czechia,2024,13.5,,
ESTAT:EDAT_LFSE_03(1.0),14/04/25 23:00:00,Annual,Total,From 15 to 64 years,Percentage,"Less than primary, primary and lower secondary education (levels 0-2)",Germany,2015,19.8,,
ESTAT:EDAT_LFSE_03(1.0),14/04/25 23:00:00,Annual,Total,From 15 to 64 years,Percentage,"Less than primary, primary and lower secondary education (levels 0-2)",Germany,2016,19.8,,
ESTAT:EDAT_LFSE_03(1.0),14/04/25 23:00:00,Annual,Total,From 15 to 64 years,Percentage,"Less than primary, primary and lower secondary education (levels 0-2)",Germany,2017,19.8,,
ESTAT:EDAT_LFSE_03(1.0),14/04/25 23:00:00,Annual,Total,From 15 to 64 years,Percentage,"Less than primary, primary and lower secondary education (levels 0-2)",Germany,2018,19.6,,
ESTAT:EDAT_LFSE_03(1.0),14/04/25 23:00:00,Annual,Total,From 15 to 64 years,Percentage,"Less than primary, primary and lower secondary education (levels 0-2)",Germany,2019,19.5,,
ESTAT:EDAT_LFSE_03(1.0),14/04/25 23:00:00,Annual,Total,From 15 to 64 years,Percentage,"Less than primary, primary and lower secondary education (levels 0-2)",Germany,2020,20.0,b,
ESTAT:EDAT_LFSE_03(1.0),14/04/25 23:00:00,Annual,Total,From 15 to 64 years,Percentage,"Less than primary, primary and lower secondary education (levels 0-2)",Germany,2021,22.0,b,
ESTAT:EDAT_LFSE_03(1.0),14/04/25 23:00:00,Annual,Total,From 15 to 64 years,Percentage,"Less than primary, primary and lower secondary education (levels 0-2)",Germany,2022,23.3,,
ESTAT:EDAT_LFSE_03(1.0),14/04/25 23:00:00,Annual,Total,From 15 to 64 years,Percentage,"Less than primary, primary and lower secondary education (levels 0-2)",Germany,2023,23.1,,
ESTAT:EDAT_LFSE_03(1.0),14/04/25 23:00:00,Annual,Total,From 15 to 64 years,Percentage,"Less than primary, primary and lower secondary education (levels 0-2)",Germany,2024,22.6,,
ESTAT:EDAT_LFSE_03(1.0),14/04/25 23:00:00,Annual,Total,From 15 to 64 years,Percentage,"Less than primary, primary and lower secondary education (levels 0-2)",Denmark,2015,27.9,,
ESTAT:EDAT_LFSE_03(1.0),14/04/25 23:00:00,Annual,Total,From 15 to 64 years,Percentage,"Less than primary, primary and lower secondary education (levels 0-2)",Denmark,2016,27.3,b,
ESTAT:EDAT_LFSE_03(1.0),14/04/25 23:00:00,Annual,Total,From 15 to 64 years,Percentage,"Less than primary, primary and lower secondary education (levels 0-2)",Denmark,2017,26.7,b,
ESTAT:EDAT_LFSE_03(1.0),14/04/25 23:00:00,Annual,Total,From 15 to 64 years,Percentage,"Less than primary, primary and lower secondary education (levels 0-2)",Denmark,2018,26.5,,
ESTAT:EDAT_LFSE_03(1.0),14/04/25 23:00:00,Annual,Total,From 15 to 64 years,Percentage,"Less than primary, primary and lower secondary education (levels 0-2)",Denmark,2019,26.0,,
ESTAT:EDAT_LFSE_03(1.0),14/04/25 23:00:00,Annual,Total,From 15 to 64 years,Percentage,"Less than primary, primary and lower secondary education (levels 0-2)",Denmark,2020,25.9,,
ESTAT:EDAT_LFSE_03(1.0),14/04/25 23:00:00,Annual,Total,From 15 to 64 years,Percentage,"Less than primary, primary and lower secondary education (levels 0-2)",Denmark,2021,25.5,b,
ESTAT:EDAT_LFSE_03(1.0),14/04/25 23:00:00,Annual,Total,From 15 to 64 years,Percentage,"Less than primary, primary and lower secondary education (levels 0-2)",Denmark,2022,25.8,,
ESTAT:EDAT_LFSE_03(1.0),14/04/25 23:00:00,Annual,Total,From 15 to 64 years,Percentage,"Less than primary, primary and lower secondary education (levels 0-2)",Denmark,2023,25.6,,
ESTAT:EDAT_LFSE_03(1.0),14/04/25 23:00:00,Annual,Total,From 15 to 64 years,Percentage,"Less than primary, primary and lower secondary education (levels 0-2)",Denmark,2024,24.2,,
ESTAT:EDAT_LFSE_03(1.0),14/04/25 23:00:00,Annual,Total,From 15 to 64 years,Percentage,"Less than primary, primary and lower secondary education (levels 0-2)",Euro area – 20 countries (from 2023),2015,30.2,,
ESTAT:EDAT_LFSE_03(1.0),14/04/25 23:00:00,Annual,Total,From 15 to 64 years,Percentage,"Less than primary, primary and lower secondary education (levels 0-2)",Euro area – 20 countries (from 2023),2016,29.7,,
ESTAT:EDAT_LFSE_03(1.0),14/04/25 23:00:00,Annual,Total,From 15 to 64 years,Percentage,"Less than primary, primary and lower secondary education (levels 0-2)",Euro area – 20 countries (from 2023),2017,29.2,,
ESTAT:EDAT_LFSE_03(1.0),14/04/25 23:00:00,Annual,Total,From 15 to 64 years,Percentage,"Less than primary, primary and lower secondary education (levels 0-2)",Euro area – 20 countries (from 2023),2018,28.6,,
ESTAT:EDAT_LFSE_03(1.0),14/04/25 23:00:00,Annual,Total,From 15 to 64 years,Percentage,"Less than primary, primary and lower secondary education (levels 0-2)",Euro area – 20 countries (from 2023),2019,27.9,,
ESTAT:EDAT_LFSE_03(1.0),14/04/25 23:00:00,Annual,Total,From 15 to 64 years,Percentage,"Less than primary, primary and lower secondary education (levels 0-2)",Euro area – 20 countries (from 2023),2020,27.3,,
ESTAT:EDAT_LFSE_03(1.0),14/04/25 23:00:00,Annual,Total,From 15 to 64 years,Percentage,"Less than primary, primary and lower secondary education (levels 0-2)",Euro area – 20 countries (from 2023),2021,27.4,b,
ESTAT:EDAT_LFSE_03(1.0),14/04/25 23:00:00,Annual,Total,From 15 to 64 years,Percentage,"Less than primary, primary and lower secondary education (levels 0-2)",Euro area – 20 countries (from 2023),2022,27.4,,
ESTAT:EDAT_LFSE_03(1.0),14/04/25 23:00:00,Annual,Total,From 15 to 64 years,Percentage,"Less than primary, primary and lower secondary education (levels 0-2)",Euro area – 20 countries (from 2023),2023,26.9,,
ESTAT:EDAT_LFSE_03(1.0),14/04/25 23:00:00,Annual,Total,From 15 to 64 years,Percentage,"Less than primary, primary and lower secondary education (levels 0-2)",Euro area – 20 countries (from 2023),2024,26.4,,
ESTAT:EDAT_LFSE_03(1.0),14/04/25 23:00:00,Annual,Total,From 15 to 64 years,Percentage,"Less than primary, primary and lower secondary education (levels 0-2)",Estonia,2015,18.3,,
ESTAT:EDAT_LFSE_03(1.0),14/04/25 23:00:00,Annual,Total,From 15 to 64 years,Percentage,"Less than primary, primary and lower secondary education (levels 0-2)",Estonia,2016,17.3,,
ESTAT:EDAT_LFSE_03(1.0),14/04/25 23:00:00,Annual,Total,From 15 to 64 years,Percentage,"Less than primary, primary and lower secondary education (levels 0-2)",Estonia,2017,17.7,,
ESTAT:EDAT_LFSE_03(1.0),14/04/25 23:00:00,Annual,Total,From 15 to 64 years,Percentage,"Less than primary, primary and lower secondary education (levels 0-2)",Estonia,2018,17.9,,
ESTAT:EDAT_LFSE_03(1.0),14/04/25 23:00:00,Annual,Total,From 15 to 64 years,Percentage,"Less than primary, primary and lower secondary education (levels 0-2)",Estonia,2019,17.1,,
ESTAT:EDAT_LFSE_03(1.0),14/04/25 23:00:00,Annual,Total,From 15 to 64 years,Percentage,"Less than primary, primary and lower secondary education (levels 0-2)",Estonia,2020,16.8,,
ESTAT:EDAT_LFSE_03(1.0),14/04/25 23:00:00,Annual,Total,From 15 to 64 years,Percentage,"Less than primary, primary and lower secondary education (levels 0-2)",Estonia,2021,16.7,b,
ESTAT:EDAT_LFSE_03(1.0),14/04/25 23:00:00,Annual,Total,From 15 to 64 years,Percentage,"Less than primary, primary and lower secondary education (levels 0-2)",Estonia,2022,16.9,,
ESTAT:EDAT_LFSE_03(1.0),14/04/25 23:00:00,Annual,Total,From 15 to 64 years,Percentage,"Less than primary, primary and lower secondary education (levels 0-2)",Estonia,2023,17.5,,
ESTAT:EDAT_LFSE_03(1.0),14/04/25 23:00:00,Annual,Total,From 15 to 64 years,Percentage,"Less than primary, primary and lower secondary education (levels 0-2)",Estonia,2024,18.4,,
ESTAT:EDAT_LFSE_03(1.0),14/04/25 23:00:00,Annual,Total,From 15 to 64 years,Percentage,"Less than primary, primary and lower secondary education (levels 0-2)",Greece,2015,31.5,,
ESTAT:EDAT_LFSE_03(1.0),14/04/25 23:00:00,Annual,Total,From 15 to 64 years,Percentage,"Less than primary, primary and lower secondary education (levels 0-2)",Greece,2016,30.0,,
ESTAT:EDAT_LFSE_03(1.0),14/04/25 23:00:00,Annual,Total,From 15 to 64 years,Percentage,"Less than primary, primary and lower secondary education (levels 0-2)",Greece,2017,29.3,,
ESTAT:EDAT_LFSE_03(1.0),14/04/25 23:00:00,Annual,Total,From 15 to 64 years,Percentage,"Less than primary, primary and lower secondary education (levels 0-2)",Greece,2018,28.7,,
ESTAT:EDAT_LFSE_03(1.0),14/04/25 23:00:00,Annual,Total,From 15 to 64 years,Percentage,"Less than primary, primary and lower secondary education (levels 0-2)",Greece,2019,25.9,,
ESTAT:EDAT_LFSE_03(1.0),14/04/25 23:00:00,Annual,Total,From 15 to 64 years,Percentage,"Less than primary, primary and lower secondary education (levels 0-2)",Greece,2020,24.3,,
ESTAT:EDAT_LFSE_03(1.0),14/04/25 23:00:00,Annual,Total,From 15 to 64 years,Percentage,"Less than primary, primary and lower secondary education (levels 0-2)",Greece,2021,23.5,b,
ESTAT:EDAT_LFSE_03(1.0),14/04/25 23:00:00,Annual,Total,From 15 to 64 years,Percentage,"Less than primary, primary and lower secondary education (levels 0-2)",Greece,2022,22.7,,
ESTAT:EDAT_LFSE_03(1.0),14/04/25 23:00:00,Annual,Total,From 15 to 64 years,Percentage,"Less than primary, primary and lower secondary education (levels 0-2)",Greece,2023,22.4,,
ESTAT:EDAT_LFSE_03(1.0),14/04/25 23:00:00,Annual,Total,From 15 to 64 years,Percentage,"Less than primary, primary and lower secondary education (levels 0-2)",Greece,2024,21.8,,
ESTAT:EDAT_LFSE_03(1.0),14/04/25 23:00:00,Annual,Total,From 15 to 64 years,Percentage,"Less than primary, primary and lower secondary education (levels 0-2)",Spain,2015,43.5,,
ESTAT:EDAT_LFSE_03(1.0),14/04/25 23:00:00,Annual,Total,From 15 to 64 years,Percentage,"Less than primary, primary and lower secondary education (levels 0-2)",Spain,2016,42.6,,
ESTAT:EDAT_LFSE_03(1.0),14/04/25 23:00:00,Annual,Total,From 15 to 64 years,Percentage,"Less than primary, primary and lower secondary education (levels 0-2)",Spain,2017,41.8,,
ESTAT:EDAT_LFSE_03(1.0),14/04/25 23:00:00,Annual,Total,From 15 to 64 years,Percentage,"Less than primary, primary and lower secondary education (levels 0-2)",Spain,2018,40.8,,
ESTAT:EDAT_LFSE_03(1.0),14/04/25 23:00:00,Annual,Total,From 15 to 64 years,Percentage,"Less than primary, primary and lower secondary education (levels 0-2)",Spain,2019,39.6,,
ESTAT:EDAT_LFSE_03(1.0),14/04/25 23:00:00,Annual,Total,From 15 to 64 years,Percentage,"Less than primary, primary and lower secondary education (levels 0-2)",Spain,2020,38.2,,
ESTAT:EDAT_LFSE_03(1.0),14/04/25 23:00:00,Annual,Total,From 15 to 64 years,Percentage,"Less than primary, primary and lower secondary education (levels 0-2)",Spain,2021,38.3,b,
ESTAT:EDAT_LFSE_03(1.0),14/04/25 23:00:00,Annual,Total,From 15 to 64 years,Percentage,"Less than primary, primary and lower secondary education (levels 0-2)",Spain,2022,38.1,,
ESTAT:EDAT_LFSE_03(1.0),14/04/25 23:00:00,Annual,Total,From 15 to 64 years,Percentage,"Less than primary, primary and lower secondary education (levels 0-2)",Spain,2023,37.7,,
ESTAT:EDAT_LFSE_03(1.0),14/04/25 23:00:00,Annual,Total,From 15 to 64 years,Percentage,"Less than primary, primary and lower secondary education (levels 0-2)",Spain,2024,37.0,,
ESTAT:EDAT_LFSE_03(1.0),14/04/25 23:00:00,Annual,Total,From 15 to 64 years,Percentage,"Less than primary, primary and lower secondary education (levels 0-2)",European Union - 27 countries (from 2020),2015,27.9,,
ESTAT:EDAT_LFSE_03(1.0),14/04/25 23:00:00,Annual,Total,From 15 to 64 years,Percentage,"Less than primary, primary and lower secondary education (levels 0-2)",European Union - 27 countries (from 2020),2016,27.4,,
ESTAT:EDAT_LFSE_03(1.0),14/04/25 23:00:00,Annual,Total,From 15 to 64 years,Percentage,"Less than primary, primary and lower secondary education (levels 0-2)",European Union - 27 countries (from 2020),2017,26.9,,
ESTAT:EDAT_LFSE_03(1.0),14/04/25 23:00:00,Annual,Total,From 15 to 64 years,Percentage,"Less than primary, primary and lower secondary education (levels 0-2)",European Union - 27 countries (from 2020),2018,26.3,,
ESTAT:EDAT_LFSE_03(1.0),14/04/25 23:00:00,Annual,Total,From 15 to 64 years,Percentage,"Less than primary, primary and lower secondary education (levels 0-2)",European Union - 27 countries (from 2020),2019,25.7,,
ESTAT:EDAT_LFSE_03(1.0),14/04/25 23:00:00,Annual,Total,From 15 to 64 years,Percentage,"Less than primary, primary and lower secondary education (levels 0-2)",European Union - 27 countries (from 2020),2020,25.1,,
ESTAT:EDAT_LFSE_03(1.0),14/04/25 23:00:00,Annual,Total,From 15 to 64 years,Percentage,"Less than primary, primary and lower secondary education (levels 0-2)",European Union - 27 countries (from 2020),2021,25.1,b,
ESTAT:EDAT_LFSE_03(1.0),14/04/25 23:00:00,Annual,Total,From 15 to 64 years,Percentage,"Less than primary, primary and lower secondary education (levels 0-2)",European Union - 27 countries (from 2020),2022,25.0,,
ESTAT:EDAT_LFSE_03(1.0),14/04/25 23:00:00,Annual,Total,From 15 to 64 years,Percentage,"Less than primary, primary and lower secondary education (levels 0-2)",European Union - 27 countries (from 2020),2023,24.7,,
ESTAT:EDAT_LFSE_03(1.0),14/04/25 23:00:00,Annual,Total,From 15 to 64 years,Percentage,"Less than primary, primary and lower secondary education (levels 0-2)",European Union - 27 countries (from 2020),2024,24.2,,
ESTAT:EDAT_LFSE_03(1.0),14/04/25 23:00:00,Annual,Total,From 15 to 64 years,Percentage,"Less than primary, primary and lower secondary education (levels 0-2)",Finland,2015,19.2,,
ESTAT:EDAT_LFSE_03(1.0),14/04/25 23:00:00,Annual,Total,From 15 to 64 years,Percentage,"Less than primary, primary and lower secondary education (levels 0-2)",Finland,2016,18.6,,
ESTAT:EDAT_LFSE_03(1.0),14/04/25 23:00:00,Annual,Total,From 15 to 64 years,Percentage,"Less than primary, primary and lower secondary education (levels 0-2)",Finland,2017,18.4,,
ESTAT:EDAT_LFSE_03(1.0),14/04/25 23:00:00,Annual,Total,From 15 to 64 years,Percentage,"Less than primary, primary and lower secondary education (levels 0-2)",Finland,2018,17.7,,
ESTAT:EDAT_LFSE_03(1.0),14/04/25 23:00:00,Annual,Total,From 15 to 64 years,Percentage,"Less than primary, primary and lower secondary education (levels 0-2)",Finland,2019,16.9,,
ESTAT:EDAT_LFSE_03(1.0),14/04/25 23:00:00,Annual,Total,From 15 to 64 years,Percentage,"Less than primary, primary and lower secondary education (levels 0-2)",Finland,2020,15.9,,
ESTAT:EDAT_LFSE_03(1.0),14/04/25 23:00:00,Annual,Total,From 15 to 64 years,Percentage,"Less than primary, primary and lower secondary education (levels 0-2)",Finland,2021,18.2,b,
ESTAT:EDAT_LFSE_03(1.0),14/04/25 23:00:00,Annual,Total,From 15 to 64 years,Percentage,"Less than primary, primary and lower secondary education (levels 0-2)",Finland,2022,18.1,,
ESTAT:EDAT_LFSE_03(1.0),14/04/25 23:00:00,Annual,Total,From 15 to 64 years,Percentage,"Less than primary, primary and lower secondary education (levels 0-2)",Finland,2023,18.5,,
ESTAT:EDAT_LFSE_03(1.0),14/04/25 23:00:00,Annual,Total,From 15 to 64 years,Percentage,"Less than primary, primary and lower secondary education (levels 0-2)",Finland,2024,18.7,,
ESTAT:EDAT_LFSE_03(1.0),14/04/25 23:00:00,Annual,Total,From 15 to 64 years,Percentage,"Less than primary, primary and lower secondary education (levels 0-2)",France,2015,25.9,,
ESTAT:EDAT_LFSE_03(1.0),14/04/25 23:00:00,Annual,Total,From 15 to 64 years,Percentage,"Less than primary, primary and lower secondary education (levels 0-2)",France,2016,25.5,,
ESTAT:EDAT_LFSE_03(1.0),14/04/25 23:00:00,Annual,Total,From 15 to 64 years,Percentage,"Less than primary, primary and lower secondary education (levels 0-2)",France,2017,25.2,,
ESTAT:EDAT_LFSE_03(1.0),14/04/25 23:00:00,Annual,Total,From 15 to 64 years,Percentage,"Less than primary, primary and lower secondary education (levels 0-2)",France,2018,24.4,,
ESTAT:EDAT_LFSE_03(1.0),14/04/25 23:00:00,Annual,Total,From 15 to 64 years,Percentage,"Less than primary, primary and lower secondary education (levels 0-2)",France,2019,23.4,,
ESTAT:EDAT_LFSE_03(1.0),14/04/25 23:00:00,Annual,Total,From 15 to 64 years,Percentage,"Less than primary, primary and lower secondary education (levels 0-2)",France,2020,22.3,,
ESTAT:EDAT_LFSE_03(1.0),14/04/25 23:00:00,Annual,Total,From 15 to 64 years,Percentage,"Less than primary, primary and lower secondary education (levels 0-2)",France,2021,22.1,b,
ESTAT:EDAT_LFSE_03(1.0),14/04/25 23:00:00,Annual,Total,From 15 to 64 years,Percentage,"Less than primary, primary and lower secondary education (levels 0-2)",France,2022,21.3,,
ESTAT:EDAT_LFSE_03(1.0),14/04/25 23:00:00,Annual,Total,From 15 to 64 years,Percentage,"Less than primary, primary and lower secondary education (levels 0-2)",France,2023,21.1,,
ESTAT:EDAT_LFSE_03(1.0),14/04/25 23:00:00,Annual,Total,From 15 to 64 years,Percentage,"Less than primary, primary and lower secondary education (levels 0-2)",France,2024,20.9,,
ESTAT:EDAT_LFSE_03(1.0),14/04/25 23:00:00,Annual,Total,From 15 to 64 years,Percentage,"Less than primary, primary and lower secondary education (levels 0-2)",Croatia,2015,20.4,,
ESTAT:EDAT_LFSE_03(1.0),14/04/25 23:00:00,Annual,Total,From 15 to 64 years,Percentage,"Less than primary, primary and lower secondary education (levels 0-2)",Croatia,2016,20.7,,
ESTAT:EDAT_LFSE_03(1.0),14/04/25 23:00:00,Annual,Total,From 15 to 64 years,Percentage,"Less than primary, primary and lower secondary education (levels 0-2)",Croatia,2017,19.8,,
ESTAT:EDAT_LFSE_03(1.0),14/04/25 23:00:00,Annual,Total,From 15 to 64 years,Percentage,"Less than primary, primary and lower secondary education (levels 0-2)",Croatia,2018,18.6,,
ESTAT:EDAT_LFSE_03(1.0),14/04/25 23:00:00,Annual,Total,From 15 to 64 years,Percentage,"Less than primary, primary and lower secondary education (levels 0-2)",Croatia,2019,18.0,,
ESTAT:EDAT_LFSE_03(1.0),14/04/25 23:00:00,Annual,Total,From 15 to 64 years,Percentage,"Less than primary, primary and lower secondary education (levels 0-2)",Croatia,2020,17.4,,
ESTAT:EDAT_LFSE_03(1.0),14/04/25 23:00:00,Annual,Total,From 15 to 64 years,Percentage,"Less than primary, primary and lower secondary education (levels 0-2)",Croatia,2021,16.8,b,
ESTAT:EDAT_LFSE_03(1.0),14/04/25 23:00:00,Annual,Total,From 15 to 64 years,Percentage,"Less than primary, primary and lower secondary education (levels 0-2)",Croatia,2022,16.0,,
ESTAT:EDAT_LFSE_03(1.0),14/04/25 23:00:00,Annual,Total,From 15 to 64 years,Percentage,"Less than primary, primary and lower secondary education (levels 0-2)",Croatia,2023,15.2,,
ESTAT:EDAT_LFSE_03(1.0),14/04/25 23:00:00,Annual,Total,From 15 to 64 years,Percentage,"Less than primary, primary and lower secondary education (levels 0-2)",Croatia,2024,14.4,,
ESTAT:EDAT_LFSE_03(1.0),14/04/25 23:00:00,Annual,Total,From 15 to 64 years,Percentage,"Less than primary, primary and lower secondary education (levels 0-2)",Hungary,2015,21.9,,
ESTAT:EDAT_LFSE_03(1.0),14/04/25 23:00:00,Annual,Total,From 15 to 64 years,Percentage,"Less than primary, primary and lower secondary education (levels 0-2)",Hungary,2016,21.8,,
ESTAT:EDAT_LFSE_03(1.0),14/04/25 23:00:00,Annual,Total,From 15 to 64 years,Percentage,"Less than primary, primary and lower secondary education (levels 0-2)",Hungary,2017,21.1,,
ESTAT:EDAT_LFSE_03(1.0),14/04/25 23:00:00,Annual,Total,From 15 to 64 years,Percentage,"Less than primary, primary and lower secondary education (levels 0-2)",Hungary,2018,20.1,b,
ESTAT:EDAT_LFSE_03(1.0),14/04/25 23:00:00,Annual,Total,From 15 to 64 years,Percentage,"Less than primary, primary and lower secondary education (levels 0-2)",Hungary,2019,19.9,,
ESTAT:EDAT_LFSE_03(1.0),14/04/25 23:00:00,Annual,Total,From 15 to 64 years,Percentage,"Less than primary, primary and lower secondary education (levels 0-2)",Hungary,2020,19.6,,
ESTAT:EDAT_LFSE_03(1.0),14/04/25 23:00:00,Annual,Total,From 15 to 64 years,Percentage,"Less than primary, primary and lower secondary education (levels 0-2)",Hungary,2021,19.1,b,
ESTAT:EDAT_LFSE_03(1.0),14/04/25 23:00:00,Annual,Total,From 15 to 64 years,Percentage,"Less than primary, primary and lower secondary education (levels 0-2)",Hungary,2022,18.6,,
ESTAT:EDAT_LFSE_03(1.0),14/04/25 23:00:00,Annual,Total,From 15 to 64 years,Percentage,"Less than primary, primary and lower secondary education (levels 0-2)",Hungary,2023,18.1,,
ESTAT:EDAT_LFSE_03(1.0),14/04/25 23:00:00,Annual,Total,From 15 to 64 years,Percentage,"Less than primary, primary and lower secondary education (levels 0-2)",Hungary,2024,17.7,,
ESTAT:EDAT_LFSE_03(1.0),14/04/25 23:00:00,Annual,Total,From 15 to 64 years,Percentage,"Less than primary, primary and lower secondary education (levels 0-2)",Ireland,2015,23.5,,
ESTAT:EDAT_LFSE_03(1.0),14/04/25 23:00:00,Annual,Total,From 15 to 64 years,Percentage,"Less than primary, primary and lower secondary education (levels 0-2)",Ireland,2016,23.0,,
ESTAT:EDAT_LFSE_03(1.0),14/04/25 23:00:00,Annual,Total,From 15 to 64 years,Percentage,"Less than primary, primary and lower secondary education (levels 0-2)",Ireland,2017,21.8,b,
ESTAT:EDAT_LFSE_03(1.0),14/04/25 23:00:00,Annual,Total,From 15 to 64 years,Percentage,"Less than primary, primary and lower secondary education (levels 0-2)",Ireland,2018,21.5,,
ESTAT:EDAT_LFSE_03(1.0),14/04/25 23:00:00,Annual,Total,From 15 to 64 years,Percentage,"Less than primary, primary and lower secondary education (levels 0-2)",Ireland,2019,21.0,,
ESTAT:EDAT_LFSE_03(1.0),14/04/25 23:00:00,Annual,Total,From 15 to 64 years,Percentage,"Less than primary, primary and lower secondary education (levels 0-2)",Ireland,2020,19.6,,
ESTAT:EDAT_LFSE_03(1.0),14/04/25 23:00:00,Annual,Total,From 15 to 64 years,Percentage,"Less than primary, primary and lower secondary education (levels 0-2)",Ireland,2021,17.7,b,
ESTAT:EDAT_LFSE_03(1.0),14/04/25 23:00:00,Annual,Total,From 15 to 64 years,Percentage,"Less than primary, primary and lower secondary education (levels 0-2)",Ireland,2022,17.5,,
ESTAT:EDAT_LFSE_03(1.0),14/04/25 23:00:00,Annual,Total,From 15 to 64 years,Percentage,"Less than primary, primary and lower secondary education (levels 0-2)",Ireland,2023,17.4,,
ESTAT:EDAT_LFSE_03(1.0),14/04/25 23:00:00,Annual,Total,From 15 to 64 years,Percentage,"Less than primary, primary and lower secondary education (levels 0-2)",Ireland,2024,16.5,,
ESTAT:EDAT_LFSE_03(1.0),14/04/25 23:00:00,Annual,Total,From 15 to 64 years,Percentage,"Less than primary, primary and lower secondary education (levels 0-2)",Iceland,2015,32.5,,
ESTAT:EDAT_LFSE_03(1.0),14/04/25 23:00:00,Annual,Total,From 15 to 64 years,Percentage,"Less than primary, primary and lower secondary education (levels 0-2)",Iceland,2016,29.2,,
ESTAT:EDAT_LFSE_03(1.0),14/04/25 23:00:00,Annual,Total,From 15 to 64 years,Percentage,"Less than primary, primary and lower secondary education (levels 0-2)",Iceland,2017,29.7,,
ESTAT:EDAT_LFSE_03(1.0),14/04/25 23:00:00,Annual,Total,From 15 to 64 years,Percentage,"Less than primary, primary and lower secondary education (levels 0-2)",Iceland,2018,29.0,,
ESTAT:EDAT_LFSE_03(1.0),14/04/25 23:00:00,Annual,Total,From 15 to 64 years,Percentage,"Less than primary, primary and lower secondary education (levels 0-2)",Iceland,2019,27.6,,
ESTAT:EDAT_LFSE_03(1.0),14/04/25 23:00:00,Annual,Total,From 15 to 64 years,Percentage,"Less than primary, primary and lower secondary education (levels 0-2)",Iceland,2020,27.6,b,
ESTAT:EDAT_LFSE_03(1.0),14/04/25 23:00:00,Annual,Total,From 15 to 64 years,Percentage,"Less than primary, primary and lower secondary education (levels 0-2)",Iceland,2021,24.8,b,
ESTAT:EDAT_LFSE_03(1.0),14/04/25 23:00:00,Annual,Total,From 15 to 64 years,Percentage,"Less than primary, primary and lower secondary education (levels 0-2)",Iceland,2022,25.3,,
ESTAT:EDAT_LFSE_03(1.0),14/04/25 23:00:00,Annual,Total,From 15 to 64 years,Percentage,"Less than primary, primary and lower secondary education (levels 0-2)",Iceland,2023,23.8,,
ESTAT:EDAT_LFSE_03(1.0),14/04/25 23:00:00,Annual,Total,From 15 to 64 years,Percentage,"Less than primary, primary and lower secondary education (levels 0-2)",Iceland,2024,23.1,,
ESTAT:EDAT_LFSE_03(1.0),14/04/25 23:00:00,Annual,Total,From 15 to 64 years,Percentage,"Less than primary, primary and lower secondary education (levels 0-2)",Italy,2015,41.9,,
ESTAT:EDAT_LFSE_03(1.0),14/04/25 23:00:00,Annual,Total,From 15 to 64 years,Percentage,"Less than primary, primary and lower secondary education (levels 0-2)",Italy,2016,41.6,,
ESTAT:EDAT_LFSE_03(1.0),14/04/25 23:00:00,Annual,Total,From 15 to 64 years,Percentage,"Less than primary, primary and lower secondary education (levels 0-2)",Italy,2017,40.9,,
ESTAT:EDAT_LFSE_03(1.0),14/04/25 23:00:00,Annual,Total,From 15 to 64 years,Percentage,"Less than primary, primary and lower secondary education (levels 0-2)",Italy,2018,40.2,b,
ESTAT:EDAT_LFSE_03(1.0),14/04/25 23:00:00,Annual,Total,From 15 to 64 years,Percentage,"Less than primary, primary and lower secondary education (levels 0-2)",Italy,2019,39.7,,
ESTAT:EDAT_LFSE_03(1.0),14/04/25 23:00:00,Annual,Total,From 15 to 64 years,Percentage,"Less than primary, primary and lower secondary education (levels 0-2)",Italy,2020,39.5,,
ESTAT:EDAT_LFSE_03(1.0),14/04/25 23:00:00,Annual,Total,From 15 to 64 years,Percentage,"Less than primary, primary and lower secondary education (levels 0-2)",Italy,2021,39.2,b,
ESTAT:EDAT_LFSE_03(1.0),14/04/25 23:00:00,Annual,Total,From 15 to 64 years,Percentage,"Less than primary, primary and lower secondary education (levels 0-2)",Italy,2022,38.8,,
ESTAT:EDAT_LFSE_03(1.0),14/04/25 23:00:00,Annual,Total,From 15 to 64 years,Percentage,"Less than primary, primary and lower secondary education (levels 0-2)",Italy,2023,36.7,,
ESTAT:EDAT_LFSE_03(1.0),14/04/25 23:00:00,Annual,Total,From 15 to 64 years,Percentage,"Less than primary, primary and lower secondary education (levels 0-2)",Italy,2024,35.7,,
ESTAT:EDAT_LFSE_03(1.0),14/04/25 23:00:00,Annual,Total,From 15 to 64 years,Percentage,"Less than primary, primary and lower secondary education (levels 0-2)",Lithuania,2015,13.8,,
ESTAT:EDAT_LFSE_03(1.0),14/04/25 23:00:00,Annual,Total,From 15 to 64 years,Percentage,"Less than primary, primary and lower secondary education (levels 0-2)",Lithuania,2016,12.4,,
ESTAT:EDAT_LFSE_03(1.0),14/04/25 23:00:00,Annual,Total,From 15 to 64 years,Percentage,"Less than primary, primary and lower secondary education (levels 0-2)",Lithuania,2017,12.0,,
ESTAT:EDAT_LFSE_03(1.0),14/04/25 23:00:00,Annual,Total,From 15 to 64 years,Percentage,"Less than primary, primary and lower secondary education (levels 0-2)",Lithuania,2018,11.7,,
ESTAT:EDAT_LFSE_03(1.0),14/04/25 23:00:00,Annual,Total,From 15 to 64 years,Percentage,"Less than primary, primary and lower secondary education (levels 0-2)",Lithuania,2019,11.1,,
ESTAT:EDAT_LFSE_03(1.0),14/04/25 23:00:00,Annual,Total,From 15 to 64 years,Percentage,"Less than primary, primary and lower secondary education (levels 0-2)",Lithuania,2020,10.8,,
ESTAT:EDAT_LFSE_03(1.0),14/04/25 23:00:00,Annual,Total,From 15 to 64 years,Percentage,"Less than primary, primary and lower secondary education (levels 0-2)",Lithuania,2021,10.9,b,
ESTAT:EDAT_LFSE_03(1.0),14/04/25 23:00:00,Annual,Total,From 15 to 64 years,Percentage,"Less than primary, primary and lower secondary education (levels 0-2)",Lithuania,2022,11.3,,
ESTAT:EDAT_LFSE_03(1.0),14/04/25 23:00:00,Annual,Total,From 15 to 64 years,Percentage,"Less than primary, primary and lower secondary education (levels 0-2)",Lithuania,2023,11.6,,
ESTAT:EDAT_LFSE_03(1.0),14/04/25 23:00:00,Annual,Total,From 15 to 64 years,Percentage,"Less than primary, primary and lower secondary education (levels 0-2)",Lithuania,2024,11.9,,
ESTAT:EDAT_LFSE_03(1.0),14/04/25 23:00:00,Annual,Total,From 15 to 64 years,Percentage,"Less than primary, primary and lower secondary education (levels 0-2)",Luxembourg,2015,30.3,b,
ESTAT:EDAT_LFSE_03(1.0),14/04/25 23:00:00,Annual,Total,From 15 to 64 years,Percentage,"Less than primary, primary and lower secondary education (levels 0-2)",Luxembourg,2016,28.2,u,
ESTAT:EDAT_LFSE_03(1.0),14/04/25 23:00:00,Annual,Total,From 15 to 64 years,Percentage,"Less than primary, primary and lower secondary education (levels 0-2)",Luxembourg,2017,30.5,u,
ESTAT:EDAT_LFSE_03(1.0),14/04/25 23:00:00,Annual,Total,From 15 to 64 years,Percentage,"Less than primary, primary and lower secondary education (levels 0-2)",Luxembourg,2018,27.6,,
ESTAT:EDAT_LFSE_03(1.0),14/04/25 23:00:00,Annual,Total,From 15 to 64 years,Percentage,"Less than primary, primary and lower secondary education (levels 0-2)",Luxembourg,2019,26.7,,
ESTAT:EDAT_LFSE_03(1.0),14/04/25 23:00:00,Annual,Total,From 15 to 64 years,Percentage,"Less than primary, primary and lower secondary education (levels 0-2)",Luxembourg,2020,27.2,,
ESTAT:EDAT_LFSE_03(1.0),14/04/25 23:00:00,Annual,Total,From 15 to 64 years,Percentage,"Less than primary, primary and lower secondary education (levels 0-2)",Luxembourg,2021,25.1,b,
ESTAT:EDAT_LFSE_03(1.0),14/04/25 23:00:00,Annual,Total,From 15 to 64 years,Percentage,"Less than primary, primary and lower secondary education (levels 0-2)",Luxembourg,2022,24.2,,
ESTAT:EDAT_LFSE_03(1.0),14/04/25 23:00:00,Annual,Total,From 15 to 64 years,Percentage,"Less than primary, primary and lower secondary education (levels 0-2)",Luxembourg,2023,23.7,,
ESTAT:EDAT_LFSE_03(1.0),14/04/25 23:00:00,Annual,Total,From 15 to 64 years,Percentage,"Less than primary, primary and lower secondary education (levels 0-2)",Luxembourg,2024,22.8,,
ESTAT:EDAT_LFSE_03(1.0),14/04/25 23:00:00,Annual,Total,From 15 to 64 years,Percentage,"Less than primary, primary and lower secondary education (levels 0-2)",Latvia,2015,15.6,,
ESTAT:EDAT_LFSE_03(1.0),14/04/25 23:00:00,Annual,Total,From 15 to 64 years,Percentage,"Less than primary, primary and lower secondary education (levels 0-2)",Latvia,2016,14.9,,
ESTAT:EDAT_LFSE_03(1.0),14/04/25 23:00:00,Annual,Total,From 15 to 64 years,Percentage,"Less than primary, primary and lower secondary education (levels 0-2)",Latvia,2017,15.2,,
ESTAT:EDAT_LFSE_03(1.0),14/04/25 23:00:00,Annual,Total,From 15 to 64 years,Percentage,"Less than primary, primary and lower secondary education (levels 0-2)",Latvia,2018,15.3,,
ESTAT:EDAT_LFSE_03(1.0),14/04/25 23:00:00,Annual,Total,From 15 to 64 years,Percentage,"Less than primary, primary and lower secondary education (levels 0-2)",Latvia,2019,14.9,,
ESTAT:EDAT_LFSE_03(1.0),14/04/25 23:00:00,Annual,Total,From 15 to 64 years,Percentage,"Less than primary, primary and lower secondary education (levels 0-2)",Latvia,2020,14.6,,
ESTAT:EDAT_LFSE_03(1.0),14/04/25 23:00:00,Annual,Total,From 15 to 64 years,Percentage,"Less than primary, primary and lower secondary education (levels 0-2)",Latvia,2021,14.2,b,
ESTAT:EDAT_LFSE_03(1.0),14/04/25 23:00:00,Annual,Total,From 15 to 64 years,Percentage,"Less than primary, primary and lower secondary education (levels 0-2)",Latvia,2022,14.9,,
ESTAT:EDAT_LFSE_03(1.0),14/04/25 23:00:00,Annual,Total,From 15 to 64 years,Percentage,"Less than primary, primary and lower secondary education (levels 0-2)",Latvia,2023,16.0,,
ESTAT:EDAT_LFSE_03(1.0),14/04/25 23:00:00,Annual,Total,From 15 to 64 years,Percentage,"Less than primary, primary and lower secondary education (levels 0-2)",Latvia,2024,16.5,,
ESTAT:EDAT_LFSE_03(1.0),14/04/25 23:00:00,Annual,Total,From 15 to 64 years,Percentage,"Less than primary, primary and lower secondary education (levels 0-2)",Montenegro,2015,19.5,,
ESTAT:EDAT_LFSE_03(1.0),14/04/25 23:00:00,Annual,Total,From 15 to 64 years,Percentage,"Less than primary, primary and lower secondary education (levels 0-2)",Montenegro,2016,19.6,,
ESTAT:EDAT_LFSE_03(1.0),14/04/25 23:00:00,Annual,Total,From 15 to 64 years,Percentage,"Less than primary, primary and lower secondary education (levels 0-2)",Montenegro,2017,19.5,,
ESTAT:EDAT_LFSE_03(1.0),14/04/25 23:00:00,Annual,Total,From 15 to 64 years,Percentage,"Less than primary, primary and lower secondary education (levels 0-2)",Montenegro,2018,18.6,,
ESTAT:EDAT_LFSE_03(1.0),14/04/25 23:00:00,Annual,Total,From 15 to 64 years,Percentage,"Less than primary, primary and lower secondary education (levels 0-2)",Montenegro,2019,17.4,,
ESTAT:EDAT_LFSE_03(1.0),14/04/25 23:00:00,Annual,Total,From 15 to 64 years,Percentage,"Less than primary, primary and lower secondary education (levels 0-2)",Montenegro,2020,17.9,,
ESTAT:EDAT_LFSE_03(1.0),14/04/25 23:00:00,Annual,Total,From 15 to 64 years,Percentage,"Less than primary, primary and lower secondary education (levels 0-2)",North Macedonia,2015,35.3,,
ESTAT:EDAT_LFSE_03(1.0),14/04/25 23:00:00,Annual,Total,From 15 to 64 years,Percentage,"Less than primary, primary and lower secondary education (levels 0-2)",North Macedonia,2016,33.4,,
ESTAT:EDAT_LFSE_03(1.0),14/04/25 23:00:00,Annual,Total,From 15 to 64 years,Percentage,"Less than primary, primary and lower secondary education (levels 0-2)",North Macedonia,2017,32.0,,
ESTAT:EDAT_LFSE_03(1.0),14/04/25 23:00:00,Annual,Total,From 15 to 64 years,Percentage,"Less than primary, primary and lower secondary education (levels 0-2)",North Macedonia,2018,31.6,,
ESTAT:EDAT_LFSE_03(1.0),14/04/25 23:00:00,Annual,Total,From 15 to 64 years,Percentage,"Less than primary, primary and lower secondary education (levels 0-2)",North Macedonia,2019,30.6,,
ESTAT:EDAT_LFSE_03(1.0),14/04/25 23:00:00,Annual,Total,From 15 to 64 years,Percentage,"Less than primary, primary and lower secondary education (levels 0-2)",North Macedonia,2020,29.7,,
ESTAT:EDAT_LFSE_03(1.0),14/04/25 23:00:00,Annual,Total,From 15 to 64 years,Percentage,"Less than primary, primary and lower secondary education (levels 0-2)",Malta,2015,48.9,,
ESTAT:EDAT_LFSE_03(1.0),14/04/25 23:00:00,Annual,Total,From 15 to 64 years,Percentage,"Less than primary, primary and lower secondary education (levels 0-2)",Malta,2016,46.3,,
ESTAT:EDAT_LFSE_03(1.0),14/04/25 23:00:00,Annual,Total,From 15 to 64 years,Percentage,"Less than primary, primary and lower secondary education (levels 0-2)",Malta,2017,44.2,,
ESTAT:EDAT_LFSE_03(1.0),14/04/25 23:00:00,Annual,Total,From 15 to 64 years,Percentage,"Less than primary, primary and lower secondary education (levels 0-2)",Malta,2018,41.0,,
ESTAT:EDAT_LFSE_03(1.0),14/04/25 23:00:00,Annual,Total,From 15 to 64 years,Percentage,"Less than primary, primary and lower secondary education (levels 0-2)",Malta,2019,38.8,,
ESTAT:EDAT_LFSE_03(1.0),14/04/25 23:00:00,Annual,Total,From 15 to 64 years,Percentage,"Less than primary, primary and lower secondary education (levels 0-2)",Malta,2020,36.9,,
ESTAT:EDAT_LFSE_03(1.0),14/04/25 23:00:00,Annual,Total,From 15 to 64 years,Percentage,"Less than primary, primary and lower secondary education (levels 0-2)",Malta,2021,34.0,b,
ESTAT:EDAT_LFSE_03(1.0),14/04/25 23:00:00,Annual,Total,From 15 to 64 years,Percentage,"Less than primary, primary and lower secondary education (levels 0-2)",Malta,2022,31.5,,
ESTAT:EDAT_LFSE_03(1.0),14/04/25 23:00:00,Annual,Total,From 15 to 64 years,Percentage,"Less than primary, primary and lower secondary education (levels 0-2)",Malta,2023,29.6,,
ESTAT:EDAT_LFSE_03(1.0),14/04/25 23:00:00,Annual,Total,From 15 to 64 years,Percentage,"Less than primary, primary and lower secondary education (levels 0-2)",Malta,2024,29.3,,
ESTAT:EDAT_LFSE_03(1.0),14/04/25 23:00:00,Annual,Total,From 15 to 64 years,Percentage,"Less than primary, primary and lower secondary education (levels 0-2)",Netherlands,2015,28.4,,
ESTAT:EDAT_LFSE_03(1.0),14/04/25 23:00:00,Annual,Total,From 15 to 64 years,Percentage,"Less than primary, primary and lower secondary education (levels 0-2)",Netherlands,2016,27.9,,
ESTAT:EDAT_LFSE_03(1.0),14/04/25 23:00:00,Annual,Total,From 15 to 64 years,Percentage,"Less than primary, primary and lower secondary education (levels 0-2)",Netherlands,2017,26.6,,
ESTAT:EDAT_LFSE_03(1.0),14/04/25 23:00:00,Annual,Total,From 15 to 64 years,Percentage,"Less than primary, primary and lower secondary education (levels 0-2)",Netherlands,2018,26.0,,
ESTAT:EDAT_LFSE_03(1.0),14/04/25 23:00:00,Annual,Total,From 15 to 64 years,Percentage,"Less than primary, primary and lower secondary education (levels 0-2)",Netherlands,2019,25.5,b,
ESTAT:EDAT_LFSE_03(1.0),14/04/25 23:00:00,Annual,Total,From 15 to 64 years,Percentage,"Less than primary, primary and lower secondary education (levels 0-2)",Netherlands,2020,24.0,,
ESTAT:EDAT_LFSE_03(1.0),14/04/25 23:00:00,Annual,Total,From 15 to 64 years,Percentage,"Less than primary, primary and lower secondary education (levels 0-2)",Netherlands,2021,23.6,b,
ESTAT:EDAT_LFSE_03(1.0),14/04/25 23:00:00,Annual,Total,From 15 to 64 years,Percentage,"Less than primary, primary and lower secondary education (levels 0-2)",Netherlands,2022,23.0,,
ESTAT:EDAT_LFSE_03(1.0),14/04/25 23:00:00,Annual,Total,From 15 to 64 years,Percentage,"Less than primary, primary and lower secondary education (levels 0-2)",Netherlands,2023,23.6,,
ESTAT:EDAT_LFSE_03(1.0),14/04/25 23:00:00,Annual,Total,From 15 to 64 years,Percentage,"Less than primary, primary and lower secondary education (levels 0-2)",Netherlands,2024,23.7,,
ESTAT:EDAT_LFSE_03(1.0),14/04/25 23:00:00,Annual,Total,From 15 to 64 years,Percentage,"Less than primary, primary and lower secondary education (levels 0-2)",Norway,2015,24.3,,
ESTAT:EDAT_LFSE_03(1.0),14/04/25 23:00:00,Annual,Total,From 15 to 64 years,Percentage,"Less than primary, primary and lower secondary education (levels 0-2)",Norway,2016,24.9,,
ESTAT:EDAT_LFSE_03(1.0),14/04/25 23:00:00,Annual,Total,From 15 to 64 years,Percentage,"Less than primary, primary and lower secondary education (levels 0-2)",Norway,2017,24.9,,
ESTAT:EDAT_LFSE_03(1.0),14/04/25 23:00:00,Annual,Total,From 15 to 64 years,Percentage,"Less than primary, primary and lower secondary education (levels 0-2)",Norway,2018,23.9,,
ESTAT:EDAT_LFSE_03(1.0),14/04/25 23:00:00,Annual,Total,From 15 to 64 years,Percentage,"Less than primary, primary and lower secondary education (levels 0-2)",Norway,2019,23.7,,
ESTAT:EDAT_LFSE_03(1.0),14/04/25 23:00:00,Annual,Total,From 15 to 64 years,Percentage,"Less than primary, primary and lower secondary education (levels 0-2)",Norway,2020,23.5,,
ESTAT:EDAT_LFSE_03(1.0),14/04/25 23:00:00,Annual,Total,From 15 to 64 years,Percentage,"Less than primary, primary and lower secondary education (levels 0-2)",Norway,2021,24.7,b,
ESTAT:EDAT_LFSE_03(1.0),14/04/25 23:00:00,Annual,Total,From 15 to 64 years,Percentage,"Less than primary, primary and lower secondary education (levels 0-2)",Norway,2022,25.0,,
ESTAT:EDAT_LFSE_03(1.0),14/04/25 23:00:00,Annual,Total,From 15 to 64 years,Percentage,"Less than primary, primary and lower secondary education (levels 0-2)",Norway,2023,24.1,,
ESTAT:EDAT_LFSE_03(1.0),14/04/25 23:00:00,Annual,Total,From 15 to 64 years,Percentage,"Less than primary, primary and lower secondary education (levels 0-2)",Norway,2024,24.0,,
ESTAT:EDAT_LFSE_03(1.0),14/04/25 23:00:00,Annual,Total,From 15 to 64 years,Percentage,"Less than primary, primary and lower secondary education (levels 0-2)",Poland,2015,15.2,,
ESTAT:EDAT_LFSE_03(1.0),14/04/25 23:00:00,Annual,Total,From 15 to 64 years,Percentage,"Less than primary, primary and lower secondary education (levels 0-2)",Poland,2016,14.6,,
ESTAT:EDAT_LFSE_03(1.0),14/04/25 23:00:00,Annual,Total,From 15 to 64 years,Percentage,"Less than primary, primary and lower secondary education (levels 0-2)",Poland,2017,13.9,,
ESTAT:EDAT_LFSE_03(1.0),14/04/25 23:00:00,Annual,Total,From 15 to 64 years,Percentage,"Less than primary, primary and lower secondary education (levels 0-2)",Poland,2018,13.5,,
ESTAT:EDAT_LFSE_03(1.0),14/04/25 23:00:00,Annual,Total,From 15 to 64 years,Percentage,"Less than primary, primary and lower secondary education (levels 0-2)",Poland,2019,13.2,,
ESTAT:EDAT_LFSE_03(1.0),14/04/25 23:00:00,Annual,Total,From 15 to 64 years,Percentage,"Less than primary, primary and lower secondary education (levels 0-2)",Poland,2020,12.9,,
ESTAT:EDAT_LFSE_03(1.0),14/04/25 23:00:00,Annual,Total,From 15 to 64 years,Percentage,"Less than primary, primary and lower secondary education (levels 0-2)",Poland,2021,12.9,b,
ESTAT:EDAT_LFSE_03(1.0),14/04/25 23:00:00,Annual,Total,From 15 to 64 years,Percentage,"Less than primary, primary and lower secondary education (levels 0-2)",Poland,2022,12.7,,
ESTAT:EDAT_LFSE_03(1.0),14/04/25 23:00:00,Annual,Total,From 15 to 64 years,Percentage,"Less than primary, primary and lower secondary education (levels 0-2)",Poland,2023,12.0,,
ESTAT:EDAT_LFSE_03(1.0),14/04/25 23:00:00,Annual,Total,From 15 to 64 years,Percentage,"Less than primary, primary and lower secondary education (levels 0-2)",Poland,2024,11.8,,
ESTAT:EDAT_LFSE_03(1.0),14/04/25 23:00:00,Annual,Total,From 15 to 64 years,Percentage,"Less than primary, primary and lower secondary education (levels 0-2)",Portugal,2015,54.3,,
ESTAT:EDAT_LFSE_03(1.0),14/04/25 23:00:00,Annual,Total,From 15 to 64 years,Percentage,"Less than primary, primary and lower secondary education (levels 0-2)",Portugal,2016,52.9,,
ESTAT:EDAT_LFSE_03(1.0),14/04/25 23:00:00,Annual,Total,From 15 to 64 years,Percentage,"Less than primary, primary and lower secondary education (levels 0-2)",Portugal,2017,51.6,,
ESTAT:EDAT_LFSE_03(1.0),14/04/25 23:00:00,Annual,Total,From 15 to 64 years,Percentage,"Less than primary, primary and lower secondary education (levels 0-2)",Portugal,2018,49.9,,
ESTAT:EDAT_LFSE_03(1.0),14/04/25 23:00:00,Annual,Total,From 15 to 64 years,Percentage,"Less than primary, primary and lower secondary education (levels 0-2)",Portugal,2019,47.5,,
ESTAT:EDAT_LFSE_03(1.0),14/04/25 23:00:00,Annual,Total,From 15 to 64 years,Percentage,"Less than primary, primary and lower secondary education (levels 0-2)",Portugal,2020,45.4,,
ESTAT:EDAT_LFSE_03(1.0),14/04/25 23:00:00,Annual,Total,From 15 to 64 years,Percentage,"Less than primary, primary and lower secondary education (levels 0-2)",Portugal,2021,42.6,b,
ESTAT:EDAT_LFSE_03(1.0),14/04/25 23:00:00,Annual,Total,From 15 to 64 years,Percentage,"Less than primary, primary and lower secondary education (levels 0-2)",Portugal,2022,41.5,,
ESTAT:EDAT_LFSE_03(1.0),14/04/25 23:00:00,Annual,Total,From 15 to 64 years,Percentage,"Less than primary, primary and lower secondary education (levels 0-2)",Portugal,2023,41.1,,
ESTAT:EDAT_LFSE_03(1.0),14/04/25 23:00:00,Annual,Total,From 15 to 64 years,Percentage,"Less than primary, primary and lower secondary education (levels 0-2)",Portugal,2024,38.7,,
ESTAT:EDAT_LFSE_03(1.0),14/04/25 23:00:00,Annual,Total,From 15 to 64 years,Percentage,"Less than primary, primary and lower secondary education (levels 0-2)",Romania,2015,29.4,,
ESTAT:EDAT_LFSE_03(1.0),14/04/25 23:00:00,Annual,Total,From 15 to 64 years,Percentage,"Less than primary, primary and lower secondary education (levels 0-2)",Romania,2016,28.0,,
ESTAT:EDAT_LFSE_03(1.0),14/04/25 23:00:00,Annual,Total,From 15 to 64 years,Percentage,"Less than primary, primary and lower secondary education (levels 0-2)",Romania,2017,27.0,,
ESTAT:EDAT_LFSE_03(1.0),14/04/25 23:00:00,Annual,Total,From 15 to 64 years,Percentage,"Less than primary, primary and lower secondary education (levels 0-2)",Romania,2018,26.3,,
ESTAT:EDAT_LFSE_03(1.0),14/04/25 23:00:00,Annual,Total,From 15 to 64 years,Percentage,"Less than primary, primary and lower secondary education (levels 0-2)",Romania,2019,25.1,,
ESTAT:EDAT_LFSE_03(1.0),14/04/25 23:00:00,Annual,Total,From 15 to 64 years,Percentage,"Less than primary, primary and lower secondary education (levels 0-2)",Romania,2020,23.7,,
ESTAT:EDAT_LFSE_03(1.0),14/04/25 23:00:00,Annual,Total,From 15 to 64 years,Percentage,"Less than primary, primary and lower secondary education (levels 0-2)",Romania,2021,21.6,b,
ESTAT:EDAT_LFSE_03(1.0),14/04/25 23:00:00,Annual,Total,From 15 to 64 years,Percentage,"Less than primary, primary and lower secondary education (levels 0-2)",Romania,2022,20.7,,
ESTAT:EDAT_LFSE_03(1.0),14/04/25 23:00:00,Annual,Total,From 15 to 64 years,Percentage,"Less than primary, primary and lower secondary education (levels 0-2)",Romania,2023,22.3,,
ESTAT:EDAT_LFSE_03(1.0),14/04/25 23:00:00,Annual,Total,From 15 to 64 years,Percentage,"Less than primary, primary and lower secondary education (levels 0-2)",Romania,2024,22.4,,
ESTAT:EDAT_LFSE_03(1.0),14/04/25 23:00:00,Annual,Total,From 15 to 64 years,Percentage,"Less than primary, primary and lower secondary education (levels 0-2)",Serbia,2015,23.6,,
ESTAT:EDAT_LFSE_03(1.0),14/04/25 23:00:00,Annual,Total,From 15 to 64 years,Percentage,"Less than primary, primary and lower secondary education (levels 0-2)",Serbia,2016,23.3,,
ESTAT:EDAT_LFSE_03(1.0),14/04/25 23:00:00,Annual,Total,From 15 to 64 years,Percentage,"Less than primary, primary and lower secondary education (levels 0-2)",Serbia,2017,23.0,,
ESTAT:EDAT_LFSE_03(1.0),14/04/25 23:00:00,Annual,Total,From 15 to 64 years,Percentage,"Less than primary, primary and lower secondary education (levels 0-2)",Serbia,2018,22.5,,
ESTAT:EDAT_LFSE_03(1.0),14/04/25 23:00:00,Annual,Total,From 15 to 64 years,Percentage,"Less than primary, primary and lower secondary education (levels 0-2)",Serbia,2019,22.1,,
ESTAT:EDAT_LFSE_03(1.0),14/04/25 23:00:00,Annual,Total,From 15 to 64 years,Percentage,"Less than primary, primary and lower secondary education (levels 0-2)",Serbia,2020,21.3,,
ESTAT:EDAT_LFSE_03(1.0),14/04/25 23:00:00,Annual,Total,From 15 to 64 years,Percentage,"Less than primary, primary and lower secondary education (levels 0-2)",Serbia,2021,21.5,b,
ESTAT:EDAT_LFSE_03(1.0),14/04/25 23:00:00,Annual,Total,From 15 to 64 years,Percentage,"Less than primary, primary and lower secondary education (levels 0-2)",Serbia,2022,20.5,,
ESTAT:EDAT_LFSE_03(1.0),14/04/25 23:00:00,Annual,Total,From 15 to 64 years,Percentage,"Less than primary, primary and lower secondary education (levels 0-2)",Serbia,2023,19.8,,
ESTAT:EDAT_LFSE_03(1.0),14/04/25 23:00:00,Annual,Total,From 15 to 64 years,Percentage,"Less than primary, primary and lower secondary education (levels 0-2)",Serbia,2024,19.1,,
ESTAT:EDAT_LFSE_03(1.0),14/04/25 23:00:00,Annual,Total,From 15 to 64 years,Percentage,"Less than primary, primary and lower secondary education (levels 0-2)",Sweden,2015,21.6,,
ESTAT:EDAT_LFSE_03(1.0),14/04/25 23:00:00,Annual,Total,From 15 to 64 years,Percentage,"Less than primary, primary and lower secondary education (levels 0-2)",Sweden,2016,21.1,,
ESTAT:EDAT_LFSE_03(1.0),14/04/25 23:00:00,Annual,Total,From 15 to 64 years,Percentage,"Less than primary, primary and lower secondary education (levels 0-2)",Sweden,2017,21.1,,
ESTAT:EDAT_LFSE_03(1.0),14/04/25 23:00:00,Annual,Total,From 15 to 64 years,Percentage,"Less than primary, primary and lower secondary education (levels 0-2)",Sweden,2018,20.9,b,
ESTAT:EDAT_LFSE_03(1.0),14/04/25 23:00:00,Annual,Total,From 15 to 64 years,Percentage,"Less than primary, primary and lower secondary education (levels 0-2)",Sweden,2019,20.8,,
ESTAT:EDAT_LFSE_03(1.0),14/04/25 23:00:00,Annual,Total,From 15 to 64 years,Percentage,"Less than primary, primary and lower secondary education (levels 0-2)",Sweden,2020,20.7,,
ESTAT:EDAT_LFSE_03(1.0),14/04/25 23:00:00,Annual,Total,From 15 to 64 years,Percentage,"Less than primary, primary and lower secondary education (levels 0-2)",Sweden,2021,20.2,b,
ESTAT:EDAT_LFSE_03(1.0),14/04/25 23:00:00,Annual,Total,From 15 to 64 years,Percentage,"Less than primary, primary and lower secondary education (levels 0-2)",Sweden,2022,19.5,,
ESTAT:EDAT_LFSE_03(1.0),14/04/25 23:00:00,Annual,Total,From 15 to 64 years,Percentage,"Less than primary, primary and lower secondary education (levels 0-2)",Sweden,2023,19.2,,
ESTAT:EDAT_LFSE_03(1.0),14/04/25 23:00:00,Annual,Total,From 15 to 64 years,Percentage,"Less than primary, primary and lower secondary education (levels 0-2)",Sweden,2024,19.0,,
ESTAT:EDAT_LFSE_03(1.0),14/04/25 23:00:00,Annual,Total,From 15 to 64 years,Percentage,"Less than primary, primary and lower secondary education (levels 0-2)",Slovenia,2015,17.4,,
ESTAT:EDAT_LFSE_03(1.0),14/04/25 23:00:00,Annual,Total,From 15 to 64 years,Percentage,"Less than primary, primary and lower secondary education (levels 0-2)",Slovenia,2016,17.2,,
ESTAT:EDAT_LFSE_03(1.0),14/04/25 23:00:00,Annual,Total,From 15 to 64 years,Percentage,"Less than primary, primary and lower secondary education (levels 0-2)",Slovenia,2017,16.7,,
ESTAT:EDAT_LFSE_03(1.0),14/04/25 23:00:00,Annual,Total,From 15 to 64 years,Percentage,"Less than primary, primary and lower secondary education (levels 0-2)",Slovenia,2018,16.4,,
ESTAT:EDAT_LFSE_03(1.0),14/04/25 23:00:00,Annual,Total,From 15 to 64 years,Percentage,"Less than primary, primary and lower secondary education (levels 0-2)",Slovenia,2019,15.8,,
ESTAT:EDAT_LFSE_03(1.0),14/04/25 23:00:00,Annual,Total,From 15 to 64 years,Percentage,"Less than primary, primary and lower secondary education (levels 0-2)",Slovenia,2020,14.5,,
ESTAT:EDAT_LFSE_03(1.0),14/04/25 23:00:00,Annual,Total,From 15 to 64 years,Percentage,"Less than primary, primary and lower secondary education (levels 0-2)",Slovenia,2021,13.3,b,
ESTAT:EDAT_LFSE_03(1.0),14/04/25 23:00:00,Annual,Total,From 15 to 64 years,Percentage,"Less than primary, primary and lower secondary education (levels 0-2)",Slovenia,2022,13.8,,
ESTAT:EDAT_LFSE_03(1.0),14/04/25 23:00:00,Annual,Total,From 15 to 64 years,Percentage,"Less than primary, primary and lower secondary education (levels 0-2)",Slovenia,2023,16.4,b,
ESTAT:EDAT_LFSE_03(1.0),14/04/25 23:00:00,Annual,Total,From 15 to 64 years,Percentage,"Less than primary, primary and lower secondary education (levels 0-2)",Slovenia,2024,16.2,,
ESTAT:EDAT_LFSE_03(1.0),14/04/25 23:00:00,Annual,Total,From 15 to 64 years,Percentage,"Less than primary, primary and lower secondary education (levels 0-2)",Slovakia,2015,14.6,,
ESTAT:EDAT_LFSE_03(1.0),14/04/25 23:00:00,Annual,Total,From 15 to 64 years,Percentage,"Less than primary, primary and lower secondary education (levels 0-2)",Slovakia,2016,14.3,,
ESTAT:EDAT_LFSE_03(1.0),14/04/25 23:00:00,Annual,Total,From 15 to 64 years,Percentage,"Less than primary, primary and lower secondary education (levels 0-2)",Slovakia,2017,14.8,,
ESTAT:EDAT_LFSE_03(1.0),14/04/25 23:00:00,Annual,Total,From 15 to 64 years,Percentage,"Less than primary, primary and lower secondary education (levels 0-2)",Slovakia,2018,14.4,,
ESTAT:EDAT_LFSE_03(1.0),14/04/25 23:00:00,Annual,Total,From 15 to 64 years,Percentage,"Less than primary, primary and lower secondary education (levels 0-2)",Slovakia,2019,14.5,,
ESTAT:EDAT_LFSE_03(1.0),14/04/25 23:00:00,Annual,Total,From 15 to 64 years,Percentage,"Less than primary, primary and lower secondary education (levels 0-2)",Slovakia,2020,13.5,,
ESTAT:EDAT_LFSE_03(1.0),14/04/25 23:00:00,Annual,Total,From 15 to 64 years,Percentage,"Less than primary, primary and lower secondary education (levels 0-2)",Slovakia,2021,13.2,b,
ESTAT:EDAT_LFSE_03(1.0),14/04/25 23:00:00,Annual,Total,From 15 to 64 years,Percentage,"Less than primary, primary and lower secondary education (levels 0-2)",Slovakia,2022,12.8,,
ESTAT:EDAT_LFSE_03(1.0),14/04/25 23:00:00,Annual,Total,From 15 to 64 years,Percentage,"Less than primary, primary and lower secondary education (levels 0-2)",Slovakia,2023,12.8,,
ESTAT:EDAT_LFSE_03(1.0),14/04/25 23:00:00,Annual,Total,From 15 to 64 years,Percentage,"Less than primary, primary and lower secondary education (levels 0-2)",Slovakia,2024,12.7,,
ESTAT:EDAT_LFSE_03(1.0),14/04/25 23:00:00,Annual,Total,From 15 to 64 years,Percentage,"Less than primary, primary and lower secondary education (levels 0-2)",Türkiye,2015,66.0,,
ESTAT:EDAT_LFSE_03(1.0),14/04/25 23:00:00,Annual,Total,From 15 to 64 years,Percentage,"Less than primary, primary and lower secondary education (levels 0-2)",Türkiye,2016,64.4,,
ESTAT:EDAT_LFSE_03(1.0),14/04/25 23:00:00,Annual,Total,From 15 to 64 years,Percentage,"Less than primary, primary and lower secondary education (levels 0-2)",Türkiye,2017,63.4,,
ESTAT:EDAT_LFSE_03(1.0),14/04/25 23:00:00,Annual,Total,From 15 to 64 years,Percentage,"Less than primary, primary and lower secondary education (levels 0-2)",Türkiye,2018,62.3,,
ESTAT:EDAT_LFSE_03(1.0),14/04/25 23:00:00,Annual,Total,From 15 to 64 years,Percentage,"Less than primary, primary and lower secondary education (levels 0-2)",Türkiye,2019,60.5,,
ESTAT:EDAT_LFSE_03(1.0),14/04/25 23:00:00,Annual,Total,From 15 to 64 years,Percentage,"Less than primary, primary and lower secondary education (levels 0-2)",Türkiye,2020,58.7,,
ESTAT:EDAT_LFSE_03(1.0),14/04/25 23:00:00,Annual,Total,From 15 to 64 years,Percentage,"Less than primary, primary and lower secondary education (levels 0-2)",Türkiye,2021,56.7,b,
ESTAT:EDAT_LFSE_03(1.0),14/04/25 23:00:00,Annual,Total,From 15 to 64 years,Percentage,"Less than primary, primary and lower secondary education (levels 0-2)",Türkiye,2022,54.9,,
ESTAT:EDAT_LFSE_03(1.0),14/04/25 23:00:00,Annual,Total,From 15 to 64 years,Percentage,"Less than primary, primary and lower secondary education (levels 0-2)",Türkiye,2023,53.1,,
ESTAT:EDAT_LFSE_03(1.0),14/04/25 23:00:00,Annual,Total,From 15 to 64 years,Percentage,"Less than primary, primary and lower secondary education (levels 0-2)",Türkiye,2024,51.5,,
ESTAT:EDAT_LFSE_03(1.0),14/04/25 23:00:00,Annual,Total,From 15 to 64 years,Percentage,"Less than primary, primary and lower secondary education (levels 0-2)",United Kingdom,2015,20.3,,
ESTAT:EDAT_LFSE_03(1.0),14/04/25 23:00:00,Annual,Total,From 15 to 64 years,Percentage,"Less than primary, primary and lower secondary education (levels 0-2)",United Kingdom,2016,20.5,,
ESTAT:EDAT_LFSE_03(1.0),14/04/25 23:00:00,Annual,Total,From 15 to 64 years,Percentage,"Less than primary, primary and lower secondary education (levels 0-2)",United Kingdom,2017,20.0,,
ESTAT:EDAT_LFSE_03(1.0),14/04/25 23:00:00,Annual,Total,From 15 to 64 years,Percentage,"Less than primary, primary and lower secondary education (levels 0-2)",United Kingdom,2018,19.7,,
ESTAT:EDAT_LFSE_03(1.0),14/04/25 23:00:00,Annual,Total,From 15 to 64 years,Percentage,"Less than primary, primary and lower secondary education (levels 0-2)",United Kingdom,2019,19.1,,
