DATAFLOW,LAST UPDATE,freq,wst_oper,unit,geo,TIME_PERIOD,OBS_VALUE,OBS_FLAG,CONF_STATUS
ESTAT:ENV_WASMUN(1.0),13/02/25 11:00:00,Annual,Waste generated,Kilograms per capita,Albania,2014,425,i,
ESTAT:ENV_WASMUN(1.0),13/02/25 11:00:00,Annual,Waste generated,Kilograms per capita,Albania,2015,491,i,
ESTAT:ENV_WASMUN(1.0),13/02/25 11:00:00,Annual,Waste generated,Kilograms per capita,Albania,2016,452,e,
ESTAT:ENV_WASMUN(1.0),13/02/25 11:00:00,Annual,Waste generated,Kilograms per capita,Albania,2017,436,e,
ESTAT:ENV_WASMUN(1.0),13/02/25 11:00:00,Annual,Waste generated,Kilograms per capita,Albania,2018,462,,
ESTAT:ENV_WASMUN(1.0),13/02/25 11:00:00,Annual,Waste generated,Kilograms per capita,Albania,2019,381,,
ESTAT:ENV_WASMUN(1.0),13/02/25 11:00:00,Annual,Waste generated,Kilograms per capita,Albania,2020,369,,
ESTAT:ENV_WASMUN(1.0),13/02/25 11:00:00,Annual,Waste generated,Kilograms per capita,Albania,2021,311,,
ESTAT:ENV_WASMUN(1.0),13/02/25 11:00:00,Annual,Waste generated,Kilograms per capita,Albania,2022,295,,
ESTAT:ENV_WASMUN(1.0),13/02/25 11:00:00,Annual,Waste generated,Kilograms per capita,Albania,2023,306,,
ESTAT:ENV_WASMUN(1.0),13/02/25 11:00:00,Annual,Waste generated,Kilograms per capita,Austria,2014,565,,
ESTAT:ENV_WASMUN(1.0),13/02/25 11:00:00,Annual,Waste generated,Kilograms per capita,Austria,2015,560,,
ESTAT:ENV_WASMUN(1.0),13/02/25 11:00:00,Annual,Waste generated,Kilograms per capita,Austria,2016,564,,
ESTAT:ENV_WASMUN(1.0),13/02/25 11:00:00,Annual,Waste generated,Kilograms per capita,Austria,2017,570,,
ESTAT:ENV_WASMUN(1.0),13/02/25 11:00:00,Annual,Waste generated,Kilograms per capita,Austria,2018,579,,
ESTAT:ENV_WASMUN(1.0),13/02/25 11:00:00,Annual,Waste generated,Kilograms per capita,Austria,2019,588,,
ESTAT:ENV_WASMUN(1.0),13/02/25 11:00:00,Annual,Waste generated,Kilograms per capita,Austria,2020,834,b,
ESTAT:ENV_WASMUN(1.0),13/02/25 11:00:00,Annual,Waste generated,Kilograms per capita,Austria,2021,835,,
ESTAT:ENV_WASMUN(1.0),13/02/25 11:00:00,Annual,Waste generated,Kilograms per capita,Austria,2022,803,,
ESTAT:ENV_WASMUN(1.0),13/02/25 11:00:00,Annual,Waste generated,Kilograms per capita,Bosnia and Herzegovina,2014,349,,
ESTAT:ENV_WASMUN(1.0),13/02/25 11:00:00,Annual,Waste generated,Kilograms per capita,Bosnia and Herzegovina,2015,340,,
ESTAT:ENV_WASMUN(1.0),13/02/25 11:00:00,Annual,Waste generated,Kilograms per capita,Bosnia and Herzegovina,2016,354,,
ESTAT:ENV_WASMUN(1.0),13/02/25 11:00:00,Annual,Waste generated,Kilograms per capita,Bosnia and Herzegovina,2017,352,,
ESTAT:ENV_WASMUN(1.0),13/02/25 11:00:00,Annual,Waste generated,Kilograms per capita,Bosnia and Herzegovina,2018,356,,
ESTAT:ENV_WASMUN(1.0),13/02/25 11:00:00,Annual,Waste generated,Kilograms per capita,Bosnia and Herzegovina,2019,352,,
ESTAT:ENV_WASMUN(1.0),13/02/25 11:00:00,Annual,Waste generated,Kilograms per capita,Bosnia and Herzegovina,2020,346,e,
ESTAT:ENV_WASMUN(1.0),13/02/25 11:00:00,Annual,Waste generated,Kilograms per capita,Bosnia and Herzegovina,2021,355,e,
ESTAT:ENV_WASMUN(1.0),13/02/25 11:00:00,Annual,Waste generated,Kilograms per capita,Bosnia and Herzegovina,2022,343,e,
ESTAT:ENV_WASMUN(1.0),13/02/25 11:00:00,Annual,Waste generated,Kilograms per capita,Belgium,2014,425,,
ESTAT:ENV_WASMUN(1.0),13/02/25 11:00:00,Annual,Waste generated,Kilograms per capita,Belgium,2015,412,,
ESTAT:ENV_WASMUN(1.0),13/02/25 11:00:00,Annual,Waste generated,Kilograms per capita,Belgium,2016,419,,
ESTAT:ENV_WASMUN(1.0),13/02/25 11:00:00,Annual,Waste generated,Kilograms per capita,Belgium,2017,411,,
ESTAT:ENV_WASMUN(1.0),13/02/25 11:00:00,Annual,Waste generated,Kilograms per capita,Belgium,2018,409,,
ESTAT:ENV_WASMUN(1.0),13/02/25 11:00:00,Annual,Waste generated,Kilograms per capita,Belgium,2019,416,,
ESTAT:ENV_WASMUN(1.0),13/02/25 11:00:00,Annual,Waste generated,Kilograms per capita,Belgium,2020,729,,
ESTAT:ENV_WASMUN(1.0),13/02/25 11:00:00,Annual,Waste generated,Kilograms per capita,Belgium,2021,755,,
ESTAT:ENV_WASMUN(1.0),13/02/25 11:00:00,Annual,Waste generated,Kilograms per capita,Belgium,2022,690,,
ESTAT:ENV_WASMUN(1.0),13/02/25 11:00:00,Annual,Waste generated,Kilograms per capita,Belgium,2023,689,,
ESTAT:ENV_WASMUN(1.0),13/02/25 11:00:00,Annual,Waste generated,Kilograms per capita,Bulgaria,2014,451,,
ESTAT:ENV_WASMUN(1.0),13/02/25 11:00:00,Annual,Waste generated,Kilograms per capita,Bulgaria,2015,431,,
ESTAT:ENV_WASMUN(1.0),13/02/25 11:00:00,Annual,Waste generated,Kilograms per capita,Bulgaria,2016,418,,
ESTAT:ENV_WASMUN(1.0),13/02/25 11:00:00,Annual,Waste generated,Kilograms per capita,Bulgaria,2017,453,,
ESTAT:ENV_WASMUN(1.0),13/02/25 11:00:00,Annual,Waste generated,Kilograms per capita,Bulgaria,2018,426,,
ESTAT:ENV_WASMUN(1.0),13/02/25 11:00:00,Annual,Waste generated,Kilograms per capita,Bulgaria,2019,465,i,
ESTAT:ENV_WASMUN(1.0),13/02/25 11:00:00,Annual,Waste generated,Kilograms per capita,Bulgaria,2020,432,,
ESTAT:ENV_WASMUN(1.0),13/02/25 11:00:00,Annual,Waste generated,Kilograms per capita,Bulgaria,2021,470,,
ESTAT:ENV_WASMUN(1.0),13/02/25 11:00:00,Annual,Waste generated,Kilograms per capita,Bulgaria,2022,488,,
ESTAT:ENV_WASMUN(1.0),13/02/25 11:00:00,Annual,Waste generated,Kilograms per capita,Switzerland,2014,733,,
ESTAT:ENV_WASMUN(1.0),13/02/25 11:00:00,Annual,Waste generated,Kilograms per capita,Switzerland,2015,728,,
ESTAT:ENV_WASMUN(1.0),13/02/25 11:00:00,Annual,Waste generated,Kilograms per capita,Switzerland,2016,723,,
ESTAT:ENV_WASMUN(1.0),13/02/25 11:00:00,Annual,Waste generated,Kilograms per capita,Switzerland,2017,709,,
ESTAT:ENV_WASMUN(1.0),13/02/25 11:00:00,Annual,Waste generated,Kilograms per capita,Switzerland,2018,706,,
ESTAT:ENV_WASMUN(1.0),13/02/25 11:00:00,Annual,Waste generated,Kilograms per capita,Switzerland,2019,709,,
ESTAT:ENV_WASMUN(1.0),13/02/25 11:00:00,Annual,Waste generated,Kilograms per capita,Switzerland,2020,706,,
ESTAT:ENV_WASMUN(1.0),13/02/25 11:00:00,Annual,Waste generated,Kilograms per capita,Switzerland,2021,704,,
ESTAT:ENV_WASMUN(1.0),13/02/25 11:00:00,Annual,Waste generated,Kilograms per capita,Switzerland,2022,677,,
ESTAT:ENV_WASMUN(1.0),13/02/25 11:00:00,Annual,Waste generated,Kilograms per capita,Cyprus,2014,619,,
ESTAT:ENV_WASMUN(1.0),13/02/25 11:00:00,Annual,Waste generated,Kilograms per capita,Cyprus,2015,637,,
ESTAT:ENV_WASMUN(1.0),13/02/25 11:00:00,Annual,Waste generated,Kilograms per capita,Cyprus,2016,649,,
ESTAT:ENV_WASMUN(1.0),13/02/25 11:00:00,Annual,Waste generated,Kilograms per capita,Cyprus,2017,642,,
ESTAT:ENV_WASMUN(1.0),13/02/25 11:00:00,Annual,Waste generated,Kilograms per capita,Cyprus,2018,662,,
ESTAT:ENV_WASMUN(1.0),13/02/25 11:00:00,Annual,Waste generated,Kilograms per capita,Cyprus,2019,664,,
ESTAT:ENV_WASMUN(1.0),13/02/25 11:00:00,Annual,Waste generated,Kilograms per capita,Cyprus,2020,625,,
ESTAT:ENV_WASMUN(1.0),13/02/25 11:00:00,Annual,Waste generated,Kilograms per capita,Cyprus,2021,650,,
ESTAT:ENV_WASMUN(1.0),13/02/25 11:00:00,Annual,Waste generated,Kilograms per capita,Cyprus,2022,673,,
ESTAT:ENV_WASMUN(1.0),13/02/25 11:00:00,Annual,Waste generated,Kilograms per capita,Cyprus,2023,674,p,
ESTAT:ENV_WASMUN(1.0),13/02/25 11:00:00,Annual,Waste generated,Kilograms per capita,Czechia,2014,310,,
ESTAT:ENV_WASMUN(1.0),13/02/25 11:00:00,Annual,Waste generated,Kilograms per capita,Czechia,2015,316,,
ESTAT:ENV_WASMUN(1.0),13/02/25 11:00:00,Annual,Waste generated,Kilograms per capita,Czechia,2016,339,,
ESTAT:ENV_WASMUN(1.0),13/02/25 11:00:00,Annual,Waste generated,Kilograms per capita,Czechia,2017,489,b,
ESTAT:ENV_WASMUN(1.0),13/02/25 11:00:00,Annual,Waste generated,Kilograms per capita,Czechia,2018,494,,
ESTAT:ENV_WASMUN(1.0),13/02/25 11:00:00,Annual,Waste generated,Kilograms per capita,Czechia,2019,500,,
ESTAT:ENV_WASMUN(1.0),13/02/25 11:00:00,Annual,Waste generated,Kilograms per capita,Czechia,2020,543,,
ESTAT:ENV_WASMUN(1.0),13/02/25 11:00:00,Annual,Waste generated,Kilograms per capita,Czechia,2021,570,,
ESTAT:ENV_WASMUN(1.0),13/02/25 11:00:00,Annual,Waste generated,Kilograms per capita,Germany,2014,631,,
ESTAT:ENV_WASMUN(1.0),13/02/25 11:00:00,Annual,Waste generated,Kilograms per capita,Germany,2015,632,,
ESTAT:ENV_WASMUN(1.0),13/02/25 11:00:00,Annual,Waste generated,Kilograms per capita,Germany,2016,633,,
ESTAT:ENV_WASMUN(1.0),13/02/25 11:00:00,Annual,Waste generated,Kilograms per capita,Germany,2017,627,,
ESTAT:ENV_WASMUN(1.0),13/02/25 11:00:00,Annual,Waste generated,Kilograms per capita,Germany,2018,606,,
ESTAT:ENV_WASMUN(1.0),13/02/25 11:00:00,Annual,Waste generated,Kilograms per capita,Germany,2019,609,e,
ESTAT:ENV_WASMUN(1.0),13/02/25 11:00:00,Annual,Waste generated,Kilograms per capita,Germany,2020,641,,
ESTAT:ENV_WASMUN(1.0),13/02/25 11:00:00,Annual,Waste generated,Kilograms per capita,Germany,2021,651,,
ESTAT:ENV_WASMUN(1.0),13/02/25 11:00:00,Annual,Waste generated,Kilograms per capita,Germany,2022,606,,
ESTAT:ENV_WASMUN(1.0),13/02/25 11:00:00,Annual,Waste generated,Kilograms per capita,Germany,2023,601,e,
ESTAT:ENV_WASMUN(1.0),13/02/25 11:00:00,Annual,Waste generated,Kilograms per capita,Denmark,2014,808,,
ESTAT:ENV_WASMUN(1.0),13/02/25 11:00:00,Annual,Waste generated,Kilograms per capita,Denmark,2015,822,,
ESTAT:ENV_WASMUN(1.0),13/02/25 11:00:00,Annual,Waste generated,Kilograms per capita,Denmark,2016,830,,
ESTAT:ENV_WASMUN(1.0),13/02/25 11:00:00,Annual,Waste generated,Kilograms per capita,Denmark,2017,820,,
ESTAT:ENV_WASMUN(1.0),13/02/25 11:00:00,Annual,Waste generated,Kilograms per capita,Denmark,2018,814,,
ESTAT:ENV_WASMUN(1.0),13/02/25 11:00:00,Annual,Waste generated,Kilograms per capita,Denmark,2019,844,,
ESTAT:ENV_WASMUN(1.0),13/02/25 11:00:00,Annual,Waste generated,Kilograms per capita,Denmark,2020,814,,
ESTAT:ENV_WASMUN(1.0),13/02/25 11:00:00,Annual,Waste generated,Kilograms per capita,Denmark,2021,769,,
ESTAT:ENV_WASMUN(1.0),13/02/25 11:00:00,Annual,Waste generated,Kilograms per capita,Denmark,2022,802,,
ESTAT:ENV_WASMUN(1.0),13/02/25 11:00:00,Annual,Waste generated,Kilograms per capita,Estonia,2014,357,b,
ESTAT:ENV_WASMUN(1.0),13/02/25 11:00:00,Annual,Waste generated,Kilograms per capita,Estonia,2015,359,,
ESTAT:ENV_WASMUN(1.0),13/02/25 11:00:00,Annual,Waste generated,Kilograms per capita,Estonia,2016,376,,
ESTAT:ENV_WASMUN(1.0),13/02/25 11:00:00,Annual,Waste generated,Kilograms per capita,Estonia,2017,390,,
ESTAT:ENV_WASMUN(1.0),13/02/25 11:00:00,Annual,Waste generated,Kilograms per capita,Estonia,2018,405,,
ESTAT:ENV_WASMUN(1.0),13/02/25 11:00:00,Annual,Waste generated,Kilograms per capita,Estonia,2019,369,,
ESTAT:ENV_WASMUN(1.0),13/02/25 11:00:00,Annual,Waste generated,Kilograms per capita,Estonia,2020,383,,
ESTAT:ENV_WASMUN(1.0),13/02/25 11:00:00,Annual,Waste generated,Kilograms per capita,Estonia,2021,395,,
ESTAT:ENV_WASMUN(1.0),13/02/25 11:00:00,Annual,Waste generated,Kilograms per capita,Estonia,2022,373,,
ESTAT:ENV_WASMUN(1.0),13/02/25 11:00:00,Annual,Waste generated,Kilograms per capita,Estonia,2023,373,,
ESTAT:ENV_WASMUN(1.0),13/02/25 11:00:00,Annual,Waste generated,Kilograms per capita,Greece,2014,488,,
ESTAT:ENV_WASMUN(1.0),13/02/25 11:00:00,Annual,Waste generated,Kilograms per capita,Greece,2015,488,,
ESTAT:ENV_WASMUN(1.0),13/02/25 11:00:00,Annual,Waste generated,Kilograms per capita,Greece,2016,498,,
ESTAT:ENV_WASMUN(1.0),13/02/25 11:00:00,Annual,Waste generated,Kilograms per capita,Greece,2017,504,,
ESTAT:ENV_WASMUN(1.0),13/02/25 11:00:00,Annual,Waste generated,Kilograms per capita,Greece,2018,515,,
ESTAT:ENV_WASMUN(1.0),13/02/25 11:00:00,Annual,Waste generated,Kilograms per capita,Greece,2019,524,,
ESTAT:ENV_WASMUN(1.0),13/02/25 11:00:00,Annual,Waste generated,Kilograms per capita,Greece,2020,499,,
ESTAT:ENV_WASMUN(1.0),13/02/25 11:00:00,Annual,Waste generated,Kilograms per capita,Greece,2021,509,,
ESTAT:ENV_WASMUN(1.0),13/02/25 11:00:00,Annual,Waste generated,Kilograms per capita,Greece,2022,519,,
ESTAT:ENV_WASMUN(1.0),13/02/25 11:00:00,Annual,Waste generated,Kilograms per capita,Spain,2014,448,,
ESTAT:ENV_WASMUN(1.0),13/02/25 11:00:00,Annual,Waste generated,Kilograms per capita,Spain,2015,456,,
ESTAT:ENV_WASMUN(1.0),13/02/25 11:00:00,Annual,Waste generated,Kilograms per capita,Spain,2016,464,,
ESTAT:ENV_WASMUN(1.0),13/02/25 11:00:00,Annual,Waste generated,Kilograms per capita,Spain,2017,473,,
ESTAT:ENV_WASMUN(1.0),13/02/25 11:00:00,Annual,Waste generated,Kilograms per capita,Spain,2018,475,,
ESTAT:ENV_WASMUN(1.0),13/02/25 11:00:00,Annual,Waste generated,Kilograms per capita,Spain,2019,472,,
ESTAT:ENV_WASMUN(1.0),13/02/25 11:00:00,Annual,Waste generated,Kilograms per capita,Spain,2020,463,,
ESTAT:ENV_WASMUN(1.0),13/02/25 11:00:00,Annual,Waste generated,Kilograms per capita,Spain,2021,482,,
ESTAT:ENV_WASMUN(1.0),13/02/25 11:00:00,Annual,Waste generated,Kilograms per capita,Spain,2022,482,p,
ESTAT:ENV_WASMUN(1.0),13/02/25 11:00:00,Annual,Waste generated,Kilograms per capita,Spain,2023,465,e,
ESTAT:ENV_WASMUN(1.0),13/02/25 11:00:00,Annual,Waste generated,Kilograms per capita,European Union - 27 countries (from 2020),2014,479,,
ESTAT:ENV_WASMUN(1.0),13/02/25 11:00:00,Annual,Waste generated,Kilograms per capita,European Union - 27 countries (from 2020),2015,481,,
ESTAT:ENV_WASMUN(1.0),13/02/25 11:00:00,Annual,Waste generated,Kilograms per capita,European Union - 27 countries (from 2020),2016,494,,
ESTAT:ENV_WASMUN(1.0),13/02/25 11:00:00,Annual,Waste generated,Kilograms per capita,European Union - 27 countries (from 2020),2017,500,,
ESTAT:ENV_WASMUN(1.0),13/02/25 11:00:00,Annual,Waste generated,Kilograms per capita,European Union - 27 countries (from 2020),2018,500,,
ESTAT:ENV_WASMUN(1.0),13/02/25 11:00:00,Annual,Waste generated,Kilograms per capita,European Union - 27 countries (from 2020),2019,505,i,
ESTAT:ENV_WASMUN(1.0),13/02/25 11:00:00,Annual,Waste generated,Kilograms per capita,European Union - 27 countries (from 2020),2020,521,,
ESTAT:ENV_WASMUN(1.0),13/02/25 11:00:00,Annual,Waste generated,Kilograms per capita,European Union - 27 countries (from 2020),2021,534,i,
ESTAT:ENV_WASMUN(1.0),13/02/25 11:00:00,Annual,Waste generated,Kilograms per capita,European Union - 27 countries (from 2020),2022,515,i,
ESTAT:ENV_WASMUN(1.0),13/02/25 11:00:00,Annual,Waste generated,Kilograms per capita,European Union - 27 countries (from 2020),2023,511,i,
ESTAT:ENV_WASMUN(1.0),13/02/25 11:00:00,Annual,Waste generated,Kilograms per capita,Finland,2014,482,,
ESTAT:ENV_WASMUN(1.0),13/02/25 11:00:00,Annual,Waste generated,Kilograms per capita,Finland,2015,500,,
ESTAT:ENV_WASMUN(1.0),13/02/25 11:00:00,Annual,Waste generated,Kilograms per capita,Finland,2016,504,,
ESTAT:ENV_WASMUN(1.0),13/02/25 11:00:00,Annual,Waste generated,Kilograms per capita,Finland,2017,510,,
ESTAT:ENV_WASMUN(1.0),13/02/25 11:00:00,Annual,Waste generated,Kilograms per capita,Finland,2018,551,,
ESTAT:ENV_WASMUN(1.0),13/02/25 11:00:00,Annual,Waste generated,Kilograms per capita,Finland,2019,566,,
ESTAT:ENV_WASMUN(1.0),13/02/25 11:00:00,Annual,Waste generated,Kilograms per capita,Finland,2020,609,,
ESTAT:ENV_WASMUN(1.0),13/02/25 11:00:00,Annual,Waste generated,Kilograms per capita,Finland,2021,630,,
ESTAT:ENV_WASMUN(1.0),13/02/25 11:00:00,Annual,Waste generated,Kilograms per capita,Finland,2022,522,,
ESTAT:ENV_WASMUN(1.0),13/02/25 11:00:00,Annual,Waste generated,Kilograms per capita,Finland,2023,468,,
ESTAT:ENV_WASMUN(1.0),13/02/25 11:00:00,Annual,Waste generated,Kilograms per capita,France,2014,517,e,
ESTAT:ENV_WASMUN(1.0),13/02/25 11:00:00,Annual,Waste generated,Kilograms per capita,France,2015,516,,
ESTAT:ENV_WASMUN(1.0),13/02/25 11:00:00,Annual,Waste generated,Kilograms per capita,France,2016,553,e,
ESTAT:ENV_WASMUN(1.0),13/02/25 11:00:00,Annual,Waste generated,Kilograms per capita,France,2017,558,e,
ESTAT:ENV_WASMUN(1.0),13/02/25 11:00:00,Annual,Waste generated,Kilograms per capita,France,2018,557,e,
ESTAT:ENV_WASMUN(1.0),13/02/25 11:00:00,Annual,Waste generated,Kilograms per capita,France,2019,555,e,
ESTAT:ENV_WASMUN(1.0),13/02/25 11:00:00,Annual,Waste generated,Kilograms per capita,France,2020,538,e,
ESTAT:ENV_WASMUN(1.0),13/02/25 11:00:00,Annual,Waste generated,Kilograms per capita,France,2021,564,,
ESTAT:ENV_WASMUN(1.0),13/02/25 11:00:00,Annual,Waste generated,Kilograms per capita,France,2022,535,ep,
ESTAT:ENV_WASMUN(1.0),13/02/25 11:00:00,Annual,Waste generated,Kilograms per capita,France,2023,530,ep,
ESTAT:ENV_WASMUN(1.0),13/02/25 11:00:00,Annual,Waste generated,Kilograms per capita,Croatia,2014,390,,
ESTAT:ENV_WASMUN(1.0),13/02/25 11:00:00,Annual,Waste generated,Kilograms per capita,Croatia,2015,398,,
ESTAT:ENV_WASMUN(1.0),13/02/25 11:00:00,Annual,Waste generated,Kilograms per capita,Croatia,2016,409,,
ESTAT:ENV_WASMUN(1.0),13/02/25 11:00:00,Annual,Waste generated,Kilograms per capita,Croatia,2017,424,,
ESTAT:ENV_WASMUN(1.0),13/02/25 11:00:00,Annual,Waste generated,Kilograms per capita,Croatia,2018,443,,
ESTAT:ENV_WASMUN(1.0),13/02/25 11:00:00,Annual,Waste generated,Kilograms per capita,Croatia,2019,459,,
ESTAT:ENV_WASMUN(1.0),13/02/25 11:00:00,Annual,Waste generated,Kilograms per capita,Croatia,2020,433,,
ESTAT:ENV_WASMUN(1.0),13/02/25 11:00:00,Annual,Waste generated,Kilograms per capita,Croatia,2021,456,,
ESTAT:ENV_WASMUN(1.0),13/02/25 11:00:00,Annual,Waste generated,Kilograms per capita,Croatia,2022,478,,
ESTAT:ENV_WASMUN(1.0),13/02/25 11:00:00,Annual,Waste generated,Kilograms per capita,Croatia,2023,475,,
ESTAT:ENV_WASMUN(1.0),13/02/25 11:00:00,Annual,Waste generated,Kilograms per capita,Hungary,2014,386,,
ESTAT:ENV_WASMUN(1.0),13/02/25 11:00:00,Annual,Waste generated,Kilograms per capita,Hungary,2015,379,,
ESTAT:ENV_WASMUN(1.0),13/02/25 11:00:00,Annual,Waste generated,Kilograms per capita,Hungary,2016,381,,
ESTAT:ENV_WASMUN(1.0),13/02/25 11:00:00,Annual,Waste generated,Kilograms per capita,Hungary,2017,387,,
ESTAT:ENV_WASMUN(1.0),13/02/25 11:00:00,Annual,Waste generated,Kilograms per capita,Hungary,2018,384,,
ESTAT:ENV_WASMUN(1.0),13/02/25 11:00:00,Annual,Waste generated,Kilograms per capita,Hungary,2019,390,,
ESTAT:ENV_WASMUN(1.0),13/02/25 11:00:00,Annual,Waste generated,Kilograms per capita,Hungary,2020,406,,
ESTAT:ENV_WASMUN(1.0),13/02/25 11:00:00,Annual,Waste generated,Kilograms per capita,Hungary,2021,420,,
ESTAT:ENV_WASMUN(1.0),13/02/25 11:00:00,Annual,Waste generated,Kilograms per capita,Hungary,2022,407,,
ESTAT:ENV_WASMUN(1.0),13/02/25 11:00:00,Annual,Waste generated,Kilograms per capita,Hungary,2023,429,,
ESTAT:ENV_WASMUN(1.0),13/02/25 11:00:00,Annual,Waste generated,Kilograms per capita,Ireland,2014,562,b,
ESTAT:ENV_WASMUN(1.0),13/02/25 11:00:00,Annual,Waste generated,Kilograms per capita,Ireland,2016,580,,
ESTAT:ENV_WASMUN(1.0),13/02/25 11:00:00,Annual,Waste generated,Kilograms per capita,Ireland,2017,573,,
ESTAT:ENV_WASMUN(1.0),13/02/25 11:00:00,Annual,Waste generated,Kilograms per capita,Ireland,2018,595,,
ESTAT:ENV_WASMUN(1.0),13/02/25 11:00:00,Annual,Waste generated,Kilograms per capita,Ireland,2019,620,,
ESTAT:ENV_WASMUN(1.0),13/02/25 11:00:00,Annual,Waste generated,Kilograms per capita,Ireland,2020,637,b,
ESTAT:ENV_WASMUN(1.0),13/02/25 11:00:00,Annual,Waste generated,Kilograms per capita,Iceland,2014,535,,
ESTAT:ENV_WASMUN(1.0),13/02/25 11:00:00,Annual,Waste generated,Kilograms per capita,Iceland,2015,588,,
ESTAT:ENV_WASMUN(1.0),13/02/25 11:00:00,Annual,Waste generated,Kilograms per capita,Iceland,2016,655,,
ESTAT:ENV_WASMUN(1.0),13/02/25 11:00:00,Annual,Waste generated,Kilograms per capita,Iceland,2017,656,,
ESTAT:ENV_WASMUN(1.0),13/02/25 11:00:00,Annual,Waste generated,Kilograms per capita,Iceland,2018,702,,
ESTAT:ENV_WASMUN(1.0),13/02/25 11:00:00,Annual,Waste generated,Kilograms per capita,Iceland,2020,614,,
ESTAT:ENV_WASMUN(1.0),13/02/25 11:00:00,Annual,Waste generated,Kilograms per capita,Iceland,2021,659,,
ESTAT:ENV_WASMUN(1.0),13/02/25 11:00:00,Annual,Waste generated,Kilograms per capita,Iceland,2022,595,,
ESTAT:ENV_WASMUN(1.0),13/02/25 11:00:00,Annual,Waste generated,Kilograms per capita,Italy,2014,492,,
ESTAT:ENV_WASMUN(1.0),13/02/25 11:00:00,Annual,Waste generated,Kilograms per capita,Italy,2015,490,,
ESTAT:ENV_WASMUN(1.0),13/02/25 11:00:00,Annual,Waste generated,Kilograms per capita,Italy,2016,501,,
ESTAT:ENV_WASMUN(1.0),13/02/25 11:00:00,Annual,Waste generated,Kilograms per capita,Italy,2017,493,,
ESTAT:ENV_WASMUN(1.0),13/02/25 11:00:00,Annual,Waste generated,Kilograms per capita,Italy,2018,502,,
ESTAT:ENV_WASMUN(1.0),13/02/25 11:00:00,Annual,Waste generated,Kilograms per capita,Italy,2019,503,,
ESTAT:ENV_WASMUN(1.0),13/02/25 11:00:00,Annual,Waste generated,Kilograms per capita,Italy,2020,487,,
ESTAT:ENV_WASMUN(1.0),13/02/25 11:00:00,Annual,Waste generated,Kilograms per capita,Italy,2021,495,,
ESTAT:ENV_WASMUN(1.0),13/02/25 11:00:00,Annual,Waste generated,Kilograms per capita,Italy,2022,486,,
ESTAT:ENV_WASMUN(1.0),13/02/25 11:00:00,Annual,Waste generated,Kilograms per capita,Lithuania,2014,432,,
ESTAT:ENV_WASMUN(1.0),13/02/25 11:00:00,Annual,Waste generated,Kilograms per capita,Lithuania,2015,447,,
ESTAT:ENV_WASMUN(1.0),13/02/25 11:00:00,Annual,Waste generated,Kilograms per capita,Lithuania,2016,442,,
ESTAT:ENV_WASMUN(1.0),13/02/25 11:00:00,Annual,Waste generated,Kilograms per capita,Lithuania,2017,453,,
ESTAT:ENV_WASMUN(1.0),13/02/25 11:00:00,Annual,Waste generated,Kilograms per capita,Lithuania,2018,461,,
ESTAT:ENV_WASMUN(1.0),13/02/25 11:00:00,Annual,Waste generated,Kilograms per capita,Lithuania,2019,469,,
ESTAT:ENV_WASMUN(1.0),13/02/25 11:00:00,Annual,Waste generated,Kilograms per capita,Lithuania,2020,480,,
ESTAT:ENV_WASMUN(1.0),13/02/25 11:00:00,Annual,Waste generated,Kilograms per capita,Lithuania,2021,479,,
ESTAT:ENV_WASMUN(1.0),13/02/25 11:00:00,Annual,Waste generated,Kilograms per capita,Lithuania,2022,465,,
ESTAT:ENV_WASMUN(1.0),13/02/25 11:00:00,Annual,Waste generated,Kilograms per capita,Lithuania,2023,446,,
ESTAT:ENV_WASMUN(1.0),13/02/25 11:00:00,Annual,Waste generated,Kilograms per capita,Luxembourg,2014,626,,
ESTAT:ENV_WASMUN(1.0),13/02/25 11:00:00,Annual,Waste generated,Kilograms per capita,Luxembourg,2015,607,,
ESTAT:ENV_WASMUN(1.0),13/02/25 11:00:00,Annual,Waste generated,Kilograms per capita,Luxembourg,2016,815,b,
ESTAT:ENV_WASMUN(1.0),13/02/25 11:00:00,Annual,Waste generated,Kilograms per capita,Luxembourg,2017,798,,
ESTAT:ENV_WASMUN(1.0),13/02/25 11:00:00,Annual,Waste generated,Kilograms per capita,Luxembourg,2018,803,,
ESTAT:ENV_WASMUN(1.0),13/02/25 11:00:00,Annual,Waste generated,Kilograms per capita,Luxembourg,2019,791,e,
ESTAT:ENV_WASMUN(1.0),13/02/25 11:00:00,Annual,Waste generated,Kilograms per capita,Luxembourg,2020,790,,
ESTAT:ENV_WASMUN(1.0),13/02/25 11:00:00,Annual,Waste generated,Kilograms per capita,Luxembourg,2021,793,,
ESTAT:ENV_WASMUN(1.0),13/02/25 11:00:00,Annual,Waste generated,Kilograms per capita,Luxembourg,2022,721,,
ESTAT:ENV_WASMUN(1.0),13/02/25 11:00:00,Annual,Waste generated,Kilograms per capita,Luxembourg,2023,712,,
ESTAT:ENV_WASMUN(1.0),13/02/25 11:00:00,Annual,Waste generated,Kilograms per capita,Latvia,2014,364,,
ESTAT:ENV_WASMUN(1.0),13/02/25 11:00:00,Annual,Waste generated,Kilograms per capita,Latvia,2015,404,,
ESTAT:ENV_WASMUN(1.0),13/02/25 11:00:00,Annual,Waste generated,Kilograms per capita,Latvia,2016,410,,
ESTAT:ENV_WASMUN(1.0),13/02/25 11:00:00,Annual,Waste generated,Kilograms per capita,Latvia,2017,411,,
ESTAT:ENV_WASMUN(1.0),13/02/25 11:00:00,Annual,Waste generated,Kilograms per capita,Latvia,2018,407,,
ESTAT:ENV_WASMUN(1.0),13/02/25 11:00:00,Annual,Waste generated,Kilograms per capita,Latvia,2019,439,,
ESTAT:ENV_WASMUN(1.0),13/02/25 11:00:00,Annual,Waste generated,Kilograms per capita,Latvia,2020,478,,
ESTAT:ENV_WASMUN(1.0),13/02/25 11:00:00,Annual,Waste generated,Kilograms per capita,Latvia,2021,461,,
ESTAT:ENV_WASMUN(1.0),13/02/25 11:00:00,Annual,Waste generated,Kilograms per capita,Latvia,2022,464,,
ESTAT:ENV_WASMUN(1.0),13/02/25 11:00:00,Annual,Waste generated,Kilograms per capita,Montenegro,2014,479,e,
ESTAT:ENV_WASMUN(1.0),13/02/25 11:00:00,Annual,Waste generated,Kilograms per capita,Montenegro,2015,498,e,
ESTAT:ENV_WASMUN(1.0),13/02/25 11:00:00,Annual,Waste generated,Kilograms per capita,Montenegro,2016,493,e,
ESTAT:ENV_WASMUN(1.0),13/02/25 11:00:00,Annual,Waste generated,Kilograms per capita,Montenegro,2017,490,e,
ESTAT:ENV_WASMUN(1.0),13/02/25 11:00:00,Annual,Waste generated,Kilograms per capita,Montenegro,2018,516,e,
ESTAT:ENV_WASMUN(1.0),13/02/25 11:00:00,Annual,Waste generated,Kilograms per capita,Montenegro,2019,545,e,
ESTAT:ENV_WASMUN(1.0),13/02/25 11:00:00,Annual,Waste generated,Kilograms per capita,Montenegro,2020,486,e,
ESTAT:ENV_WASMUN(1.0),13/02/25 11:00:00,Annual,Waste generated,Kilograms per capita,Montenegro,2021,515,e,
ESTAT:ENV_WASMUN(1.0),13/02/25 11:00:00,Annual,Waste generated,Kilograms per capita,Montenegro,2022,537,e,
ESTAT:ENV_WASMUN(1.0),13/02/25 11:00:00,Annual,Waste generated,Kilograms per capita,Montenegro,2023,573,e,
ESTAT:ENV_WASMUN(1.0),13/02/25 11:00:00,Annual,Waste generated,Kilograms per capita,North Macedonia,2014,370,,
ESTAT:ENV_WASMUN(1.0),13/02/25 11:00:00,Annual,Waste generated,Kilograms per capita,North Macedonia,2015,380,,
ESTAT:ENV_WASMUN(1.0),13/02/25 11:00:00,Annual,Waste generated,Kilograms per capita,North Macedonia,2018,412,,
ESTAT:ENV_WASMUN(1.0),13/02/25 11:00:00,Annual,Waste generated,Kilograms per capita,North Macedonia,2019,441,,
ESTAT:ENV_WASMUN(1.0),13/02/25 11:00:00,Annual,Waste generated,Kilograms per capita,North Macedonia,2020,441,e,
ESTAT:ENV_WASMUN(1.0),13/02/25 11:00:00,Annual,Waste generated,Kilograms per capita,North Macedonia,2021,459,e,
ESTAT:ENV_WASMUN(1.0),13/02/25 11:00:00,Annual,Waste generated,Kilograms per capita,North Macedonia,2022,467,e,
ESTAT:ENV_WASMUN(1.0),13/02/25 11:00:00,Annual,Waste generated,Kilograms per capita,Malta,2014,629,,
ESTAT:ENV_WASMUN(1.0),13/02/25 11:00:00,Annual,Waste generated,Kilograms per capita,Malta,2015,643,,
ESTAT:ENV_WASMUN(1.0),13/02/25 11:00:00,Annual,Waste generated,Kilograms per capita,Malta,2016,643,,
ESTAT:ENV_WASMUN(1.0),13/02/25 11:00:00,Annual,Waste generated,Kilograms per capita,Malta,2017,667,,
ESTAT:ENV_WASMUN(1.0),13/02/25 11:00:00,Annual,Waste generated,Kilograms per capita,Malta,2018,673,,
ESTAT:ENV_WASMUN(1.0),13/02/25 11:00:00,Annual,Waste generated,Kilograms per capita,Malta,2019,697,,
ESTAT:ENV_WASMUN(1.0),13/02/25 11:00:00,Annual,Waste generated,Kilograms per capita,Malta,2020,642,,
ESTAT:ENV_WASMUN(1.0),13/02/25 11:00:00,Annual,Waste generated,Kilograms per capita,Malta,2021,611,,
ESTAT:ENV_WASMUN(1.0),13/02/25 11:00:00,Annual,Waste generated,Kilograms per capita,Malta,2022,618,,
ESTAT:ENV_WASMUN(1.0),13/02/25 11:00:00,Annual,Waste generated,Kilograms per capita,Malta,2023,606,,
ESTAT:ENV_WASMUN(1.0),13/02/25 11:00:00,Annual,Waste generated,Kilograms per capita,Netherlands,2014,527,,
ESTAT:ENV_WASMUN(1.0),13/02/25 11:00:00,Annual,Waste generated,Kilograms per capita,Netherlands,2015,523,,
ESTAT:ENV_WASMUN(1.0),13/02/25 11:00:00,Annual,Waste generated,Kilograms per capita,Netherlands,2016,520,,
ESTAT:ENV_WASMUN(1.0),13/02/25 11:00:00,Annual,Waste generated,Kilograms per capita,Netherlands,2017,513,,
ESTAT:ENV_WASMUN(1.0),13/02/25 11:00:00,Annual,Waste generated,Kilograms per capita,Netherlands,2018,511,,
ESTAT:ENV_WASMUN(1.0),13/02/25 11:00:00,Annual,Waste generated,Kilograms per capita,Netherlands,2019,508,,
ESTAT:ENV_WASMUN(1.0),13/02/25 11:00:00,Annual,Waste generated,Kilograms per capita,Netherlands,2020,533,,
ESTAT:ENV_WASMUN(1.0),13/02/25 11:00:00,Annual,Waste generated,Kilograms per capita,Netherlands,2021,514,,
ESTAT:ENV_WASMUN(1.0),13/02/25 11:00:00,Annual,Waste generated,Kilograms per capita,Netherlands,2022,473,p,
ESTAT:ENV_WASMUN(1.0),13/02/25 11:00:00,Annual,Waste generated,Kilograms per capita,Netherlands,2023,468,,
ESTAT:ENV_WASMUN(1.0),13/02/25 11:00:00,Annual,Waste generated,Kilograms per capita,Norway,2014,423,b,
ESTAT:ENV_WASMUN(1.0),13/02/25 11:00:00,Annual,Waste generated,Kilograms per capita,Norway,2015,421,,
ESTAT:ENV_WASMUN(1.0),13/02/25 11:00:00,Annual,Waste generated,Kilograms per capita,Norway,2016,754,b,
ESTAT:ENV_WASMUN(1.0),13/02/25 11:00:00,Annual,Waste generated,Kilograms per capita,Norway,2017,748,,
ESTAT:ENV_WASMUN(1.0),13/02/25 11:00:00,Annual,Waste generated,Kilograms per capita,Norway,2018,739,,
ESTAT:ENV_WASMUN(1.0),13/02/25 11:00:00,Annual,Waste generated,Kilograms per capita,Norway,2019,776,,
ESTAT:ENV_WASMUN(1.0),13/02/25 11:00:00,Annual,Waste generated,Kilograms per capita,Norway,2020,726,b,
ESTAT:ENV_WASMUN(1.0),13/02/25 11:00:00,Annual,Waste generated,Kilograms per capita,Norway,2021,799,,
ESTAT:ENV_WASMUN(1.0),13/02/25 11:00:00,Annual,Waste generated,Kilograms per capita,Norway,2022,768,,
ESTAT:ENV_WASMUN(1.0),13/02/25 11:00:00,Annual,Waste generated,Kilograms per capita,Norway,2023,724,,
ESTAT:ENV_WASMUN(1.0),13/02/25 11:00:00,Annual,Waste generated,Kilograms per capita,Poland,2014,272,be,
ESTAT:ENV_WASMUN(1.0),13/02/25 11:00:00,Annual,Waste generated,Kilograms per capita,Poland,2015,286,e,
ESTAT:ENV_WASMUN(1.0),13/02/25 11:00:00,Annual,Waste generated,Kilograms per capita,Poland,2016,307,e,
ESTAT:ENV_WASMUN(1.0),13/02/25 11:00:00,Annual,Waste generated,Kilograms per capita,Poland,2017,315,e,
ESTAT:ENV_WASMUN(1.0),13/02/25 11:00:00,Annual,Waste generated,Kilograms per capita,Poland,2018,329,,
ESTAT:ENV_WASMUN(1.0),13/02/25 11:00:00,Annual,Waste generated,Kilograms per capita,Poland,2019,336,,
ESTAT:ENV_WASMUN(1.0),13/02/25 11:00:00,Annual,Waste generated,Kilograms per capita,Poland,2020,350,,
ESTAT:ENV_WASMUN(1.0),13/02/25 11:00:00,Annual,Waste generated,Kilograms per capita,Poland,2021,370,,
ESTAT:ENV_WASMUN(1.0),13/02/25 11:00:00,Annual,Waste generated,Kilograms per capita,Poland,2022,364,,
ESTAT:ENV_WASMUN(1.0),13/02/25 11:00:00,Annual,Waste generated,Kilograms per capita,Poland,2023,367,,
ESTAT:ENV_WASMUN(1.0),13/02/25 11:00:00,Annual,Waste generated,Kilograms per capita,Portugal,2014,452,,
ESTAT:ENV_WASMUN(1.0),13/02/25 11:00:00,Annual,Waste generated,Kilograms per capita,Portugal,2015,459,b,
ESTAT:ENV_WASMUN(1.0),13/02/25 11:00:00,Annual,Waste generated,Kilograms per capita,Portugal,2016,472,,
ESTAT:ENV_WASMUN(1.0),13/02/25 11:00:00,Annual,Waste generated,Kilograms per capita,Portugal,2017,484,,
ESTAT:ENV_WASMUN(1.0),13/02/25 11:00:00,Annual,Waste generated,Kilograms per capita,Portugal,2018,504,,
ESTAT:ENV_WASMUN(1.0),13/02/25 11:00:00,Annual,Waste generated,Kilograms per capita,Portugal,2019,510,,
ESTAT:ENV_WASMUN(1.0),13/02/25 11:00:00,Annual,Waste generated,Kilograms per capita,Portugal,2020,508,,
ESTAT:ENV_WASMUN(1.0),13/02/25 11:00:00,Annual,Waste generated,Kilograms per capita,Portugal,2021,510,,
ESTAT:ENV_WASMUN(1.0),13/02/25 11:00:00,Annual,Waste generated,Kilograms per capita,Portugal,2022,508,,
ESTAT:ENV_WASMUN(1.0),13/02/25 11:00:00,Annual,Waste generated,Kilograms per capita,Portugal,2023,505,,
ESTAT:ENV_WASMUN(1.0),13/02/25 11:00:00,Annual,Waste generated,Kilograms per capita,Romania,2014,249,,
ESTAT:ENV_WASMUN(1.0),13/02/25 11:00:00,Annual,Waste generated,Kilograms per capita,Romania,2015,247,,
ESTAT:ENV_WASMUN(1.0),13/02/25 11:00:00,Annual,Waste generated,Kilograms per capita,Romania,2016,261,,
ESTAT:ENV_WASMUN(1.0),13/02/25 11:00:00,Annual,Waste generated,Kilograms per capita,Romania,2017,272,,
ESTAT:ENV_WASMUN(1.0),13/02/25 11:00:00,Annual,Waste generated,Kilograms per capita,Romania,2018,272,,
ESTAT:ENV_WASMUN(1.0),13/02/25 11:00:00,Annual,Waste generated,Kilograms per capita,Romania,2019,280,,
ESTAT:ENV_WASMUN(1.0),13/02/25 11:00:00,Annual,Waste generated,Kilograms per capita,Romania,2020,290,,
ESTAT:ENV_WASMUN(1.0),13/02/25 11:00:00,Annual,Waste generated,Kilograms per capita,Romania,2021,302,,
ESTAT:ENV_WASMUN(1.0),13/02/25 11:00:00,Annual,Waste generated,Kilograms per capita,Romania,2022,303,,
ESTAT:ENV_WASMUN(1.0),13/02/25 11:00:00,Annual,Waste generated,Kilograms per capita,Serbia,2014,299,,
ESTAT:ENV_WASMUN(1.0),13/02/25 11:00:00,Annual,Waste generated,Kilograms per capita,Serbia,2015,259,,
ESTAT:ENV_WASMUN(1.0),13/02/25 11:00:00,Annual,Waste generated,Kilograms per capita,Serbia,2016,268,,
ESTAT:ENV_WASMUN(1.0),13/02/25 11:00:00,Annual,Waste generated,Kilograms per capita,Serbia,2017,306,,
ESTAT:ENV_WASMUN(1.0),13/02/25 11:00:00,Annual,Waste generated,Kilograms per capita,Serbia,2018,319,,
ESTAT:ENV_WASMUN(1.0),13/02/25 11:00:00,Annual,Waste generated,Kilograms per capita,Serbia,2019,338,,
ESTAT:ENV_WASMUN(1.0),13/02/25 11:00:00,Annual,Waste generated,Kilograms per capita,Serbia,2020,427,,
ESTAT:ENV_WASMUN(1.0),13/02/25 11:00:00,Annual,Waste generated,Kilograms per capita,Serbia,2021,442,,
ESTAT:ENV_WASMUN(1.0),13/02/25 11:00:00,Annual,Waste generated,Kilograms per capita,Serbia,2022,473,,
ESTAT:ENV_WASMUN(1.0),13/02/25 11:00:00,Annual,Waste generated,Kilograms per capita,Serbia,2023,467,,
ESTAT:ENV_WASMUN(1.0),13/02/25 11:00:00,Annual,Waste generated,Kilograms per capita,Sweden,2014,443,,
ESTAT:ENV_WASMUN(1.0),13/02/25 11:00:00,Annual,Waste generated,Kilograms per capita,Sweden,2015,451,,
ESTAT:ENV_WASMUN(1.0),13/02/25 11:00:00,Annual,Waste generated,Kilograms per capita,Sweden,2016,447,,
ESTAT:ENV_WASMUN(1.0),13/02/25 11:00:00,Annual,Waste generated,Kilograms per capita,Sweden,2017,452,,
ESTAT:ENV_WASMUN(1.0),13/02/25 11:00:00,Annual,Waste generated,Kilograms per capita,Sweden,2018,434,,
ESTAT:ENV_WASMUN(1.0),13/02/25 11:00:00,Annual,Waste generated,Kilograms per capita,Sweden,2019,449,,
ESTAT:ENV_WASMUN(1.0),13/02/25 11:00:00,Annual,Waste generated,Kilograms per capita,Sweden,2020,431,b,
ESTAT:ENV_WASMUN(1.0),13/02/25 11:00:00,Annual,Waste generated,Kilograms per capita,Sweden,2021,418,,
ESTAT:ENV_WASMUN(1.0),13/02/25 11:00:00,Annual,Waste generated,Kilograms per capita,Sweden,2022,395,,
ESTAT:ENV_WASMUN(1.0),13/02/25 11:00:00,Annual,Waste generated,Kilograms per capita,Sweden,2023,392,,
ESTAT:ENV_WASMUN(1.0),13/02/25 11:00:00,Annual,Waste generated,Kilograms per capita,Slovenia,2014,432,,
ESTAT:ENV_WASMUN(1.0),13/02/25 11:00:00,Annual,Waste generated,Kilograms per capita,Slovenia,2015,449,,
ESTAT:ENV_WASMUN(1.0),13/02/25 11:00:00,Annual,Waste generated,Kilograms per capita,Slovenia,2016,457,,
ESTAT:ENV_WASMUN(1.0),13/02/25 11:00:00,Annual,Waste generated,Kilograms per capita,Slovenia,2017,471,,
ESTAT:ENV_WASMUN(1.0),13/02/25 11:00:00,Annual,Waste generated,Kilograms per capita,Slovenia,2018,486,,
ESTAT:ENV_WASMUN(1.0),13/02/25 11:00:00,Annual,Waste generated,Kilograms per capita,Slovenia,2019,504,,
ESTAT:ENV_WASMUN(1.0),13/02/25 11:00:00,Annual,Waste generated,Kilograms per capita,Slovenia,2020,487,,
ESTAT:ENV_WASMUN(1.0),13/02/25 11:00:00,Annual,Waste generated,Kilograms per capita,Slovenia,2021,511,,
ESTAT:ENV_WASMUN(1.0),13/02/25 11:00:00,Annual,Waste generated,Kilograms per capita,Slovenia,2022,487,,
ESTAT:ENV_WASMUN(1.0),13/02/25 11:00:00,Annual,Waste generated,Kilograms per capita,Slovenia,2023,517,,
ESTAT:ENV_WASMUN(1.0),13/02/25 11:00:00,Annual,Waste generated,Kilograms per capita,Slovakia,2014,320,,
ESTAT:ENV_WASMUN(1.0),13/02/25 11:00:00,Annual,Waste generated,Kilograms per capita,Slovakia,2015,329,,
ESTAT:ENV_WASMUN(1.0),13/02/25 11:00:00,Annual,Waste generated,Kilograms per capita,Slovakia,2016,348,,
ESTAT:ENV_WASMUN(1.0),13/02/25 11:00:00,Annual,Waste generated,Kilograms per capita,Slovakia,2017,378,,
ESTAT:ENV_WASMUN(1.0),13/02/25 11:00:00,Annual,Waste generated,Kilograms per capita,Slovakia,2018,414,,
ESTAT:ENV_WASMUN(1.0),13/02/25 11:00:00,Annual,Waste generated,Kilograms per capita,Slovakia,2019,421,,
ESTAT:ENV_WASMUN(1.0),13/02/25 11:00:00,Annual,Waste generated,Kilograms per capita,Slovakia,2020,478,,
ESTAT:ENV_WASMUN(1.0),13/02/25 11:00:00,Annual,Waste generated,Kilograms per capita,Slovakia,2021,497,,
ESTAT:ENV_WASMUN(1.0),13/02/25 11:00:00,Annual,Waste generated,Kilograms per capita,Slovakia,2022,478,,
ESTAT:ENV_WASMUN(1.0),13/02/25 11:00:00,Annual,Waste generated,Kilograms per capita,Slovakia,2023,472,,
ESTAT:ENV_WASMUN(1.0),13/02/25 11:00:00,Annual,Waste generated,Kilograms per capita,Türkiye,2014,405,e,
ESTAT:ENV_WASMUN(1.0),13/02/25 11:00:00,Annual,Waste generated,Kilograms per capita,Türkiye,2015,400,e,
ESTAT:ENV_WASMUN(1.0),13/02/25 11:00:00,Annual,Waste generated,Kilograms per capita,Türkiye,2016,426,be,
ESTAT:ENV_WASMUN(1.0),13/02/25 11:00:00,Annual,Waste generated,Kilograms per capita,Türkiye,2017,425,e,
ESTAT:ENV_WASMUN(1.0),13/02/25 11:00:00,Annual,Waste generated,Kilograms per capita,Türkiye,2018,424,e,
ESTAT:ENV_WASMUN(1.0),13/02/25 11:00:00,Annual,Waste generated,Kilograms per capita,Türkiye,2019,424,e,
ESTAT:ENV_WASMUN(1.0),13/02/25 11:00:00,Annual,Waste generated,Kilograms per capita,Türkiye,2020,415,,
ESTAT:ENV_WASMUN(1.0),13/02/25 11:00:00,Annual,Waste generated,Kilograms per capita,Türkiye,2021,416,e,
ESTAT:ENV_WASMUN(1.0),13/02/25 11:00:00,Annual,Waste generated,Kilograms per capita,Türkiye,2022,382,,
ESTAT:ENV_WASMUN(1.0),13/02/25 11:00:00,Annual,Waste generated,Kilograms per capita,Türkiye,2023,380,e,
ESTAT:ENV_WASMUN(1.0),13/02/25 11:00:00,Annual,Waste generated,Kilograms per capita,Kosovo*,2015,178,,
ESTAT:ENV_WASMUN(1.0),13/02/25 11:00:00,Annual,Waste generated,Kilograms per capita,Kosovo*,2017,229,,
ESTAT:ENV_WASMUN(1.0),13/02/25 11:00:00,Annual,Waste generated,Kilograms per capita,Kosovo*,2018,226,,
ESTAT:ENV_WASMUN(1.0),13/02/25 11:00:00,Annual,Waste generated,Kilograms per capita,Kosovo*,2019,252,,
ESTAT:ENV_WASMUN(1.0),13/02/25 11:00:00,Annual,Waste generated,Kilograms per capita,Kosovo*,2020,255,,
ESTAT:ENV_WASMUN(1.0),13/02/25 11:00:00,Annual,Waste generated,Kilograms per capita,Kosovo*,2021,271,,
ESTAT:ENV_WASMUN(1.0),13/02/25 11:00:00,Annual,Waste generated,Kilograms per capita,Kosovo*,2022,283,,
